filepath,relpath,dataset,split
data\processed\augmented\000\frame_0012_face_0_aug_2.jpg,000\frame_0012_face_0_aug_2.jpg,000,train
data\processed\augmented\000\frame_0011_face_0_aug_0.jpg,000\frame_0011_face_0_aug_0.jpg,000,train
data\processed\augmented\000\frame_0000_face_0_aug_2.jpg,000\frame_0000_face_0_aug_2.jpg,000,train
data\processed\augmented\000\frame_0015_face_0_aug_0.jpg,000\frame_0015_face_0_aug_0.jpg,000,train
data\processed\augmented\000\frame_0009_face_0_aug_2.jpg,000\frame_0009_face_0_aug_2.jpg,000,train
data\processed\augmented\000\frame_0007_face_0_aug_1.jpg,000\frame_0007_face_0_aug_1.jpg,000,train
data\processed\augmented\000\frame_0006_face_0_aug_2.jpg,000\frame_0006_face_0_aug_2.jpg,000,train
data\processed\augmented\000\frame_0005_face_0_aug_2.jpg,000\frame_0005_face_0_aug_2.jpg,000,train
data\processed\augmented\000\frame_0010_face_0_aug_1.jpg,000\frame_0010_face_0_aug_1.jpg,000,train
data\processed\augmented\000\frame_0007_face_0_aug_0.jpg,000\frame_0007_face_0_aug_0.jpg,000,train
data\processed\augmented\000\frame_0001_face_0_aug_1.jpg,000\frame_0001_face_0_aug_1.jpg,000,train
data\processed\augmented\000\frame_0015_face_0_aug_2.jpg,000\frame_0015_face_0_aug_2.jpg,000,train
data\processed\augmented\000\frame_0013_face_0_aug_0.jpg,000\frame_0013_face_0_aug_0.jpg,000,train
data\processed\augmented\000\frame_0003_face_0_aug_0.jpg,000\frame_0003_face_0_aug_0.jpg,000,train
data\processed\augmented\000\frame_0008_face_0_aug_1.jpg,000\frame_0008_face_0_aug_1.jpg,000,train
data\processed\augmented\000\frame_0013_face_0_aug_2.jpg,000\frame_0013_face_0_aug_2.jpg,000,train
data\processed\augmented\000\frame_0011_face_0_aug_1.jpg,000\frame_0011_face_0_aug_1.jpg,000,train
data\processed\augmented\000\frame_0002_face_0_aug_2.jpg,000\frame_0002_face_0_aug_2.jpg,000,train
data\processed\augmented\000\frame_0003_face_0_aug_1.jpg,000\frame_0003_face_0_aug_1.jpg,000,train
data\processed\augmented\000\frame_0014_face_0_aug_0.jpg,000\frame_0014_face_0_aug_0.jpg,000,train
data\processed\augmented\000\frame_0001_face_0_aug_0.jpg,000\frame_0001_face_0_aug_0.jpg,000,train
data\processed\augmented\000\frame_0002_face_0_aug_1.jpg,000\frame_0002_face_0_aug_1.jpg,000,train
data\processed\augmented\000\frame_0014_face_0_aug_2.jpg,000\frame_0014_face_0_aug_2.jpg,000,train
data\processed\augmented\000\frame_0006_face_0_aug_0.jpg,000\frame_0006_face_0_aug_0.jpg,000,train
data\processed\augmented\000\frame_0005_face_0_aug_0.jpg,000\frame_0005_face_0_aug_0.jpg,000,train
data\processed\augmented\000\frame_0000_face_0_aug_1.jpg,000\frame_0000_face_0_aug_1.jpg,000,train
data\processed\augmented\000\frame_0010_face_0_aug_0.jpg,000\frame_0010_face_0_aug_0.jpg,000,train
data\processed\augmented\000\frame_0003_face_0_aug_2.jpg,000\frame_0003_face_0_aug_2.jpg,000,train
data\processed\augmented\000\frame_0004_face_0_aug_1.jpg,000\frame_0004_face_0_aug_1.jpg,000,train
data\processed\augmented\000\frame_0010_face_0_aug_2.jpg,000\frame_0010_face_0_aug_2.jpg,000,train
data\processed\augmented\000\frame_0007_face_0_aug_2.jpg,000\frame_0007_face_0_aug_2.jpg,000,train
data\processed\augmented\000\frame_0009_face_0_aug_1.jpg,000\frame_0009_face_0_aug_1.jpg,000,train
data\processed\augmented\001\frame_0016_face_0_aug_2.jpg,001\frame_0016_face_0_aug_2.jpg,001,train
data\processed\augmented\001\frame_0001_face_0_aug_1.jpg,001\frame_0001_face_0_aug_1.jpg,001,train
data\processed\augmented\001\frame_0014_face_0_aug_1.jpg,001\frame_0014_face_0_aug_1.jpg,001,train
data\processed\augmented\001\frame_0005_face_0_aug_2.jpg,001\frame_0005_face_0_aug_2.jpg,001,train
data\processed\augmented\001\frame_0006_face_0_aug_0.jpg,001\frame_0006_face_0_aug_0.jpg,001,train
data\processed\augmented\001\frame_0013_face_0_aug_0.jpg,001\frame_0013_face_0_aug_0.jpg,001,train
data\processed\augmented\001\frame_0012_face_0_aug_1.jpg,001\frame_0012_face_0_aug_1.jpg,001,train
data\processed\augmented\001\frame_0005_face_0_aug_1.jpg,001\frame_0005_face_0_aug_1.jpg,001,train
data\processed\augmented\001\frame_0009_face_0_aug_1.jpg,001\frame_0009_face_0_aug_1.jpg,001,train
data\processed\augmented\001\frame_0005_face_0_aug_0.jpg,001\frame_0005_face_0_aug_0.jpg,001,train
data\processed\augmented\001\frame_0013_face_0_aug_1.jpg,001\frame_0013_face_0_aug_1.jpg,001,train
data\processed\augmented\001\frame_0003_face_0_aug_0.jpg,001\frame_0003_face_0_aug_0.jpg,001,train
data\processed\augmented\001\frame_0000_face_0_aug_1.jpg,001\frame_0000_face_0_aug_1.jpg,001,train
data\processed\augmented\001\frame_0014_face_0_aug_2.jpg,001\frame_0014_face_0_aug_2.jpg,001,train
data\processed\augmented\001\frame_0017_face_0_aug_0.jpg,001\frame_0017_face_0_aug_0.jpg,001,train
data\processed\augmented\001\frame_0004_face_0_aug_0.jpg,001\frame_0004_face_0_aug_0.jpg,001,train
data\processed\augmented\001\frame_0000_face_0_aug_2.jpg,001\frame_0000_face_0_aug_2.jpg,001,train
data\processed\augmented\001\frame_0007_face_0_aug_0.jpg,001\frame_0007_face_0_aug_0.jpg,001,train
data\processed\augmented\001\frame_0002_face_0_aug_2.jpg,001\frame_0002_face_0_aug_2.jpg,001,train
data\processed\augmented\001\frame_0012_face_0_aug_0.jpg,001\frame_0012_face_0_aug_0.jpg,001,train
data\processed\augmented\001\frame_0011_face_0_aug_2.jpg,001\frame_0011_face_0_aug_2.jpg,001,train
data\processed\augmented\001\frame_0015_face_0_aug_2.jpg,001\frame_0015_face_0_aug_2.jpg,001,train
data\processed\augmented\001\frame_0004_face_0_aug_2.jpg,001\frame_0004_face_0_aug_2.jpg,001,train
data\processed\augmented\001\frame_0017_face_0_aug_1.jpg,001\frame_0017_face_0_aug_1.jpg,001,train
data\processed\augmented\001\frame_0001_face_0_aug_0.jpg,001\frame_0001_face_0_aug_0.jpg,001,train
data\processed\augmented\001\frame_0015_face_0_aug_1.jpg,001\frame_0015_face_0_aug_1.jpg,001,train
data\processed\augmented\001\frame_0007_face_0_aug_2.jpg,001\frame_0007_face_0_aug_2.jpg,001,train
data\processed\augmented\001\frame_0003_face_0_aug_2.jpg,001\frame_0003_face_0_aug_2.jpg,001,train
data\processed\augmented\001\frame_0006_face_0_aug_2.jpg,001\frame_0006_face_0_aug_2.jpg,001,train
data\processed\augmented\001\frame_0006_face_0_aug_1.jpg,001\frame_0006_face_0_aug_1.jpg,001,train
data\processed\augmented\001\frame_0008_face_0_aug_1.jpg,001\frame_0008_face_0_aug_1.jpg,001,train
data\processed\augmented\001\frame_0008_face_0_aug_0.jpg,001\frame_0008_face_0_aug_0.jpg,001,train
data\processed\augmented\001\frame_0012_face_0_aug_2.jpg,001\frame_0012_face_0_aug_2.jpg,001,train
data\processed\augmented\001\frame_0018_face_0_aug_0.jpg,001\frame_0018_face_0_aug_0.jpg,001,train
data\processed\augmented\001\frame_0002_face_0_aug_0.jpg,001\frame_0002_face_0_aug_0.jpg,001,train
data\processed\augmented\001\frame_0002_face_0_aug_1.jpg,001\frame_0002_face_0_aug_1.jpg,001,train
data\processed\augmented\001\frame_0017_face_0_aug_2.jpg,001\frame_0017_face_0_aug_2.jpg,001,train
data\processed\augmented\001\frame_0013_face_0_aug_2.jpg,001\frame_0013_face_0_aug_2.jpg,001,train
data\processed\augmented\001\frame_0007_face_0_aug_1.jpg,001\frame_0007_face_0_aug_1.jpg,001,train
data\processed\augmented\002\frame_0014_face_0_aug_0.jpg,002\frame_0014_face_0_aug_0.jpg,002,train
data\processed\augmented\002\frame_0026_face_0_aug_1.jpg,002\frame_0026_face_0_aug_1.jpg,002,train
data\processed\augmented\002\frame_0001_face_0_aug_0.jpg,002\frame_0001_face_0_aug_0.jpg,002,train
data\processed\augmented\002\frame_0000_face_0_aug_1.jpg,002\frame_0000_face_0_aug_1.jpg,002,train
data\processed\augmented\002\frame_0002_face_0_aug_0.jpg,002\frame_0002_face_0_aug_0.jpg,002,train
data\processed\augmented\002\frame_0009_face_0_aug_2.jpg,002\frame_0009_face_0_aug_2.jpg,002,train
data\processed\augmented\002\frame_0005_face_0_aug_0.jpg,002\frame_0005_face_0_aug_0.jpg,002,train
data\processed\augmented\002\frame_0011_face_0_aug_1.jpg,002\frame_0011_face_0_aug_1.jpg,002,train
data\processed\augmented\002\frame_0022_face_0_aug_0.jpg,002\frame_0022_face_0_aug_0.jpg,002,train
data\processed\augmented\002\frame_0013_face_0_aug_2.jpg,002\frame_0013_face_0_aug_2.jpg,002,train
data\processed\augmented\002\frame_0004_face_0_aug_1.jpg,002\frame_0004_face_0_aug_1.jpg,002,train
data\processed\augmented\002\frame_0003_face_0_aug_2.jpg,002\frame_0003_face_0_aug_2.jpg,002,train
data\processed\augmented\002\frame_0019_face_0_aug_2.jpg,002\frame_0019_face_0_aug_2.jpg,002,train
data\processed\augmented\002\frame_0025_face_0_aug_2.jpg,002\frame_0025_face_0_aug_2.jpg,002,train
data\processed\augmented\002\frame_0008_face_0_aug_2.jpg,002\frame_0008_face_0_aug_2.jpg,002,train
data\processed\augmented\002\frame_0008_face_0_aug_0.jpg,002\frame_0008_face_0_aug_0.jpg,002,train
data\processed\augmented\002\frame_0005_face_0_aug_1.jpg,002\frame_0005_face_0_aug_1.jpg,002,train
data\processed\augmented\002\frame_0012_face_0_aug_1.jpg,002\frame_0012_face_0_aug_1.jpg,002,train
data\processed\augmented\002\frame_0015_face_0_aug_1.jpg,002\frame_0015_face_0_aug_1.jpg,002,train
data\processed\augmented\002\frame_0023_face_0_aug_0.jpg,002\frame_0023_face_0_aug_0.jpg,002,train
data\processed\augmented\002\frame_0016_face_0_aug_2.jpg,002\frame_0016_face_0_aug_2.jpg,002,train
data\processed\augmented\002\frame_0001_face_0_aug_2.jpg,002\frame_0001_face_0_aug_2.jpg,002,train
data\processed\augmented\002\frame_0017_face_0_aug_0.jpg,002\frame_0017_face_0_aug_0.jpg,002,train
data\processed\augmented\002\frame_0011_face_0_aug_0.jpg,002\frame_0011_face_0_aug_0.jpg,002,train
data\processed\augmented\002\frame_0014_face_0_aug_2.jpg,002\frame_0014_face_0_aug_2.jpg,002,train
data\processed\augmented\002\frame_0020_face_0_aug_1.jpg,002\frame_0020_face_0_aug_1.jpg,002,train
data\processed\augmented\002\frame_0010_face_0_aug_0.jpg,002\frame_0010_face_0_aug_0.jpg,002,train
data\processed\augmented\002\frame_0024_face_0_aug_0.jpg,002\frame_0024_face_0_aug_0.jpg,002,train
data\processed\augmented\002\frame_0016_face_0_aug_1.jpg,002\frame_0016_face_0_aug_1.jpg,002,train
data\processed\augmented\002\frame_0012_face_0_aug_0.jpg,002\frame_0012_face_0_aug_0.jpg,002,train
data\processed\augmented\002\frame_0024_face_0_aug_2.jpg,002\frame_0024_face_0_aug_2.jpg,002,train
data\processed\augmented\002\frame_0007_face_0_aug_2.jpg,002\frame_0007_face_0_aug_2.jpg,002,train
data\processed\augmented\002\frame_0004_face_0_aug_2.jpg,002\frame_0004_face_0_aug_2.jpg,002,train
data\processed\augmented\002\frame_0010_face_0_aug_1.jpg,002\frame_0010_face_0_aug_1.jpg,002,train
data\processed\augmented\002\frame_0017_face_0_aug_2.jpg,002\frame_0017_face_0_aug_2.jpg,002,train
data\processed\augmented\002\frame_0027_face_0_aug_1.jpg,002\frame_0027_face_0_aug_1.jpg,002,train
data\processed\augmented\002\frame_0008_face_0_aug_1.jpg,002\frame_0008_face_0_aug_1.jpg,002,train
data\processed\augmented\002\frame_0014_face_0_aug_1.jpg,002\frame_0014_face_0_aug_1.jpg,002,train
data\processed\augmented\002\frame_0006_face_0_aug_1.jpg,002\frame_0006_face_0_aug_1.jpg,002,train
data\processed\augmented\002\frame_0023_face_0_aug_2.jpg,002\frame_0023_face_0_aug_2.jpg,002,train
data\processed\augmented\002\frame_0026_face_0_aug_0.jpg,002\frame_0026_face_0_aug_0.jpg,002,train
data\processed\augmented\002\frame_0003_face_0_aug_0.jpg,002\frame_0003_face_0_aug_0.jpg,002,train
data\processed\augmented\002\frame_0012_face_0_aug_2.jpg,002\frame_0012_face_0_aug_2.jpg,002,train
data\processed\augmented\002\frame_0020_face_0_aug_0.jpg,002\frame_0020_face_0_aug_0.jpg,002,train
data\processed\augmented\002\frame_0000_face_0_aug_2.jpg,002\frame_0000_face_0_aug_2.jpg,002,train
data\processed\augmented\002\frame_0025_face_0_aug_0.jpg,002\frame_0025_face_0_aug_0.jpg,002,train
data\processed\augmented\002\frame_0020_face_0_aug_2.jpg,002\frame_0020_face_0_aug_2.jpg,002,train
data\processed\augmented\002\frame_0009_face_0_aug_0.jpg,002\frame_0009_face_0_aug_0.jpg,002,train
data\processed\augmented\002\frame_0006_face_0_aug_2.jpg,002\frame_0006_face_0_aug_2.jpg,002,train
data\processed\augmented\002\frame_0018_face_0_aug_1.jpg,002\frame_0018_face_0_aug_1.jpg,002,train
data\processed\augmented\002\frame_0010_face_0_aug_2.jpg,002\frame_0010_face_0_aug_2.jpg,002,train
data\processed\augmented\002\frame_0002_face_0_aug_1.jpg,002\frame_0002_face_0_aug_1.jpg,002,train
data\processed\augmented\002\frame_0018_face_0_aug_0.jpg,002\frame_0018_face_0_aug_0.jpg,002,train
data\processed\augmented\002\frame_0018_face_0_aug_2.jpg,002\frame_0018_face_0_aug_2.jpg,002,train
data\processed\augmented\002\frame_0021_face_0_aug_1.jpg,002\frame_0021_face_0_aug_1.jpg,002,train
data\processed\augmented\002\frame_0017_face_0_aug_1.jpg,002\frame_0017_face_0_aug_1.jpg,002,train
data\processed\augmented\002\frame_0015_face_0_aug_0.jpg,002\frame_0015_face_0_aug_0.jpg,002,train
data\processed\augmented\002\frame_0019_face_0_aug_0.jpg,002\frame_0019_face_0_aug_0.jpg,002,train
data\processed\augmented\003\frame_0004_face_0_aug_2.jpg,003\frame_0004_face_0_aug_2.jpg,003,train
data\processed\augmented\003\frame_0008_face_0_aug_1.jpg,003\frame_0008_face_0_aug_1.jpg,003,train
data\processed\augmented\003\frame_0003_face_0_aug_2.jpg,003\frame_0003_face_0_aug_2.jpg,003,train
data\processed\augmented\003\frame_0007_face_0_aug_0.jpg,003\frame_0007_face_0_aug_0.jpg,003,train
data\processed\augmented\003\frame_0003_face_0_aug_0.jpg,003\frame_0003_face_0_aug_0.jpg,003,train
data\processed\augmented\003\frame_0011_face_0_aug_0.jpg,003\frame_0011_face_0_aug_0.jpg,003,train
data\processed\augmented\003\frame_0011_face_0_aug_1.jpg,003\frame_0011_face_0_aug_1.jpg,003,train
data\processed\augmented\003\frame_0000_face_0_aug_1.jpg,003\frame_0000_face_0_aug_1.jpg,003,train
data\processed\augmented\003\frame_0001_face_0_aug_2.jpg,003\frame_0001_face_0_aug_2.jpg,003,train
data\processed\augmented\003\frame_0007_face_0_aug_1.jpg,003\frame_0007_face_0_aug_1.jpg,003,train
data\processed\augmented\003\frame_0004_face_0_aug_0.jpg,003\frame_0004_face_0_aug_0.jpg,003,train
data\processed\augmented\003\frame_0002_face_0_aug_2.jpg,003\frame_0002_face_0_aug_2.jpg,003,train
data\processed\augmented\003\frame_0002_face_0_aug_0.jpg,003\frame_0002_face_0_aug_0.jpg,003,train
data\processed\augmented\003\frame_0005_face_0_aug_2.jpg,003\frame_0005_face_0_aug_2.jpg,003,train
data\processed\augmented\003\frame_0003_face_0_aug_1.jpg,003\frame_0003_face_0_aug_1.jpg,003,train
data\processed\augmented\003\frame_0006_face_0_aug_2.jpg,003\frame_0006_face_0_aug_2.jpg,003,train
data\processed\augmented\003\frame_0010_face_0_aug_2.jpg,003\frame_0010_face_0_aug_2.jpg,003,train
data\processed\augmented\003\frame_0009_face_0_aug_1.jpg,003\frame_0009_face_0_aug_1.jpg,003,train
data\processed\augmented\003\frame_0009_face_0_aug_0.jpg,003\frame_0009_face_0_aug_0.jpg,003,train
data\processed\augmented\003\frame_0001_face_0_aug_1.jpg,003\frame_0001_face_0_aug_1.jpg,003,train
data\processed\augmented\003\frame_0006_face_0_aug_1.jpg,003\frame_0006_face_0_aug_1.jpg,003,train
data\processed\augmented\003\frame_0008_face_0_aug_0.jpg,003\frame_0008_face_0_aug_0.jpg,003,train
data\processed\augmented\003\frame_0007_face_0_aug_2.jpg,003\frame_0007_face_0_aug_2.jpg,003,train
data\processed\augmented\003\frame_0000_face_0_aug_0.jpg,003\frame_0000_face_0_aug_0.jpg,003,train
data\processed\augmented\004\frame_0004_face_0_aug_2.jpg,004\frame_0004_face_0_aug_2.jpg,004,train
data\processed\augmented\004\frame_0008_face_0_aug_1.jpg,004\frame_0008_face_0_aug_1.jpg,004,train
data\processed\augmented\004\frame_0003_face_0_aug_2.jpg,004\frame_0003_face_0_aug_2.jpg,004,train
data\processed\augmented\004\frame_0007_face_0_aug_0.jpg,004\frame_0007_face_0_aug_0.jpg,004,train
data\processed\augmented\004\frame_0003_face_0_aug_0.jpg,004\frame_0003_face_0_aug_0.jpg,004,train
data\processed\augmented\004\frame_0011_face_0_aug_0.jpg,004\frame_0011_face_0_aug_0.jpg,004,train
data\processed\augmented\004\frame_0011_face_0_aug_1.jpg,004\frame_0011_face_0_aug_1.jpg,004,train
data\processed\augmented\004\frame_0000_face_0_aug_1.jpg,004\frame_0000_face_0_aug_1.jpg,004,train
data\processed\augmented\004\frame_0001_face_0_aug_2.jpg,004\frame_0001_face_0_aug_2.jpg,004,train
data\processed\augmented\004\frame_0007_face_0_aug_1.jpg,004\frame_0007_face_0_aug_1.jpg,004,train
data\processed\augmented\004\frame_0004_face_0_aug_0.jpg,004\frame_0004_face_0_aug_0.jpg,004,train
data\processed\augmented\004\frame_0002_face_0_aug_2.jpg,004\frame_0002_face_0_aug_2.jpg,004,train
data\processed\augmented\004\frame_0002_face_0_aug_0.jpg,004\frame_0002_face_0_aug_0.jpg,004,train
data\processed\augmented\004\frame_0005_face_0_aug_2.jpg,004\frame_0005_face_0_aug_2.jpg,004,train
data\processed\augmented\004\frame_0003_face_0_aug_1.jpg,004\frame_0003_face_0_aug_1.jpg,004,train
data\processed\augmented\004\frame_0006_face_0_aug_2.jpg,004\frame_0006_face_0_aug_2.jpg,004,train
data\processed\augmented\004\frame_0010_face_0_aug_2.jpg,004\frame_0010_face_0_aug_2.jpg,004,train
data\processed\augmented\004\frame_0009_face_0_aug_1.jpg,004\frame_0009_face_0_aug_1.jpg,004,train
data\processed\augmented\004\frame_0009_face_0_aug_0.jpg,004\frame_0009_face_0_aug_0.jpg,004,train
data\processed\augmented\004\frame_0001_face_0_aug_1.jpg,004\frame_0001_face_0_aug_1.jpg,004,train
data\processed\augmented\004\frame_0006_face_0_aug_1.jpg,004\frame_0006_face_0_aug_1.jpg,004,train
data\processed\augmented\004\frame_0008_face_0_aug_0.jpg,004\frame_0008_face_0_aug_0.jpg,004,train
data\processed\augmented\004\frame_0007_face_0_aug_2.jpg,004\frame_0007_face_0_aug_2.jpg,004,train
data\processed\augmented\004\frame_0000_face_0_aug_0.jpg,004\frame_0000_face_0_aug_0.jpg,004,train
data\processed\augmented\005\frame_0012_face_0_aug_2.jpg,005\frame_0012_face_0_aug_2.jpg,005,train
data\processed\augmented\005\frame_0011_face_0_aug_0.jpg,005\frame_0011_face_0_aug_0.jpg,005,train
data\processed\augmented\005\frame_0000_face_0_aug_2.jpg,005\frame_0000_face_0_aug_2.jpg,005,train
data\processed\augmented\005\frame_0015_face_0_aug_0.jpg,005\frame_0015_face_0_aug_0.jpg,005,train
data\processed\augmented\005\frame_0009_face_0_aug_2.jpg,005\frame_0009_face_0_aug_2.jpg,005,train
data\processed\augmented\005\frame_0007_face_0_aug_1.jpg,005\frame_0007_face_0_aug_1.jpg,005,train
data\processed\augmented\005\frame_0006_face_0_aug_2.jpg,005\frame_0006_face_0_aug_2.jpg,005,train
data\processed\augmented\005\frame_0005_face_0_aug_2.jpg,005\frame_0005_face_0_aug_2.jpg,005,train
data\processed\augmented\005\frame_0010_face_0_aug_1.jpg,005\frame_0010_face_0_aug_1.jpg,005,train
data\processed\augmented\005\frame_0007_face_0_aug_0.jpg,005\frame_0007_face_0_aug_0.jpg,005,train
data\processed\augmented\005\frame_0001_face_0_aug_1.jpg,005\frame_0001_face_0_aug_1.jpg,005,train
data\processed\augmented\005\frame_0015_face_0_aug_2.jpg,005\frame_0015_face_0_aug_2.jpg,005,train
data\processed\augmented\005\frame_0013_face_0_aug_0.jpg,005\frame_0013_face_0_aug_0.jpg,005,train
data\processed\augmented\005\frame_0003_face_0_aug_0.jpg,005\frame_0003_face_0_aug_0.jpg,005,train
data\processed\augmented\005\frame_0008_face_0_aug_1.jpg,005\frame_0008_face_0_aug_1.jpg,005,train
data\processed\augmented\005\frame_0013_face_0_aug_2.jpg,005\frame_0013_face_0_aug_2.jpg,005,train
data\processed\augmented\005\frame_0011_face_0_aug_1.jpg,005\frame_0011_face_0_aug_1.jpg,005,train
data\processed\augmented\005\frame_0002_face_0_aug_2.jpg,005\frame_0002_face_0_aug_2.jpg,005,train
data\processed\augmented\005\frame_0003_face_0_aug_1.jpg,005\frame_0003_face_0_aug_1.jpg,005,train
data\processed\augmented\005\frame_0014_face_0_aug_0.jpg,005\frame_0014_face_0_aug_0.jpg,005,train
data\processed\augmented\005\frame_0001_face_0_aug_0.jpg,005\frame_0001_face_0_aug_0.jpg,005,train
data\processed\augmented\005\frame_0002_face_0_aug_1.jpg,005\frame_0002_face_0_aug_1.jpg,005,train
data\processed\augmented\005\frame_0014_face_0_aug_2.jpg,005\frame_0014_face_0_aug_2.jpg,005,train
data\processed\augmented\005\frame_0006_face_0_aug_0.jpg,005\frame_0006_face_0_aug_0.jpg,005,train
data\processed\augmented\005\frame_0005_face_0_aug_0.jpg,005\frame_0005_face_0_aug_0.jpg,005,train
data\processed\augmented\005\frame_0000_face_0_aug_1.jpg,005\frame_0000_face_0_aug_1.jpg,005,train
data\processed\augmented\005\frame_0010_face_0_aug_0.jpg,005\frame_0010_face_0_aug_0.jpg,005,train
data\processed\augmented\005\frame_0003_face_0_aug_2.jpg,005\frame_0003_face_0_aug_2.jpg,005,train
data\processed\augmented\005\frame_0004_face_0_aug_1.jpg,005\frame_0004_face_0_aug_1.jpg,005,train
data\processed\augmented\005\frame_0010_face_0_aug_2.jpg,005\frame_0010_face_0_aug_2.jpg,005,train
data\processed\augmented\005\frame_0007_face_0_aug_2.jpg,005\frame_0007_face_0_aug_2.jpg,005,train
data\processed\augmented\005\frame_0009_face_0_aug_1.jpg,005\frame_0009_face_0_aug_1.jpg,005,train
data\processed\augmented\006\frame_0004_face_0_aug_2.jpg,006\frame_0004_face_0_aug_2.jpg,006,train
data\processed\augmented\006\frame_0008_face_0_aug_1.jpg,006\frame_0008_face_0_aug_1.jpg,006,train
data\processed\augmented\006\frame_0003_face_0_aug_2.jpg,006\frame_0003_face_0_aug_2.jpg,006,train
data\processed\augmented\006\frame_0007_face_0_aug_0.jpg,006\frame_0007_face_0_aug_0.jpg,006,train
data\processed\augmented\006\frame_0003_face_0_aug_0.jpg,006\frame_0003_face_0_aug_0.jpg,006,train
data\processed\augmented\006\frame_0011_face_0_aug_0.jpg,006\frame_0011_face_0_aug_0.jpg,006,train
data\processed\augmented\006\frame_0011_face_0_aug_1.jpg,006\frame_0011_face_0_aug_1.jpg,006,train
data\processed\augmented\006\frame_0000_face_0_aug_1.jpg,006\frame_0000_face_0_aug_1.jpg,006,train
data\processed\augmented\006\frame_0001_face_0_aug_2.jpg,006\frame_0001_face_0_aug_2.jpg,006,train
data\processed\augmented\006\frame_0007_face_0_aug_1.jpg,006\frame_0007_face_0_aug_1.jpg,006,train
data\processed\augmented\006\frame_0004_face_0_aug_0.jpg,006\frame_0004_face_0_aug_0.jpg,006,train
data\processed\augmented\006\frame_0002_face_0_aug_2.jpg,006\frame_0002_face_0_aug_2.jpg,006,train
data\processed\augmented\006\frame_0002_face_0_aug_0.jpg,006\frame_0002_face_0_aug_0.jpg,006,train
data\processed\augmented\006\frame_0005_face_0_aug_2.jpg,006\frame_0005_face_0_aug_2.jpg,006,train
data\processed\augmented\006\frame_0003_face_0_aug_1.jpg,006\frame_0003_face_0_aug_1.jpg,006,train
data\processed\augmented\006\frame_0006_face_0_aug_2.jpg,006\frame_0006_face_0_aug_2.jpg,006,train
data\processed\augmented\006\frame_0010_face_0_aug_2.jpg,006\frame_0010_face_0_aug_2.jpg,006,train
data\processed\augmented\006\frame_0009_face_0_aug_1.jpg,006\frame_0009_face_0_aug_1.jpg,006,train
data\processed\augmented\006\frame_0009_face_0_aug_0.jpg,006\frame_0009_face_0_aug_0.jpg,006,train
data\processed\augmented\006\frame_0001_face_0_aug_1.jpg,006\frame_0001_face_0_aug_1.jpg,006,train
data\processed\augmented\006\frame_0006_face_0_aug_1.jpg,006\frame_0006_face_0_aug_1.jpg,006,train
data\processed\augmented\006\frame_0008_face_0_aug_0.jpg,006\frame_0008_face_0_aug_0.jpg,006,train
data\processed\augmented\006\frame_0007_face_0_aug_2.jpg,006\frame_0007_face_0_aug_2.jpg,006,train
data\processed\augmented\006\frame_0000_face_0_aug_0.jpg,006\frame_0000_face_0_aug_0.jpg,006,train
data\processed\augmented\007\frame_0015_face_0_aug_1.jpg,007\frame_0015_face_0_aug_1.jpg,007,train
data\processed\augmented\007\frame_0016_face_0_aug_0.jpg,007\frame_0016_face_0_aug_0.jpg,007,train
data\processed\augmented\007\frame_0015_face_0_aug_0.jpg,007\frame_0015_face_0_aug_0.jpg,007,train
data\processed\augmented\007\frame_0001_face_0_aug_0.jpg,007\frame_0001_face_0_aug_0.jpg,007,train
data\processed\augmented\007\frame_0000_face_0_aug_1.jpg,007\frame_0000_face_0_aug_1.jpg,007,train
data\processed\augmented\007\frame_0011_face_0_aug_1.jpg,007\frame_0011_face_0_aug_1.jpg,007,train
data\processed\augmented\007\frame_0016_face_0_aug_2.jpg,007\frame_0016_face_0_aug_2.jpg,007,train
data\processed\augmented\007\frame_0008_face_0_aug_2.jpg,007\frame_0008_face_0_aug_2.jpg,007,train
data\processed\augmented\007\frame_0006_face_0_aug_0.jpg,007\frame_0006_face_0_aug_0.jpg,007,train
data\processed\augmented\007\frame_0015_face_0_aug_2.jpg,007\frame_0015_face_0_aug_2.jpg,007,train
data\processed\augmented\007\frame_0004_face_0_aug_2.jpg,007\frame_0004_face_0_aug_2.jpg,007,train
data\processed\augmented\007\frame_0017_face_0_aug_2.jpg,007\frame_0017_face_0_aug_2.jpg,007,train
data\processed\augmented\007\frame_0002_face_0_aug_2.jpg,007\frame_0002_face_0_aug_2.jpg,007,train
data\processed\augmented\007\frame_0013_face_0_aug_2.jpg,007\frame_0013_face_0_aug_2.jpg,007,train
data\processed\augmented\007\frame_0014_face_0_aug_2.jpg,007\frame_0014_face_0_aug_2.jpg,007,train
data\processed\augmented\007\frame_0000_face_0_aug_2.jpg,007\frame_0000_face_0_aug_2.jpg,007,train
data\processed\augmented\007\frame_0008_face_0_aug_0.jpg,007\frame_0008_face_0_aug_0.jpg,007,train
data\processed\augmented\007\frame_0011_face_0_aug_0.jpg,007\frame_0011_face_0_aug_0.jpg,007,train
data\processed\augmented\007\frame_0018_face_0_aug_1.jpg,007\frame_0018_face_0_aug_1.jpg,007,train
data\processed\augmented\007\frame_0006_face_0_aug_2.jpg,007\frame_0006_face_0_aug_2.jpg,007,train
data\processed\augmented\007\frame_0003_face_0_aug_2.jpg,007\frame_0003_face_0_aug_2.jpg,007,train
data\processed\augmented\007\frame_0012_face_0_aug_1.jpg,007\frame_0012_face_0_aug_1.jpg,007,train
data\processed\augmented\007\frame_0011_face_0_aug_2.jpg,007\frame_0011_face_0_aug_2.jpg,007,train
data\processed\augmented\007\frame_0018_face_0_aug_2.jpg,007\frame_0018_face_0_aug_2.jpg,007,train
data\processed\augmented\007\frame_0020_face_0_aug_2.jpg,007\frame_0020_face_0_aug_2.jpg,007,train
data\processed\augmented\007\frame_0003_face_0_aug_0.jpg,007\frame_0003_face_0_aug_0.jpg,007,train
data\processed\augmented\007\frame_0019_face_0_aug_2.jpg,007\frame_0019_face_0_aug_2.jpg,007,train
data\processed\augmented\007\frame_0013_face_0_aug_1.jpg,007\frame_0013_face_0_aug_1.jpg,007,train
data\processed\augmented\007\frame_0007_face_0_aug_2.jpg,007\frame_0007_face_0_aug_2.jpg,007,train
data\processed\augmented\007\frame_0007_face_0_aug_0.jpg,007\frame_0007_face_0_aug_0.jpg,007,train
data\processed\augmented\007\frame_0009_face_0_aug_0.jpg,007\frame_0009_face_0_aug_0.jpg,007,train
data\processed\augmented\007\frame_0014_face_0_aug_0.jpg,007\frame_0014_face_0_aug_0.jpg,007,train
data\processed\augmented\007\frame_0002_face_0_aug_0.jpg,007\frame_0002_face_0_aug_0.jpg,007,train
data\processed\augmented\007\frame_0005_face_0_aug_0.jpg,007\frame_0005_face_0_aug_0.jpg,007,train
data\processed\augmented\007\frame_0010_face_0_aug_1.jpg,007\frame_0010_face_0_aug_1.jpg,007,train
data\processed\augmented\007\frame_0012_face_0_aug_2.jpg,007\frame_0012_face_0_aug_2.jpg,007,train
data\processed\augmented\007\frame_0019_face_0_aug_1.jpg,007\frame_0019_face_0_aug_1.jpg,007,train
data\processed\augmented\007\frame_0005_face_0_aug_2.jpg,007\frame_0005_face_0_aug_2.jpg,007,train
data\processed\augmented\007\frame_0003_face_0_aug_1.jpg,007\frame_0003_face_0_aug_1.jpg,007,train
data\processed\augmented\007\frame_0006_face_0_aug_1.jpg,007\frame_0006_face_0_aug_1.jpg,007,train
data\processed\augmented\007\frame_0010_face_0_aug_2.jpg,007\frame_0010_face_0_aug_2.jpg,007,train
data\processed\augmented\007\frame_0017_face_0_aug_0.jpg,007\frame_0017_face_0_aug_0.jpg,007,train
data\processed\augmented\007\frame_0013_face_0_aug_0.jpg,007\frame_0013_face_0_aug_0.jpg,007,train
data\processed\augmented\008\frame_0004_face_0_aug_2.jpg,008\frame_0004_face_0_aug_2.jpg,008,train
data\processed\augmented\008\frame_0014_face_0_aug_0.jpg,008\frame_0014_face_0_aug_0.jpg,008,train
data\processed\augmented\008\frame_0001_face_0_aug_2.jpg,008\frame_0001_face_0_aug_2.jpg,008,train
data\processed\augmented\008\frame_0017_face_0_aug_1.jpg,008\frame_0017_face_0_aug_1.jpg,008,train
data\processed\augmented\008\frame_0010_face_0_aug_0.jpg,008\frame_0010_face_0_aug_0.jpg,008,train
data\processed\augmented\008\frame_0013_face_0_aug_0.jpg,008\frame_0013_face_0_aug_0.jpg,008,train
data\processed\augmented\008\frame_0016_face_0_aug_1.jpg,008\frame_0016_face_0_aug_1.jpg,008,train
data\processed\augmented\008\frame_0008_face_0_aug_0.jpg,008\frame_0008_face_0_aug_0.jpg,008,train
data\processed\augmented\008\frame_0007_face_0_aug_1.jpg,008\frame_0007_face_0_aug_1.jpg,008,train
data\processed\augmented\008\frame_0003_face_0_aug_2.jpg,008\frame_0003_face_0_aug_2.jpg,008,train
data\processed\augmented\008\frame_0024_face_0_aug_2.jpg,008\frame_0024_face_0_aug_2.jpg,008,train
data\processed\augmented\008\frame_0021_face_0_aug_0.jpg,008\frame_0021_face_0_aug_0.jpg,008,train
data\processed\augmented\008\frame_0000_face_0_aug_1.jpg,008\frame_0000_face_0_aug_1.jpg,008,train
data\processed\augmented\008\frame_0021_face_0_aug_1.jpg,008\frame_0021_face_0_aug_1.jpg,008,train
data\processed\augmented\008\frame_0006_face_0_aug_2.jpg,008\frame_0006_face_0_aug_2.jpg,008,train
data\processed\augmented\008\frame_0018_face_0_aug_1.jpg,008\frame_0018_face_0_aug_1.jpg,008,train
data\processed\augmented\008\frame_0020_face_0_aug_0.jpg,008\frame_0020_face_0_aug_0.jpg,008,train
data\processed\augmented\008\frame_0005_face_0_aug_2.jpg,008\frame_0005_face_0_aug_2.jpg,008,train
data\processed\augmented\008\frame_0019_face_0_aug_2.jpg,008\frame_0019_face_0_aug_2.jpg,008,train
data\processed\augmented\008\frame_0019_face_0_aug_0.jpg,008\frame_0019_face_0_aug_0.jpg,008,train
data\processed\augmented\008\frame_0005_face_0_aug_0.jpg,008\frame_0005_face_0_aug_0.jpg,008,train
data\processed\augmented\008\frame_0001_face_0_aug_0.jpg,008\frame_0001_face_0_aug_0.jpg,008,train
data\processed\augmented\008\frame_0004_face_0_aug_1.jpg,008\frame_0004_face_0_aug_1.jpg,008,train
data\processed\augmented\008\frame_0021_face_0_aug_2.jpg,008\frame_0021_face_0_aug_2.jpg,008,train
data\processed\augmented\008\frame_0011_face_0_aug_2.jpg,008\frame_0011_face_0_aug_2.jpg,008,train
data\processed\augmented\008\frame_0012_face_0_aug_0.jpg,008\frame_0012_face_0_aug_0.jpg,008,train
data\processed\augmented\008\frame_0007_face_0_aug_0.jpg,008\frame_0007_face_0_aug_0.jpg,008,train
data\processed\augmented\008\frame_0007_face_0_aug_2.jpg,008\frame_0007_face_0_aug_2.jpg,008,train
data\processed\augmented\008\frame_0009_face_0_aug_0.jpg,008\frame_0009_face_0_aug_0.jpg,008,train
data\processed\augmented\008\frame_0002_face_0_aug_2.jpg,008\frame_0002_face_0_aug_2.jpg,008,train
data\processed\augmented\008\frame_0010_face_0_aug_2.jpg,008\frame_0010_face_0_aug_2.jpg,008,train
data\processed\augmented\008\frame_0003_face_0_aug_0.jpg,008\frame_0003_face_0_aug_0.jpg,008,train
data\processed\augmented\008\frame_0019_face_0_aug_1.jpg,008\frame_0019_face_0_aug_1.jpg,008,train
data\processed\augmented\008\frame_0015_face_0_aug_0.jpg,008\frame_0015_face_0_aug_0.jpg,008,train
data\processed\augmented\008\frame_0012_face_0_aug_1.jpg,008\frame_0012_face_0_aug_1.jpg,008,train
data\processed\augmented\008\frame_0008_face_0_aug_2.jpg,008\frame_0008_face_0_aug_2.jpg,008,train
data\processed\augmented\008\frame_0024_face_0_aug_1.jpg,008\frame_0024_face_0_aug_1.jpg,008,train
data\processed\augmented\008\frame_0013_face_0_aug_1.jpg,008\frame_0013_face_0_aug_1.jpg,008,train
data\processed\augmented\008\frame_0014_face_0_aug_1.jpg,008\frame_0014_face_0_aug_1.jpg,008,train
data\processed\augmented\008\frame_0005_face_0_aug_1.jpg,008\frame_0005_face_0_aug_1.jpg,008,train
data\processed\augmented\008\frame_0008_face_0_aug_1.jpg,008\frame_0008_face_0_aug_1.jpg,008,train
data\processed\augmented\008\frame_0015_face_0_aug_1.jpg,008\frame_0015_face_0_aug_1.jpg,008,train
data\processed\augmented\008\frame_0017_face_0_aug_0.jpg,008\frame_0017_face_0_aug_0.jpg,008,train
data\processed\augmented\008\frame_0006_face_0_aug_1.jpg,008\frame_0006_face_0_aug_1.jpg,008,train
data\processed\augmented\008\frame_0011_face_0_aug_0.jpg,008\frame_0011_face_0_aug_0.jpg,008,train
data\processed\augmented\008\frame_0020_face_0_aug_1.jpg,008\frame_0020_face_0_aug_1.jpg,008,train
data\processed\augmented\008\frame_0002_face_0_aug_1.jpg,008\frame_0002_face_0_aug_1.jpg,008,train
data\processed\augmented\008\frame_0012_face_0_aug_2.jpg,008\frame_0012_face_0_aug_2.jpg,008,train
data\processed\augmented\008\frame_0023_face_0_aug_1.jpg,008\frame_0023_face_0_aug_1.jpg,008,train
data\processed\augmented\008\frame_0013_face_0_aug_2.jpg,008\frame_0013_face_0_aug_2.jpg,008,train
data\processed\augmented\009\frame_0004_face_0_aug_2.jpg,009\frame_0004_face_0_aug_2.jpg,009,train
data\processed\augmented\009\frame_0014_face_0_aug_0.jpg,009\frame_0014_face_0_aug_0.jpg,009,train
data\processed\augmented\009\frame_0001_face_0_aug_2.jpg,009\frame_0001_face_0_aug_2.jpg,009,train
data\processed\augmented\009\frame_0017_face_0_aug_1.jpg,009\frame_0017_face_0_aug_1.jpg,009,train
data\processed\augmented\009\frame_0010_face_0_aug_0.jpg,009\frame_0010_face_0_aug_0.jpg,009,train
data\processed\augmented\009\frame_0013_face_0_aug_0.jpg,009\frame_0013_face_0_aug_0.jpg,009,train
data\processed\augmented\009\frame_0016_face_0_aug_1.jpg,009\frame_0016_face_0_aug_1.jpg,009,train
data\processed\augmented\009\frame_0008_face_0_aug_0.jpg,009\frame_0008_face_0_aug_0.jpg,009,train
data\processed\augmented\009\frame_0007_face_0_aug_1.jpg,009\frame_0007_face_0_aug_1.jpg,009,train
data\processed\augmented\009\frame_0003_face_0_aug_2.jpg,009\frame_0003_face_0_aug_2.jpg,009,train
data\processed\augmented\009\frame_0023_face_0_aug_2.jpg,009\frame_0023_face_0_aug_2.jpg,009,train
data\processed\augmented\009\frame_0021_face_0_aug_0.jpg,009\frame_0021_face_0_aug_0.jpg,009,train
data\processed\augmented\009\frame_0000_face_0_aug_1.jpg,009\frame_0000_face_0_aug_1.jpg,009,train
data\processed\augmented\009\frame_0021_face_0_aug_1.jpg,009\frame_0021_face_0_aug_1.jpg,009,train
data\processed\augmented\009\frame_0006_face_0_aug_2.jpg,009\frame_0006_face_0_aug_2.jpg,009,train
data\processed\augmented\009\frame_0018_face_0_aug_1.jpg,009\frame_0018_face_0_aug_1.jpg,009,train
data\processed\augmented\009\frame_0020_face_0_aug_0.jpg,009\frame_0020_face_0_aug_0.jpg,009,train
data\processed\augmented\009\frame_0005_face_0_aug_2.jpg,009\frame_0005_face_0_aug_2.jpg,009,train
data\processed\augmented\009\frame_0019_face_0_aug_2.jpg,009\frame_0019_face_0_aug_2.jpg,009,train
data\processed\augmented\009\frame_0019_face_0_aug_0.jpg,009\frame_0019_face_0_aug_0.jpg,009,train
data\processed\augmented\009\frame_0005_face_0_aug_0.jpg,009\frame_0005_face_0_aug_0.jpg,009,train
data\processed\augmented\009\frame_0001_face_0_aug_0.jpg,009\frame_0001_face_0_aug_0.jpg,009,train
data\processed\augmented\009\frame_0004_face_0_aug_1.jpg,009\frame_0004_face_0_aug_1.jpg,009,train
data\processed\augmented\009\frame_0021_face_0_aug_2.jpg,009\frame_0021_face_0_aug_2.jpg,009,train
data\processed\augmented\009\frame_0011_face_0_aug_2.jpg,009\frame_0011_face_0_aug_2.jpg,009,train
data\processed\augmented\009\frame_0012_face_0_aug_0.jpg,009\frame_0012_face_0_aug_0.jpg,009,train
data\processed\augmented\009\frame_0007_face_0_aug_0.jpg,009\frame_0007_face_0_aug_0.jpg,009,train
data\processed\augmented\009\frame_0007_face_0_aug_2.jpg,009\frame_0007_face_0_aug_2.jpg,009,train
data\processed\augmented\009\frame_0009_face_0_aug_0.jpg,009\frame_0009_face_0_aug_0.jpg,009,train
data\processed\augmented\009\frame_0002_face_0_aug_2.jpg,009\frame_0002_face_0_aug_2.jpg,009,train
data\processed\augmented\009\frame_0010_face_0_aug_2.jpg,009\frame_0010_face_0_aug_2.jpg,009,train
data\processed\augmented\009\frame_0003_face_0_aug_0.jpg,009\frame_0003_face_0_aug_0.jpg,009,train
data\processed\augmented\009\frame_0019_face_0_aug_1.jpg,009\frame_0019_face_0_aug_1.jpg,009,train
data\processed\augmented\009\frame_0015_face_0_aug_0.jpg,009\frame_0015_face_0_aug_0.jpg,009,train
data\processed\augmented\009\frame_0012_face_0_aug_1.jpg,009\frame_0012_face_0_aug_1.jpg,009,train
data\processed\augmented\009\frame_0008_face_0_aug_2.jpg,009\frame_0008_face_0_aug_2.jpg,009,train
data\processed\augmented\009\frame_0023_face_0_aug_1.jpg,009\frame_0023_face_0_aug_1.jpg,009,train
data\processed\augmented\009\frame_0013_face_0_aug_1.jpg,009\frame_0013_face_0_aug_1.jpg,009,train
data\processed\augmented\009\frame_0014_face_0_aug_1.jpg,009\frame_0014_face_0_aug_1.jpg,009,train
data\processed\augmented\009\frame_0005_face_0_aug_1.jpg,009\frame_0005_face_0_aug_1.jpg,009,train
data\processed\augmented\009\frame_0008_face_0_aug_1.jpg,009\frame_0008_face_0_aug_1.jpg,009,train
data\processed\augmented\009\frame_0015_face_0_aug_1.jpg,009\frame_0015_face_0_aug_1.jpg,009,train
data\processed\augmented\009\frame_0017_face_0_aug_0.jpg,009\frame_0017_face_0_aug_0.jpg,009,train
data\processed\augmented\009\frame_0006_face_0_aug_1.jpg,009\frame_0006_face_0_aug_1.jpg,009,train
data\processed\augmented\009\frame_0011_face_0_aug_0.jpg,009\frame_0011_face_0_aug_0.jpg,009,train
data\processed\augmented\009\frame_0020_face_0_aug_1.jpg,009\frame_0020_face_0_aug_1.jpg,009,train
data\processed\augmented\009\frame_0002_face_0_aug_1.jpg,009\frame_0002_face_0_aug_1.jpg,009,train
data\processed\augmented\009\frame_0012_face_0_aug_2.jpg,009\frame_0012_face_0_aug_2.jpg,009,train
data\processed\augmented\009\frame_0022_face_0_aug_1.jpg,009\frame_0022_face_0_aug_1.jpg,009,train
data\processed\augmented\009\frame_0013_face_0_aug_2.jpg,009\frame_0013_face_0_aug_2.jpg,009,train
data\processed\augmented\010\frame_0016_face_0_aug_2.jpg,010\frame_0016_face_0_aug_2.jpg,010,train
data\processed\augmented\010\frame_0001_face_0_aug_1.jpg,010\frame_0001_face_0_aug_1.jpg,010,train
data\processed\augmented\010\frame_0014_face_0_aug_1.jpg,010\frame_0014_face_0_aug_1.jpg,010,train
data\processed\augmented\010\frame_0005_face_0_aug_2.jpg,010\frame_0005_face_0_aug_2.jpg,010,train
data\processed\augmented\010\frame_0006_face_0_aug_0.jpg,010\frame_0006_face_0_aug_0.jpg,010,train
data\processed\augmented\010\frame_0013_face_0_aug_0.jpg,010\frame_0013_face_0_aug_0.jpg,010,train
data\processed\augmented\010\frame_0012_face_0_aug_1.jpg,010\frame_0012_face_0_aug_1.jpg,010,train
data\processed\augmented\010\frame_0005_face_0_aug_1.jpg,010\frame_0005_face_0_aug_1.jpg,010,train
data\processed\augmented\010\frame_0009_face_0_aug_1.jpg,010\frame_0009_face_0_aug_1.jpg,010,train
data\processed\augmented\010\frame_0005_face_0_aug_0.jpg,010\frame_0005_face_0_aug_0.jpg,010,train
data\processed\augmented\010\frame_0013_face_0_aug_1.jpg,010\frame_0013_face_0_aug_1.jpg,010,train
data\processed\augmented\010\frame_0003_face_0_aug_0.jpg,010\frame_0003_face_0_aug_0.jpg,010,train
data\processed\augmented\010\frame_0000_face_0_aug_1.jpg,010\frame_0000_face_0_aug_1.jpg,010,train
data\processed\augmented\010\frame_0014_face_0_aug_2.jpg,010\frame_0014_face_0_aug_2.jpg,010,train
data\processed\augmented\010\frame_0017_face_0_aug_0.jpg,010\frame_0017_face_0_aug_0.jpg,010,train
data\processed\augmented\010\frame_0004_face_0_aug_0.jpg,010\frame_0004_face_0_aug_0.jpg,010,train
data\processed\augmented\010\frame_0000_face_0_aug_2.jpg,010\frame_0000_face_0_aug_2.jpg,010,train
data\processed\augmented\010\frame_0007_face_0_aug_0.jpg,010\frame_0007_face_0_aug_0.jpg,010,train
data\processed\augmented\010\frame_0002_face_0_aug_2.jpg,010\frame_0002_face_0_aug_2.jpg,010,train
data\processed\augmented\010\frame_0012_face_0_aug_0.jpg,010\frame_0012_face_0_aug_0.jpg,010,train
data\processed\augmented\010\frame_0011_face_0_aug_2.jpg,010\frame_0011_face_0_aug_2.jpg,010,train
data\processed\augmented\010\frame_0015_face_0_aug_2.jpg,010\frame_0015_face_0_aug_2.jpg,010,train
data\processed\augmented\010\frame_0004_face_0_aug_2.jpg,010\frame_0004_face_0_aug_2.jpg,010,train
data\processed\augmented\010\frame_0017_face_0_aug_1.jpg,010\frame_0017_face_0_aug_1.jpg,010,train
data\processed\augmented\010\frame_0001_face_0_aug_0.jpg,010\frame_0001_face_0_aug_0.jpg,010,train
data\processed\augmented\010\frame_0015_face_0_aug_1.jpg,010\frame_0015_face_0_aug_1.jpg,010,train
data\processed\augmented\010\frame_0007_face_0_aug_2.jpg,010\frame_0007_face_0_aug_2.jpg,010,train
data\processed\augmented\010\frame_0003_face_0_aug_2.jpg,010\frame_0003_face_0_aug_2.jpg,010,train
data\processed\augmented\010\frame_0006_face_0_aug_2.jpg,010\frame_0006_face_0_aug_2.jpg,010,train
data\processed\augmented\010\frame_0006_face_0_aug_1.jpg,010\frame_0006_face_0_aug_1.jpg,010,train
data\processed\augmented\010\frame_0008_face_0_aug_1.jpg,010\frame_0008_face_0_aug_1.jpg,010,train
data\processed\augmented\010\frame_0008_face_0_aug_0.jpg,010\frame_0008_face_0_aug_0.jpg,010,train
data\processed\augmented\010\frame_0012_face_0_aug_2.jpg,010\frame_0012_face_0_aug_2.jpg,010,train
data\processed\augmented\010\frame_0018_face_0_aug_0.jpg,010\frame_0018_face_0_aug_0.jpg,010,train
data\processed\augmented\010\frame_0002_face_0_aug_0.jpg,010\frame_0002_face_0_aug_0.jpg,010,train
data\processed\augmented\010\frame_0002_face_0_aug_1.jpg,010\frame_0002_face_0_aug_1.jpg,010,train
data\processed\augmented\010\frame_0017_face_0_aug_2.jpg,010\frame_0017_face_0_aug_2.jpg,010,train
data\processed\augmented\010\frame_0013_face_0_aug_2.jpg,010\frame_0013_face_0_aug_2.jpg,010,train
data\processed\augmented\010\frame_0007_face_0_aug_1.jpg,010\frame_0007_face_0_aug_1.jpg,010,train
data\processed\augmented\011\frame_0013_face_0_aug_2.jpg,011\frame_0013_face_0_aug_2.jpg,011,train
data\processed\augmented\011\frame_0005_face_0_aug_1.jpg,011\frame_0005_face_0_aug_1.jpg,011,train
data\processed\augmented\011\frame_0012_face_0_aug_0.jpg,011\frame_0012_face_0_aug_0.jpg,011,train
data\processed\augmented\011\frame_0018_face_0_aug_1.jpg,011\frame_0018_face_0_aug_1.jpg,011,train
data\processed\augmented\011\frame_0014_face_0_aug_2.jpg,011\frame_0014_face_0_aug_2.jpg,011,train
data\processed\augmented\011\frame_0002_face_0_aug_1.jpg,011\frame_0002_face_0_aug_1.jpg,011,train
data\processed\augmented\011\frame_0009_face_0_aug_0.jpg,011\frame_0009_face_0_aug_0.jpg,011,train
data\processed\augmented\011\frame_0011_face_0_aug_2.jpg,011\frame_0011_face_0_aug_2.jpg,011,train
data\processed\augmented\011\frame_0003_face_0_aug_0.jpg,011\frame_0003_face_0_aug_0.jpg,011,train
data\processed\augmented\011\frame_0001_face_0_aug_0.jpg,011\frame_0001_face_0_aug_0.jpg,011,train
data\processed\augmented\011\frame_0010_face_0_aug_1.jpg,011\frame_0010_face_0_aug_1.jpg,011,train
data\processed\augmented\011\frame_0003_face_0_aug_2.jpg,011\frame_0003_face_0_aug_2.jpg,011,train
data\processed\augmented\011\frame_0021_face_0_aug_1.jpg,011\frame_0021_face_0_aug_1.jpg,011,train
data\processed\augmented\011\frame_0024_face_0_aug_2.jpg,011\frame_0024_face_0_aug_2.jpg,011,train
data\processed\augmented\011\frame_0000_face_0_aug_1.jpg,011\frame_0000_face_0_aug_1.jpg,011,train
data\processed\augmented\011\frame_0000_face_0_aug_2.jpg,011\frame_0000_face_0_aug_2.jpg,011,train
data\processed\augmented\011\frame_0007_face_0_aug_0.jpg,011\frame_0007_face_0_aug_0.jpg,011,train
data\processed\augmented\011\frame_0024_face_0_aug_1.jpg,011\frame_0024_face_0_aug_1.jpg,011,train
data\processed\augmented\011\frame_0002_face_0_aug_2.jpg,011\frame_0002_face_0_aug_2.jpg,011,train
data\processed\augmented\011\frame_0008_face_0_aug_0.jpg,011\frame_0008_face_0_aug_0.jpg,011,train
data\processed\augmented\011\frame_0004_face_0_aug_2.jpg,011\frame_0004_face_0_aug_2.jpg,011,train
data\processed\augmented\011\frame_0015_face_0_aug_2.jpg,011\frame_0015_face_0_aug_2.jpg,011,train
data\processed\augmented\011\frame_0018_face_0_aug_2.jpg,011\frame_0018_face_0_aug_2.jpg,011,train
data\processed\augmented\011\frame_0004_face_0_aug_1.jpg,011\frame_0004_face_0_aug_1.jpg,011,train
data\processed\augmented\011\frame_0008_face_0_aug_1.jpg,011\frame_0008_face_0_aug_1.jpg,011,train
data\processed\augmented\011\frame_0019_face_0_aug_0.jpg,011\frame_0019_face_0_aug_0.jpg,011,train
data\processed\augmented\011\frame_0017_face_0_aug_2.jpg,011\frame_0017_face_0_aug_2.jpg,011,train
data\processed\augmented\011\frame_0020_face_0_aug_2.jpg,011\frame_0020_face_0_aug_2.jpg,011,train
data\processed\augmented\011\frame_0006_face_0_aug_2.jpg,011\frame_0006_face_0_aug_2.jpg,011,train
data\processed\augmented\011\frame_0023_face_0_aug_1.jpg,011\frame_0023_face_0_aug_1.jpg,011,train
data\processed\augmented\011\frame_0015_face_0_aug_1.jpg,011\frame_0015_face_0_aug_1.jpg,011,train
data\processed\augmented\011\frame_0005_face_0_aug_2.jpg,011\frame_0005_face_0_aug_2.jpg,011,train
data\processed\augmented\011\frame_0016_face_0_aug_0.jpg,011\frame_0016_face_0_aug_0.jpg,011,train
data\processed\augmented\011\frame_0010_face_0_aug_2.jpg,011\frame_0010_face_0_aug_2.jpg,011,train
data\processed\augmented\011\frame_0018_face_0_aug_0.jpg,011\frame_0018_face_0_aug_0.jpg,011,train
data\processed\augmented\011\frame_0023_face_0_aug_0.jpg,011\frame_0023_face_0_aug_0.jpg,011,train
data\processed\augmented\011\frame_0006_face_0_aug_0.jpg,011\frame_0006_face_0_aug_0.jpg,011,train
data\processed\augmented\011\frame_0022_face_0_aug_2.jpg,011\frame_0022_face_0_aug_2.jpg,011,train
data\processed\augmented\011\frame_0005_face_0_aug_0.jpg,011\frame_0005_face_0_aug_0.jpg,011,train
data\processed\augmented\011\frame_0025_face_0_aug_0.jpg,011\frame_0025_face_0_aug_0.jpg,011,train
data\processed\augmented\011\frame_0021_face_0_aug_0.jpg,011\frame_0021_face_0_aug_0.jpg,011,train
data\processed\augmented\011\frame_0021_face_0_aug_2.jpg,011\frame_0021_face_0_aug_2.jpg,011,train
data\processed\augmented\011\frame_0009_face_0_aug_2.jpg,011\frame_0009_face_0_aug_2.jpg,011,train
data\processed\augmented\011\frame_0022_face_0_aug_1.jpg,011\frame_0022_face_0_aug_1.jpg,011,train
data\processed\augmented\011\frame_0006_face_0_aug_1.jpg,011\frame_0006_face_0_aug_1.jpg,011,train
data\processed\augmented\011\frame_0009_face_0_aug_1.jpg,011\frame_0009_face_0_aug_1.jpg,011,train
data\processed\augmented\011\frame_0017_face_0_aug_1.jpg,011\frame_0017_face_0_aug_1.jpg,011,train
data\processed\augmented\011\frame_0025_face_0_aug_1.jpg,011\frame_0025_face_0_aug_1.jpg,011,train
data\processed\augmented\011\frame_0015_face_0_aug_0.jpg,011\frame_0015_face_0_aug_0.jpg,011,train
data\processed\augmented\011\frame_0007_face_0_aug_2.jpg,011\frame_0007_face_0_aug_2.jpg,011,train
data\processed\augmented\011\frame_0001_face_0_aug_2.jpg,011\frame_0001_face_0_aug_2.jpg,011,train
data\processed\augmented\011\frame_0008_face_0_aug_2.jpg,011\frame_0008_face_0_aug_2.jpg,011,train
data\processed\augmented\011\frame_0014_face_0_aug_0.jpg,011\frame_0014_face_0_aug_0.jpg,011,train
data\processed\augmented\011\frame_0019_face_0_aug_2.jpg,011\frame_0019_face_0_aug_2.jpg,011,train
data\processed\augmented\012\frame_0007_face_0_aug_2.jpg,012\frame_0007_face_0_aug_2.jpg,012,train
data\processed\augmented\012\frame_0007_face_0_aug_0.jpg,012\frame_0007_face_0_aug_0.jpg,012,train
data\processed\augmented\012\frame_0009_face_0_aug_0.jpg,012\frame_0009_face_0_aug_0.jpg,012,train
data\processed\augmented\012\frame_0010_face_0_aug_0.jpg,012\frame_0010_face_0_aug_0.jpg,012,train
data\processed\augmented\012\frame_0004_face_0_aug_1.jpg,012\frame_0004_face_0_aug_1.jpg,012,train
data\processed\augmented\012\frame_0000_face_0_aug_0.jpg,012\frame_0000_face_0_aug_0.jpg,012,train
data\processed\augmented\012\frame_0005_face_0_aug_1.jpg,012\frame_0005_face_0_aug_1.jpg,012,train
data\processed\augmented\012\frame_0001_face_0_aug_2.jpg,012\frame_0001_face_0_aug_2.jpg,012,train
data\processed\augmented\012\frame_0014_face_0_aug_0.jpg,012\frame_0014_face_0_aug_0.jpg,012,train
data\processed\augmented\012\frame_0014_face_0_aug_2.jpg,012\frame_0014_face_0_aug_2.jpg,012,train
data\processed\augmented\012\frame_0004_face_0_aug_0.jpg,012\frame_0004_face_0_aug_0.jpg,012,train
data\processed\augmented\012\frame_0000_face_0_aug_2.jpg,012\frame_0000_face_0_aug_2.jpg,012,train
data\processed\augmented\012\frame_0010_face_0_aug_2.jpg,012\frame_0010_face_0_aug_2.jpg,012,train
data\processed\augmented\012\frame_0003_face_0_aug_0.jpg,012\frame_0003_face_0_aug_0.jpg,012,train
data\processed\augmented\012\frame_0002_face_0_aug_2.jpg,012\frame_0002_face_0_aug_2.jpg,012,train
data\processed\augmented\012\frame_0012_face_0_aug_2.jpg,012\frame_0012_face_0_aug_2.jpg,012,train
data\processed\augmented\012\frame_0011_face_0_aug_0.jpg,012\frame_0011_face_0_aug_0.jpg,012,train
data\processed\augmented\012\frame_0001_face_0_aug_0.jpg,012\frame_0001_face_0_aug_0.jpg,012,train
data\processed\augmented\012\frame_0003_face_0_aug_1.jpg,012\frame_0003_face_0_aug_1.jpg,012,train
data\processed\augmented\012\frame_0004_face_0_aug_2.jpg,012\frame_0004_face_0_aug_2.jpg,012,train
data\processed\augmented\012\frame_0002_face_0_aug_0.jpg,012\frame_0002_face_0_aug_0.jpg,012,train
data\processed\augmented\012\frame_0002_face_0_aug_1.jpg,012\frame_0002_face_0_aug_1.jpg,012,train
data\processed\augmented\012\frame_0013_face_0_aug_1.jpg,012\frame_0013_face_0_aug_1.jpg,012,train
data\processed\augmented\012\frame_0006_face_0_aug_0.jpg,012\frame_0006_face_0_aug_0.jpg,012,train
data\processed\augmented\012\frame_0005_face_0_aug_0.jpg,012\frame_0005_face_0_aug_0.jpg,012,train
data\processed\augmented\012\frame_0000_face_0_aug_1.jpg,012\frame_0000_face_0_aug_1.jpg,012,train
data\processed\augmented\012\frame_0009_face_0_aug_2.jpg,012\frame_0009_face_0_aug_2.jpg,012,train
data\processed\augmented\012\frame_0003_face_0_aug_2.jpg,012\frame_0003_face_0_aug_2.jpg,012,train
data\processed\augmented\012\frame_0005_face_0_aug_2.jpg,012\frame_0005_face_0_aug_2.jpg,012,train
data\processed\augmented\012\frame_0010_face_0_aug_1.jpg,012\frame_0010_face_0_aug_1.jpg,012,train
data\processed\augmented\012\frame_0012_face_0_aug_0.jpg,012\frame_0012_face_0_aug_0.jpg,012,train
data\processed\augmented\013\frame_0009_face_0_aug_2.jpg,013\frame_0009_face_0_aug_2.jpg,013,train
data\processed\augmented\013\frame_0001_face_0_aug_0.jpg,013\frame_0001_face_0_aug_0.jpg,013,train
data\processed\augmented\013\frame_0008_face_0_aug_1.jpg,013\frame_0008_face_0_aug_1.jpg,013,train
data\processed\augmented\013\frame_0002_face_0_aug_0.jpg,013\frame_0002_face_0_aug_0.jpg,013,train
data\processed\augmented\013\frame_0005_face_0_aug_2.jpg,013\frame_0005_face_0_aug_2.jpg,013,train
data\processed\augmented\013\frame_0012_face_0_aug_1.jpg,013\frame_0012_face_0_aug_1.jpg,013,train
data\processed\augmented\013\frame_0002_face_0_aug_2.jpg,013\frame_0002_face_0_aug_2.jpg,013,train
data\processed\augmented\013\frame_0001_face_0_aug_2.jpg,013\frame_0001_face_0_aug_2.jpg,013,train
data\processed\augmented\013\frame_0000_face_0_aug_0.jpg,013\frame_0000_face_0_aug_0.jpg,013,train
data\processed\augmented\013\frame_0010_face_0_aug_1.jpg,013\frame_0010_face_0_aug_1.jpg,013,train
data\processed\augmented\013\frame_0009_face_0_aug_0.jpg,013\frame_0009_face_0_aug_0.jpg,013,train
data\processed\augmented\013\frame_0008_face_0_aug_0.jpg,013\frame_0008_face_0_aug_0.jpg,013,train
data\processed\augmented\013\frame_0002_face_0_aug_1.jpg,013\frame_0002_face_0_aug_1.jpg,013,train
data\processed\augmented\013\frame_0005_face_0_aug_0.jpg,013\frame_0005_face_0_aug_0.jpg,013,train
data\processed\augmented\013\frame_0006_face_0_aug_0.jpg,013\frame_0006_face_0_aug_0.jpg,013,train
data\processed\augmented\013\frame_0007_face_0_aug_2.jpg,013\frame_0007_face_0_aug_2.jpg,013,train
data\processed\augmented\013\frame_0004_face_0_aug_2.jpg,013\frame_0004_face_0_aug_2.jpg,013,train
data\processed\augmented\013\frame_0011_face_0_aug_1.jpg,013\frame_0011_face_0_aug_1.jpg,013,train
data\processed\augmented\013\frame_0000_face_0_aug_2.jpg,013\frame_0000_face_0_aug_2.jpg,013,train
data\processed\augmented\013\frame_0003_face_0_aug_1.jpg,013\frame_0003_face_0_aug_1.jpg,013,train
data\processed\augmented\013\frame_0005_face_0_aug_1.jpg,013\frame_0005_face_0_aug_1.jpg,013,train
data\processed\augmented\013\frame_0011_face_0_aug_2.jpg,013\frame_0011_face_0_aug_2.jpg,013,train
data\processed\augmented\013\frame_0012_face_0_aug_2.jpg,013\frame_0012_face_0_aug_2.jpg,013,train
data\processed\augmented\013\frame_0004_face_0_aug_0.jpg,013\frame_0004_face_0_aug_0.jpg,013,train
data\processed\augmented\013\frame_0010_face_0_aug_2.jpg,013\frame_0010_face_0_aug_2.jpg,013,train
data\processed\augmented\013\frame_0003_face_0_aug_2.jpg,013\frame_0003_face_0_aug_2.jpg,013,train
data\processed\augmented\013\frame_0006_face_0_aug_2.jpg,013\frame_0006_face_0_aug_2.jpg,013,train
data\processed\augmented\014\frame_0014_face_0_aug_2.jpg,014\frame_0014_face_0_aug_2.jpg,014,train
data\processed\augmented\014\frame_0006_face_0_aug_1.jpg,014\frame_0006_face_0_aug_1.jpg,014,train
data\processed\augmented\014\frame_0013_face_0_aug_0.jpg,014\frame_0013_face_0_aug_0.jpg,014,train
data\processed\augmented\014\frame_0019_face_0_aug_1.jpg,014\frame_0019_face_0_aug_1.jpg,014,train
data\processed\augmented\014\frame_0015_face_0_aug_2.jpg,014\frame_0015_face_0_aug_2.jpg,014,train
data\processed\augmented\014\frame_0002_face_0_aug_1.jpg,014\frame_0002_face_0_aug_1.jpg,014,train
data\processed\augmented\014\frame_0010_face_0_aug_0.jpg,014\frame_0010_face_0_aug_0.jpg,014,train
data\processed\augmented\014\frame_0012_face_0_aug_2.jpg,014\frame_0012_face_0_aug_2.jpg,014,train
data\processed\augmented\014\frame_0003_face_0_aug_0.jpg,014\frame_0003_face_0_aug_0.jpg,014,train
data\processed\augmented\014\frame_0001_face_0_aug_0.jpg,014\frame_0001_face_0_aug_0.jpg,014,train
data\processed\augmented\014\frame_0011_face_0_aug_1.jpg,014\frame_0011_face_0_aug_1.jpg,014,train
data\processed\augmented\014\frame_0003_face_0_aug_2.jpg,014\frame_0003_face_0_aug_2.jpg,014,train
data\processed\augmented\014\frame_0022_face_0_aug_1.jpg,014\frame_0022_face_0_aug_1.jpg,014,train
data\processed\augmented\014\frame_0025_face_0_aug_2.jpg,014\frame_0025_face_0_aug_2.jpg,014,train
data\processed\augmented\014\frame_0000_face_0_aug_1.jpg,014\frame_0000_face_0_aug_1.jpg,014,train
data\processed\augmented\014\frame_0000_face_0_aug_2.jpg,014\frame_0000_face_0_aug_2.jpg,014,train
data\processed\augmented\014\frame_0008_face_0_aug_0.jpg,014\frame_0008_face_0_aug_0.jpg,014,train
data\processed\augmented\014\frame_0025_face_0_aug_1.jpg,014\frame_0025_face_0_aug_1.jpg,014,train
data\processed\augmented\014\frame_0002_face_0_aug_2.jpg,014\frame_0002_face_0_aug_2.jpg,014,train
data\processed\augmented\014\frame_0009_face_0_aug_0.jpg,014\frame_0009_face_0_aug_0.jpg,014,train
data\processed\augmented\014\frame_0004_face_0_aug_2.jpg,014\frame_0004_face_0_aug_2.jpg,014,train
data\processed\augmented\014\frame_0016_face_0_aug_2.jpg,014\frame_0016_face_0_aug_2.jpg,014,train
data\processed\augmented\014\frame_0019_face_0_aug_2.jpg,014\frame_0019_face_0_aug_2.jpg,014,train
data\processed\augmented\014\frame_0004_face_0_aug_1.jpg,014\frame_0004_face_0_aug_1.jpg,014,train
data\processed\augmented\014\frame_0009_face_0_aug_1.jpg,014\frame_0009_face_0_aug_1.jpg,014,train
data\processed\augmented\014\frame_0020_face_0_aug_0.jpg,014\frame_0020_face_0_aug_0.jpg,014,train
data\processed\augmented\014\frame_0018_face_0_aug_2.jpg,014\frame_0018_face_0_aug_2.jpg,014,train
data\processed\augmented\014\frame_0021_face_0_aug_2.jpg,014\frame_0021_face_0_aug_2.jpg,014,train
data\processed\augmented\014\frame_0007_face_0_aug_2.jpg,014\frame_0007_face_0_aug_2.jpg,014,train
data\processed\augmented\014\frame_0024_face_0_aug_1.jpg,014\frame_0024_face_0_aug_1.jpg,014,train
data\processed\augmented\014\frame_0016_face_0_aug_1.jpg,014\frame_0016_face_0_aug_1.jpg,014,train
data\processed\augmented\014\frame_0006_face_0_aug_2.jpg,014\frame_0006_face_0_aug_2.jpg,014,train
data\processed\augmented\014\frame_0017_face_0_aug_0.jpg,014\frame_0017_face_0_aug_0.jpg,014,train
data\processed\augmented\014\frame_0011_face_0_aug_2.jpg,014\frame_0011_face_0_aug_2.jpg,014,train
data\processed\augmented\014\frame_0019_face_0_aug_0.jpg,014\frame_0019_face_0_aug_0.jpg,014,train
data\processed\augmented\014\frame_0024_face_0_aug_0.jpg,014\frame_0024_face_0_aug_0.jpg,014,train
data\processed\augmented\014\frame_0007_face_0_aug_0.jpg,014\frame_0007_face_0_aug_0.jpg,014,train
data\processed\augmented\014\frame_0023_face_0_aug_2.jpg,014\frame_0023_face_0_aug_2.jpg,014,train
data\processed\augmented\014\frame_0006_face_0_aug_0.jpg,014\frame_0006_face_0_aug_0.jpg,014,train
data\processed\augmented\014\frame_0027_face_0_aug_0.jpg,014\frame_0027_face_0_aug_0.jpg,014,train
data\processed\augmented\014\frame_0022_face_0_aug_0.jpg,014\frame_0022_face_0_aug_0.jpg,014,train
data\processed\augmented\014\frame_0022_face_0_aug_2.jpg,014\frame_0022_face_0_aug_2.jpg,014,train
data\processed\augmented\014\frame_0010_face_0_aug_2.jpg,014\frame_0010_face_0_aug_2.jpg,014,train
data\processed\augmented\014\frame_0023_face_0_aug_1.jpg,014\frame_0023_face_0_aug_1.jpg,014,train
data\processed\augmented\014\frame_0007_face_0_aug_1.jpg,014\frame_0007_face_0_aug_1.jpg,014,train
data\processed\augmented\014\frame_0010_face_0_aug_1.jpg,014\frame_0010_face_0_aug_1.jpg,014,train
data\processed\augmented\014\frame_0018_face_0_aug_1.jpg,014\frame_0018_face_0_aug_1.jpg,014,train
data\processed\augmented\014\frame_0027_face_0_aug_1.jpg,014\frame_0027_face_0_aug_1.jpg,014,train
data\processed\augmented\014\frame_0016_face_0_aug_0.jpg,014\frame_0016_face_0_aug_0.jpg,014,train
data\processed\augmented\014\frame_0008_face_0_aug_2.jpg,014\frame_0008_face_0_aug_2.jpg,014,train
data\processed\augmented\014\frame_0001_face_0_aug_2.jpg,014\frame_0001_face_0_aug_2.jpg,014,train
data\processed\augmented\014\frame_0009_face_0_aug_2.jpg,014\frame_0009_face_0_aug_2.jpg,014,train
data\processed\augmented\014\frame_0015_face_0_aug_0.jpg,014\frame_0015_face_0_aug_0.jpg,014,train
data\processed\augmented\014\frame_0020_face_0_aug_2.jpg,014\frame_0020_face_0_aug_2.jpg,014,train
data\processed\augmented\015\frame_0008_face_0_aug_0.jpg,015\frame_0008_face_0_aug_0.jpg,015,train
data\processed\augmented\015\frame_0008_face_0_aug_2.jpg,015\frame_0008_face_0_aug_2.jpg,015,train
data\processed\augmented\015\frame_0001_face_0_aug_1.jpg,015\frame_0001_face_0_aug_1.jpg,015,train
data\processed\augmented\015\frame_0009_face_0_aug_2.jpg,015\frame_0009_face_0_aug_2.jpg,015,train
data\processed\augmented\015\frame_0007_face_0_aug_2.jpg,015\frame_0007_face_0_aug_2.jpg,015,train
data\processed\augmented\015\frame_0000_face_0_aug_0.jpg,015\frame_0000_face_0_aug_0.jpg,015,train
data\processed\augmented\015\frame_0008_face_0_aug_1.jpg,015\frame_0008_face_0_aug_1.jpg,015,train
data\processed\augmented\015\frame_0003_face_0_aug_0.jpg,015\frame_0003_face_0_aug_0.jpg,015,train
data\processed\augmented\015\frame_0009_face_0_aug_1.jpg,015\frame_0009_face_0_aug_1.jpg,015,train
data\processed\augmented\015\frame_0010_face_0_aug_0.jpg,015\frame_0010_face_0_aug_0.jpg,015,train
data\processed\augmented\015\frame_0015_face_0_aug_0.jpg,015\frame_0015_face_0_aug_0.jpg,015,train
data\processed\augmented\015\frame_0012_face_0_aug_0.jpg,015\frame_0012_face_0_aug_0.jpg,015,train
data\processed\augmented\015\frame_0017_face_0_aug_2.jpg,015\frame_0017_face_0_aug_2.jpg,015,train
data\processed\augmented\015\frame_0011_face_0_aug_2.jpg,015\frame_0011_face_0_aug_2.jpg,015,train
data\processed\augmented\015\frame_0007_face_0_aug_0.jpg,015\frame_0007_face_0_aug_0.jpg,015,train
data\processed\augmented\015\frame_0010_face_0_aug_2.jpg,015\frame_0010_face_0_aug_2.jpg,015,train
data\processed\augmented\015\frame_0013_face_0_aug_0.jpg,015\frame_0013_face_0_aug_0.jpg,015,train
data\processed\augmented\015\frame_0013_face_0_aug_2.jpg,015\frame_0013_face_0_aug_2.jpg,015,train
data\processed\augmented\015\frame_0011_face_0_aug_1.jpg,015\frame_0011_face_0_aug_1.jpg,015,train
data\processed\augmented\015\frame_0016_face_0_aug_2.jpg,015\frame_0016_face_0_aug_2.jpg,015,train
data\processed\augmented\015\frame_0014_face_0_aug_1.jpg,015\frame_0014_face_0_aug_1.jpg,015,train
data\processed\augmented\015\frame_0004_face_0_aug_1.jpg,015\frame_0004_face_0_aug_1.jpg,015,train
data\processed\augmented\015\frame_0014_face_0_aug_0.jpg,015\frame_0014_face_0_aug_0.jpg,015,train
data\processed\augmented\015\frame_0009_face_0_aug_0.jpg,015\frame_0009_face_0_aug_0.jpg,015,train
data\processed\augmented\015\frame_0002_face_0_aug_2.jpg,015\frame_0002_face_0_aug_2.jpg,015,train
data\processed\augmented\015\frame_0003_face_0_aug_1.jpg,015\frame_0003_face_0_aug_1.jpg,015,train
data\processed\augmented\015\frame_0013_face_0_aug_1.jpg,015\frame_0013_face_0_aug_1.jpg,015,train
data\processed\augmented\015\frame_0006_face_0_aug_0.jpg,015\frame_0006_face_0_aug_0.jpg,015,train
data\processed\augmented\015\frame_0011_face_0_aug_0.jpg,015\frame_0011_face_0_aug_0.jpg,015,train
data\processed\augmented\015\frame_0010_face_0_aug_1.jpg,015\frame_0010_face_0_aug_1.jpg,015,train
data\processed\augmented\015\frame_0003_face_0_aug_2.jpg,015\frame_0003_face_0_aug_2.jpg,015,train
data\processed\augmented\015\frame_0012_face_0_aug_2.jpg,015\frame_0012_face_0_aug_2.jpg,015,train
data\processed\augmented\015\frame_0015_face_0_aug_2.jpg,015\frame_0015_face_0_aug_2.jpg,015,train
data\processed\augmented\015\frame_0012_face_0_aug_1.jpg,015\frame_0012_face_0_aug_1.jpg,015,train
data\processed\augmented\015\frame_0005_face_0_aug_1.jpg,015\frame_0005_face_0_aug_1.jpg,015,train
data\processed\augmented\015\frame_0000_face_0_aug_2.jpg,015\frame_0000_face_0_aug_2.jpg,015,train
data\processed\augmented\015\frame_0006_face_0_aug_2.jpg,015\frame_0006_face_0_aug_2.jpg,015,train
data\processed\augmented\016\frame_0014_face_0_aug_0.jpg,016\frame_0014_face_0_aug_0.jpg,016,train
data\processed\augmented\016\frame_0026_face_0_aug_1.jpg,016\frame_0026_face_0_aug_1.jpg,016,train
data\processed\augmented\016\frame_0001_face_0_aug_0.jpg,016\frame_0001_face_0_aug_0.jpg,016,train
data\processed\augmented\016\frame_0000_face_0_aug_1.jpg,016\frame_0000_face_0_aug_1.jpg,016,train
data\processed\augmented\016\frame_0002_face_0_aug_0.jpg,016\frame_0002_face_0_aug_0.jpg,016,train
data\processed\augmented\016\frame_0009_face_0_aug_2.jpg,016\frame_0009_face_0_aug_2.jpg,016,train
data\processed\augmented\016\frame_0005_face_0_aug_0.jpg,016\frame_0005_face_0_aug_0.jpg,016,train
data\processed\augmented\016\frame_0011_face_0_aug_1.jpg,016\frame_0011_face_0_aug_1.jpg,016,train
data\processed\augmented\016\frame_0022_face_0_aug_0.jpg,016\frame_0022_face_0_aug_0.jpg,016,train
data\processed\augmented\016\frame_0013_face_0_aug_2.jpg,016\frame_0013_face_0_aug_2.jpg,016,train
data\processed\augmented\016\frame_0004_face_0_aug_1.jpg,016\frame_0004_face_0_aug_1.jpg,016,train
data\processed\augmented\016\frame_0003_face_0_aug_2.jpg,016\frame_0003_face_0_aug_2.jpg,016,train
data\processed\augmented\016\frame_0019_face_0_aug_2.jpg,016\frame_0019_face_0_aug_2.jpg,016,train
data\processed\augmented\016\frame_0025_face_0_aug_2.jpg,016\frame_0025_face_0_aug_2.jpg,016,train
data\processed\augmented\016\frame_0008_face_0_aug_2.jpg,016\frame_0008_face_0_aug_2.jpg,016,train
data\processed\augmented\016\frame_0008_face_0_aug_0.jpg,016\frame_0008_face_0_aug_0.jpg,016,train
data\processed\augmented\016\frame_0005_face_0_aug_1.jpg,016\frame_0005_face_0_aug_1.jpg,016,train
data\processed\augmented\016\frame_0012_face_0_aug_1.jpg,016\frame_0012_face_0_aug_1.jpg,016,train
data\processed\augmented\016\frame_0015_face_0_aug_1.jpg,016\frame_0015_face_0_aug_1.jpg,016,train
data\processed\augmented\016\frame_0023_face_0_aug_0.jpg,016\frame_0023_face_0_aug_0.jpg,016,train
data\processed\augmented\016\frame_0016_face_0_aug_2.jpg,016\frame_0016_face_0_aug_2.jpg,016,train
data\processed\augmented\016\frame_0001_face_0_aug_2.jpg,016\frame_0001_face_0_aug_2.jpg,016,train
data\processed\augmented\016\frame_0017_face_0_aug_0.jpg,016\frame_0017_face_0_aug_0.jpg,016,train
data\processed\augmented\016\frame_0011_face_0_aug_0.jpg,016\frame_0011_face_0_aug_0.jpg,016,train
data\processed\augmented\016\frame_0014_face_0_aug_2.jpg,016\frame_0014_face_0_aug_2.jpg,016,train
data\processed\augmented\016\frame_0020_face_0_aug_1.jpg,016\frame_0020_face_0_aug_1.jpg,016,train
data\processed\augmented\016\frame_0010_face_0_aug_0.jpg,016\frame_0010_face_0_aug_0.jpg,016,train
data\processed\augmented\016\frame_0024_face_0_aug_0.jpg,016\frame_0024_face_0_aug_0.jpg,016,train
data\processed\augmented\016\frame_0016_face_0_aug_1.jpg,016\frame_0016_face_0_aug_1.jpg,016,train
data\processed\augmented\016\frame_0012_face_0_aug_0.jpg,016\frame_0012_face_0_aug_0.jpg,016,train
data\processed\augmented\016\frame_0024_face_0_aug_2.jpg,016\frame_0024_face_0_aug_2.jpg,016,train
data\processed\augmented\016\frame_0007_face_0_aug_2.jpg,016\frame_0007_face_0_aug_2.jpg,016,train
data\processed\augmented\016\frame_0004_face_0_aug_2.jpg,016\frame_0004_face_0_aug_2.jpg,016,train
data\processed\augmented\016\frame_0010_face_0_aug_1.jpg,016\frame_0010_face_0_aug_1.jpg,016,train
data\processed\augmented\016\frame_0017_face_0_aug_2.jpg,016\frame_0017_face_0_aug_2.jpg,016,train
data\processed\augmented\016\frame_0027_face_0_aug_1.jpg,016\frame_0027_face_0_aug_1.jpg,016,train
data\processed\augmented\016\frame_0008_face_0_aug_1.jpg,016\frame_0008_face_0_aug_1.jpg,016,train
data\processed\augmented\016\frame_0014_face_0_aug_1.jpg,016\frame_0014_face_0_aug_1.jpg,016,train
data\processed\augmented\016\frame_0006_face_0_aug_1.jpg,016\frame_0006_face_0_aug_1.jpg,016,train
data\processed\augmented\016\frame_0023_face_0_aug_2.jpg,016\frame_0023_face_0_aug_2.jpg,016,train
data\processed\augmented\016\frame_0026_face_0_aug_0.jpg,016\frame_0026_face_0_aug_0.jpg,016,train
data\processed\augmented\016\frame_0003_face_0_aug_0.jpg,016\frame_0003_face_0_aug_0.jpg,016,train
data\processed\augmented\016\frame_0012_face_0_aug_2.jpg,016\frame_0012_face_0_aug_2.jpg,016,train
data\processed\augmented\016\frame_0020_face_0_aug_0.jpg,016\frame_0020_face_0_aug_0.jpg,016,train
data\processed\augmented\016\frame_0000_face_0_aug_2.jpg,016\frame_0000_face_0_aug_2.jpg,016,train
data\processed\augmented\016\frame_0025_face_0_aug_0.jpg,016\frame_0025_face_0_aug_0.jpg,016,train
data\processed\augmented\016\frame_0020_face_0_aug_2.jpg,016\frame_0020_face_0_aug_2.jpg,016,train
data\processed\augmented\016\frame_0009_face_0_aug_0.jpg,016\frame_0009_face_0_aug_0.jpg,016,train
data\processed\augmented\016\frame_0006_face_0_aug_2.jpg,016\frame_0006_face_0_aug_2.jpg,016,train
data\processed\augmented\016\frame_0018_face_0_aug_1.jpg,016\frame_0018_face_0_aug_1.jpg,016,train
data\processed\augmented\016\frame_0010_face_0_aug_2.jpg,016\frame_0010_face_0_aug_2.jpg,016,train
data\processed\augmented\016\frame_0002_face_0_aug_1.jpg,016\frame_0002_face_0_aug_1.jpg,016,train
data\processed\augmented\016\frame_0018_face_0_aug_0.jpg,016\frame_0018_face_0_aug_0.jpg,016,train
data\processed\augmented\016\frame_0018_face_0_aug_2.jpg,016\frame_0018_face_0_aug_2.jpg,016,train
data\processed\augmented\016\frame_0021_face_0_aug_1.jpg,016\frame_0021_face_0_aug_1.jpg,016,train
data\processed\augmented\016\frame_0017_face_0_aug_1.jpg,016\frame_0017_face_0_aug_1.jpg,016,train
data\processed\augmented\016\frame_0015_face_0_aug_0.jpg,016\frame_0015_face_0_aug_0.jpg,016,train
data\processed\augmented\016\frame_0019_face_0_aug_0.jpg,016\frame_0019_face_0_aug_0.jpg,016,train
data\processed\augmented\017\frame_0012_face_0_aug_2.jpg,017\frame_0012_face_0_aug_2.jpg,017,train
data\processed\augmented\017\frame_0011_face_0_aug_0.jpg,017\frame_0011_face_0_aug_0.jpg,017,train
data\processed\augmented\017\frame_0000_face_0_aug_2.jpg,017\frame_0000_face_0_aug_2.jpg,017,train
data\processed\augmented\017\frame_0015_face_0_aug_0.jpg,017\frame_0015_face_0_aug_0.jpg,017,train
data\processed\augmented\017\frame_0009_face_0_aug_2.jpg,017\frame_0009_face_0_aug_2.jpg,017,train
data\processed\augmented\017\frame_0007_face_0_aug_1.jpg,017\frame_0007_face_0_aug_1.jpg,017,train
data\processed\augmented\017\frame_0006_face_0_aug_2.jpg,017\frame_0006_face_0_aug_2.jpg,017,train
data\processed\augmented\017\frame_0005_face_0_aug_2.jpg,017\frame_0005_face_0_aug_2.jpg,017,train
data\processed\augmented\017\frame_0010_face_0_aug_1.jpg,017\frame_0010_face_0_aug_1.jpg,017,train
data\processed\augmented\017\frame_0007_face_0_aug_0.jpg,017\frame_0007_face_0_aug_0.jpg,017,train
data\processed\augmented\017\frame_0001_face_0_aug_1.jpg,017\frame_0001_face_0_aug_1.jpg,017,train
data\processed\augmented\017\frame_0015_face_0_aug_2.jpg,017\frame_0015_face_0_aug_2.jpg,017,train
data\processed\augmented\017\frame_0013_face_0_aug_0.jpg,017\frame_0013_face_0_aug_0.jpg,017,train
data\processed\augmented\017\frame_0003_face_0_aug_0.jpg,017\frame_0003_face_0_aug_0.jpg,017,train
data\processed\augmented\017\frame_0008_face_0_aug_1.jpg,017\frame_0008_face_0_aug_1.jpg,017,train
data\processed\augmented\017\frame_0013_face_0_aug_2.jpg,017\frame_0013_face_0_aug_2.jpg,017,train
data\processed\augmented\017\frame_0011_face_0_aug_1.jpg,017\frame_0011_face_0_aug_1.jpg,017,train
data\processed\augmented\017\frame_0002_face_0_aug_2.jpg,017\frame_0002_face_0_aug_2.jpg,017,train
data\processed\augmented\017\frame_0003_face_0_aug_1.jpg,017\frame_0003_face_0_aug_1.jpg,017,train
data\processed\augmented\017\frame_0014_face_0_aug_0.jpg,017\frame_0014_face_0_aug_0.jpg,017,train
data\processed\augmented\017\frame_0001_face_0_aug_0.jpg,017\frame_0001_face_0_aug_0.jpg,017,train
data\processed\augmented\017\frame_0002_face_0_aug_1.jpg,017\frame_0002_face_0_aug_1.jpg,017,train
data\processed\augmented\017\frame_0014_face_0_aug_2.jpg,017\frame_0014_face_0_aug_2.jpg,017,train
data\processed\augmented\017\frame_0006_face_0_aug_0.jpg,017\frame_0006_face_0_aug_0.jpg,017,train
data\processed\augmented\017\frame_0005_face_0_aug_0.jpg,017\frame_0005_face_0_aug_0.jpg,017,train
data\processed\augmented\017\frame_0000_face_0_aug_1.jpg,017\frame_0000_face_0_aug_1.jpg,017,train
data\processed\augmented\017\frame_0010_face_0_aug_0.jpg,017\frame_0010_face_0_aug_0.jpg,017,train
data\processed\augmented\017\frame_0003_face_0_aug_2.jpg,017\frame_0003_face_0_aug_2.jpg,017,train
data\processed\augmented\017\frame_0004_face_0_aug_1.jpg,017\frame_0004_face_0_aug_1.jpg,017,train
data\processed\augmented\017\frame_0010_face_0_aug_2.jpg,017\frame_0010_face_0_aug_2.jpg,017,train
data\processed\augmented\017\frame_0007_face_0_aug_2.jpg,017\frame_0007_face_0_aug_2.jpg,017,train
data\processed\augmented\017\frame_0009_face_0_aug_1.jpg,017\frame_0009_face_0_aug_1.jpg,017,train
data\processed\augmented\018\frame_0008_face_0_aug_0.jpg,018\frame_0008_face_0_aug_0.jpg,018,train
data\processed\augmented\018\frame_0008_face_0_aug_2.jpg,018\frame_0008_face_0_aug_2.jpg,018,train
data\processed\augmented\018\frame_0001_face_0_aug_1.jpg,018\frame_0001_face_0_aug_1.jpg,018,train
data\processed\augmented\018\frame_0009_face_0_aug_2.jpg,018\frame_0009_face_0_aug_2.jpg,018,train
data\processed\augmented\018\frame_0007_face_0_aug_2.jpg,018\frame_0007_face_0_aug_2.jpg,018,train
data\processed\augmented\018\frame_0000_face_0_aug_0.jpg,018\frame_0000_face_0_aug_0.jpg,018,train
data\processed\augmented\018\frame_0008_face_0_aug_1.jpg,018\frame_0008_face_0_aug_1.jpg,018,train
data\processed\augmented\018\frame_0003_face_0_aug_0.jpg,018\frame_0003_face_0_aug_0.jpg,018,train
data\processed\augmented\018\frame_0009_face_0_aug_1.jpg,018\frame_0009_face_0_aug_1.jpg,018,train
data\processed\augmented\018\frame_0010_face_0_aug_0.jpg,018\frame_0010_face_0_aug_0.jpg,018,train
data\processed\augmented\018\frame_0015_face_0_aug_0.jpg,018\frame_0015_face_0_aug_0.jpg,018,train
data\processed\augmented\018\frame_0012_face_0_aug_0.jpg,018\frame_0012_face_0_aug_0.jpg,018,train
data\processed\augmented\018\frame_0017_face_0_aug_2.jpg,018\frame_0017_face_0_aug_2.jpg,018,train
data\processed\augmented\018\frame_0011_face_0_aug_2.jpg,018\frame_0011_face_0_aug_2.jpg,018,train
data\processed\augmented\018\frame_0007_face_0_aug_0.jpg,018\frame_0007_face_0_aug_0.jpg,018,train
data\processed\augmented\018\frame_0010_face_0_aug_2.jpg,018\frame_0010_face_0_aug_2.jpg,018,train
data\processed\augmented\018\frame_0013_face_0_aug_0.jpg,018\frame_0013_face_0_aug_0.jpg,018,train
data\processed\augmented\018\frame_0013_face_0_aug_2.jpg,018\frame_0013_face_0_aug_2.jpg,018,train
data\processed\augmented\018\frame_0011_face_0_aug_1.jpg,018\frame_0011_face_0_aug_1.jpg,018,train
data\processed\augmented\018\frame_0016_face_0_aug_2.jpg,018\frame_0016_face_0_aug_2.jpg,018,train
data\processed\augmented\018\frame_0014_face_0_aug_1.jpg,018\frame_0014_face_0_aug_1.jpg,018,train
data\processed\augmented\018\frame_0004_face_0_aug_1.jpg,018\frame_0004_face_0_aug_1.jpg,018,train
data\processed\augmented\018\frame_0014_face_0_aug_0.jpg,018\frame_0014_face_0_aug_0.jpg,018,train
data\processed\augmented\018\frame_0009_face_0_aug_0.jpg,018\frame_0009_face_0_aug_0.jpg,018,train
data\processed\augmented\018\frame_0002_face_0_aug_2.jpg,018\frame_0002_face_0_aug_2.jpg,018,train
data\processed\augmented\018\frame_0003_face_0_aug_1.jpg,018\frame_0003_face_0_aug_1.jpg,018,train
data\processed\augmented\018\frame_0013_face_0_aug_1.jpg,018\frame_0013_face_0_aug_1.jpg,018,train
data\processed\augmented\018\frame_0006_face_0_aug_0.jpg,018\frame_0006_face_0_aug_0.jpg,018,train
data\processed\augmented\018\frame_0011_face_0_aug_0.jpg,018\frame_0011_face_0_aug_0.jpg,018,train
data\processed\augmented\018\frame_0010_face_0_aug_1.jpg,018\frame_0010_face_0_aug_1.jpg,018,train
data\processed\augmented\018\frame_0003_face_0_aug_2.jpg,018\frame_0003_face_0_aug_2.jpg,018,train
data\processed\augmented\018\frame_0012_face_0_aug_2.jpg,018\frame_0012_face_0_aug_2.jpg,018,train
data\processed\augmented\018\frame_0015_face_0_aug_2.jpg,018\frame_0015_face_0_aug_2.jpg,018,train
data\processed\augmented\018\frame_0012_face_0_aug_1.jpg,018\frame_0012_face_0_aug_1.jpg,018,train
data\processed\augmented\018\frame_0005_face_0_aug_1.jpg,018\frame_0005_face_0_aug_1.jpg,018,train
data\processed\augmented\018\frame_0000_face_0_aug_2.jpg,018\frame_0000_face_0_aug_2.jpg,018,train
data\processed\augmented\018\frame_0006_face_0_aug_2.jpg,018\frame_0006_face_0_aug_2.jpg,018,train
data\processed\augmented\019\frame_0019_face_0_aug_2.jpg,019\frame_0019_face_0_aug_2.jpg,019,train
data\processed\augmented\019\frame_0001_face_0_aug_0.jpg,019\frame_0001_face_0_aug_0.jpg,019,train
data\processed\augmented\019\frame_0010_face_0_aug_0.jpg,019\frame_0010_face_0_aug_0.jpg,019,train
data\processed\augmented\019\frame_0020_face_0_aug_2.jpg,019\frame_0020_face_0_aug_2.jpg,019,train
data\processed\augmented\019\frame_0005_face_0_aug_2.jpg,019\frame_0005_face_0_aug_2.jpg,019,train
data\processed\augmented\019\frame_0015_face_0_aug_0.jpg,019\frame_0015_face_0_aug_0.jpg,019,train
data\processed\augmented\019\frame_0017_face_0_aug_2.jpg,019\frame_0017_face_0_aug_2.jpg,019,train
data\processed\augmented\019\frame_0012_face_0_aug_0.jpg,019\frame_0012_face_0_aug_0.jpg,019,train
data\processed\augmented\019\frame_0021_face_0_aug_1.jpg,019\frame_0021_face_0_aug_1.jpg,019,train
data\processed\augmented\019\frame_0003_face_0_aug_0.jpg,019\frame_0003_face_0_aug_0.jpg,019,train
data\processed\augmented\019\frame_0017_face_0_aug_1.jpg,019\frame_0017_face_0_aug_1.jpg,019,train
data\processed\augmented\019\frame_0026_face_0_aug_1.jpg,019\frame_0026_face_0_aug_1.jpg,019,train
data\processed\augmented\019\frame_0004_face_0_aug_1.jpg,019\frame_0004_face_0_aug_1.jpg,019,train
data\processed\augmented\019\frame_0023_face_0_aug_0.jpg,019\frame_0023_face_0_aug_0.jpg,019,train
data\processed\augmented\019\frame_0009_face_0_aug_2.jpg,019\frame_0009_face_0_aug_2.jpg,019,train
data\processed\augmented\019\frame_0014_face_0_aug_1.jpg,019\frame_0014_face_0_aug_1.jpg,019,train
data\processed\augmented\019\frame_0020_face_0_aug_0.jpg,019\frame_0020_face_0_aug_0.jpg,019,train
data\processed\augmented\019\frame_0005_face_0_aug_0.jpg,019\frame_0005_face_0_aug_0.jpg,019,train
data\processed\augmented\019\frame_0017_face_0_aug_0.jpg,019\frame_0017_face_0_aug_0.jpg,019,train
data\processed\augmented\019\frame_0014_face_0_aug_0.jpg,019\frame_0014_face_0_aug_0.jpg,019,train
data\processed\augmented\019\frame_0000_face_0_aug_1.jpg,019\frame_0000_face_0_aug_1.jpg,019,train
data\processed\augmented\019\frame_0026_face_0_aug_0.jpg,019\frame_0026_face_0_aug_0.jpg,019,train
data\processed\augmented\019\frame_0029_face_0_aug_2.jpg,019\frame_0029_face_0_aug_2.jpg,019,train
data\processed\augmented\019\frame_0022_face_0_aug_1.jpg,019\frame_0022_face_0_aug_1.jpg,019,train
data\processed\augmented\019\frame_0019_face_0_aug_0.jpg,019\frame_0019_face_0_aug_0.jpg,019,train
data\processed\augmented\019\frame_0009_face_0_aug_1.jpg,019\frame_0009_face_0_aug_1.jpg,019,train
data\processed\augmented\019\frame_0022_face_0_aug_2.jpg,019\frame_0022_face_0_aug_2.jpg,019,train
data\processed\augmented\019\frame_0002_face_0_aug_0.jpg,019\frame_0002_face_0_aug_0.jpg,019,train
data\processed\augmented\019\frame_0025_face_0_aug_1.jpg,019\frame_0025_face_0_aug_1.jpg,019,train
data\processed\augmented\019\frame_0012_face_0_aug_1.jpg,019\frame_0012_face_0_aug_1.jpg,019,train
data\processed\augmented\019\frame_0024_face_0_aug_1.jpg,019\frame_0024_face_0_aug_1.jpg,019,train
data\processed\augmented\019\frame_0002_face_0_aug_2.jpg,019\frame_0002_face_0_aug_2.jpg,019,train
data\processed\augmented\019\frame_0024_face_0_aug_2.jpg,019\frame_0024_face_0_aug_2.jpg,019,train
data\processed\augmented\019\frame_0010_face_0_aug_2.jpg,019\frame_0010_face_0_aug_2.jpg,019,train
data\processed\augmented\019\frame_0015_face_0_aug_1.jpg,019\frame_0015_face_0_aug_1.jpg,019,train
data\processed\augmented\019\frame_0004_face_0_aug_2.jpg,019\frame_0004_face_0_aug_2.jpg,019,train
data\processed\augmented\019\frame_0025_face_0_aug_0.jpg,019\frame_0025_face_0_aug_0.jpg,019,train
data\processed\augmented\019\frame_0006_face_0_aug_1.jpg,019\frame_0006_face_0_aug_1.jpg,019,train
data\processed\augmented\019\frame_0026_face_0_aug_2.jpg,019\frame_0026_face_0_aug_2.jpg,019,train
data\processed\augmented\019\frame_0009_face_0_aug_0.jpg,019\frame_0009_face_0_aug_0.jpg,019,train
data\processed\augmented\019\frame_0029_face_0_aug_1.jpg,019\frame_0029_face_0_aug_1.jpg,019,train
data\processed\augmented\019\frame_0002_face_0_aug_1.jpg,019\frame_0002_face_0_aug_1.jpg,019,train
data\processed\augmented\019\frame_0018_face_0_aug_0.jpg,019\frame_0018_face_0_aug_0.jpg,019,train
data\processed\augmented\019\frame_0027_face_0_aug_2.jpg,019\frame_0027_face_0_aug_2.jpg,019,train
data\processed\augmented\019\frame_0028_face_0_aug_1.jpg,019\frame_0028_face_0_aug_1.jpg,019,train
data\processed\augmented\019\frame_0003_face_0_aug_2.jpg,019\frame_0003_face_0_aug_2.jpg,019,train
data\processed\augmented\019\frame_0008_face_0_aug_0.jpg,019\frame_0008_face_0_aug_0.jpg,019,train
data\processed\augmented\019\frame_0023_face_0_aug_2.jpg,019\frame_0023_face_0_aug_2.jpg,019,train
data\processed\augmented\019\frame_0021_face_0_aug_0.jpg,019\frame_0021_face_0_aug_0.jpg,019,train
data\processed\augmented\019\frame_0000_face_0_aug_2.jpg,019\frame_0000_face_0_aug_2.jpg,019,train
data\processed\augmented\019\frame_0029_face_0_aug_0.jpg,019\frame_0029_face_0_aug_0.jpg,019,train
data\processed\augmented\019\frame_0008_face_0_aug_1.jpg,019\frame_0008_face_0_aug_1.jpg,019,train
data\processed\augmented\019\frame_0001_face_0_aug_1.jpg,019\frame_0001_face_0_aug_1.jpg,019,train
data\processed\augmented\019\frame_0019_face_0_aug_1.jpg,019\frame_0019_face_0_aug_1.jpg,019,train
data\processed\augmented\019\frame_0005_face_0_aug_1.jpg,019\frame_0005_face_0_aug_1.jpg,019,train
data\processed\augmented\019\frame_0006_face_0_aug_0.jpg,019\frame_0006_face_0_aug_0.jpg,019,train
data\processed\augmented\019\frame_0011_face_0_aug_1.jpg,019\frame_0011_face_0_aug_1.jpg,019,train
data\processed\augmented\019\frame_0015_face_0_aug_2.jpg,019\frame_0015_face_0_aug_2.jpg,019,train
data\processed\augmented\019\frame_0025_face_0_aug_2.jpg,019\frame_0025_face_0_aug_2.jpg,019,train
data\processed\augmented\019\frame_0006_face_0_aug_2.jpg,019\frame_0006_face_0_aug_2.jpg,019,train
data\processed\augmented\019\frame_0010_face_0_aug_1.jpg,019\frame_0010_face_0_aug_1.jpg,019,train
data\processed\augmented\019\frame_0013_face_0_aug_2.jpg,019\frame_0013_face_0_aug_2.jpg,019,train
data\processed\augmented\01__hugging_happy\frame_0019_face_0_aug_2.jpg,01__hugging_happy\frame_0019_face_0_aug_2.jpg,01__hugging_happy,train
data\processed\augmented\01__hugging_happy\frame_0001_face_0_aug_0.jpg,01__hugging_happy\frame_0001_face_0_aug_0.jpg,01__hugging_happy,train
data\processed\augmented\01__hugging_happy\frame_0010_face_0_aug_0.jpg,01__hugging_happy\frame_0010_face_0_aug_0.jpg,01__hugging_happy,train
data\processed\augmented\01__hugging_happy\frame_0020_face_0_aug_2.jpg,01__hugging_happy\frame_0020_face_0_aug_2.jpg,01__hugging_happy,train
data\processed\augmented\01__hugging_happy\frame_0005_face_0_aug_2.jpg,01__hugging_happy\frame_0005_face_0_aug_2.jpg,01__hugging_happy,train
data\processed\augmented\01__hugging_happy\frame_0015_face_0_aug_0.jpg,01__hugging_happy\frame_0015_face_0_aug_0.jpg,01__hugging_happy,train
data\processed\augmented\01__hugging_happy\frame_0017_face_0_aug_2.jpg,01__hugging_happy\frame_0017_face_0_aug_2.jpg,01__hugging_happy,train
data\processed\augmented\01__hugging_happy\frame_0012_face_0_aug_0.jpg,01__hugging_happy\frame_0012_face_0_aug_0.jpg,01__hugging_happy,train
data\processed\augmented\01__hugging_happy\frame_0021_face_0_aug_1.jpg,01__hugging_happy\frame_0021_face_0_aug_1.jpg,01__hugging_happy,train
data\processed\augmented\01__hugging_happy\frame_0003_face_0_aug_0.jpg,01__hugging_happy\frame_0003_face_0_aug_0.jpg,01__hugging_happy,train
data\processed\augmented\01__hugging_happy\frame_0017_face_0_aug_1.jpg,01__hugging_happy\frame_0017_face_0_aug_1.jpg,01__hugging_happy,train
data\processed\augmented\01__hugging_happy\frame_0026_face_0_aug_1.jpg,01__hugging_happy\frame_0026_face_0_aug_1.jpg,01__hugging_happy,train
data\processed\augmented\01__hugging_happy\frame_0004_face_0_aug_1.jpg,01__hugging_happy\frame_0004_face_0_aug_1.jpg,01__hugging_happy,train
data\processed\augmented\01__hugging_happy\frame_0023_face_0_aug_0.jpg,01__hugging_happy\frame_0023_face_0_aug_0.jpg,01__hugging_happy,train
data\processed\augmented\01__hugging_happy\frame_0009_face_0_aug_2.jpg,01__hugging_happy\frame_0009_face_0_aug_2.jpg,01__hugging_happy,train
data\processed\augmented\01__hugging_happy\frame_0014_face_0_aug_1.jpg,01__hugging_happy\frame_0014_face_0_aug_1.jpg,01__hugging_happy,train
data\processed\augmented\01__hugging_happy\frame_0020_face_0_aug_0.jpg,01__hugging_happy\frame_0020_face_0_aug_0.jpg,01__hugging_happy,train
data\processed\augmented\01__hugging_happy\frame_0005_face_0_aug_0.jpg,01__hugging_happy\frame_0005_face_0_aug_0.jpg,01__hugging_happy,train
data\processed\augmented\01__hugging_happy\frame_0017_face_0_aug_0.jpg,01__hugging_happy\frame_0017_face_0_aug_0.jpg,01__hugging_happy,train
data\processed\augmented\01__hugging_happy\frame_0014_face_0_aug_0.jpg,01__hugging_happy\frame_0014_face_0_aug_0.jpg,01__hugging_happy,train
data\processed\augmented\01__hugging_happy\frame_0000_face_0_aug_1.jpg,01__hugging_happy\frame_0000_face_0_aug_1.jpg,01__hugging_happy,train
data\processed\augmented\01__hugging_happy\frame_0026_face_0_aug_0.jpg,01__hugging_happy\frame_0026_face_0_aug_0.jpg,01__hugging_happy,train
data\processed\augmented\01__hugging_happy\frame_0029_face_0_aug_2.jpg,01__hugging_happy\frame_0029_face_0_aug_2.jpg,01__hugging_happy,train
data\processed\augmented\01__hugging_happy\frame_0022_face_0_aug_1.jpg,01__hugging_happy\frame_0022_face_0_aug_1.jpg,01__hugging_happy,train
data\processed\augmented\01__hugging_happy\frame_0019_face_0_aug_0.jpg,01__hugging_happy\frame_0019_face_0_aug_0.jpg,01__hugging_happy,train
data\processed\augmented\01__hugging_happy\frame_0009_face_0_aug_1.jpg,01__hugging_happy\frame_0009_face_0_aug_1.jpg,01__hugging_happy,train
data\processed\augmented\01__hugging_happy\frame_0022_face_0_aug_2.jpg,01__hugging_happy\frame_0022_face_0_aug_2.jpg,01__hugging_happy,train
data\processed\augmented\01__hugging_happy\frame_0002_face_0_aug_0.jpg,01__hugging_happy\frame_0002_face_0_aug_0.jpg,01__hugging_happy,train
data\processed\augmented\01__hugging_happy\frame_0025_face_0_aug_1.jpg,01__hugging_happy\frame_0025_face_0_aug_1.jpg,01__hugging_happy,train
data\processed\augmented\01__hugging_happy\frame_0012_face_0_aug_1.jpg,01__hugging_happy\frame_0012_face_0_aug_1.jpg,01__hugging_happy,train
data\processed\augmented\01__hugging_happy\frame_0024_face_0_aug_1.jpg,01__hugging_happy\frame_0024_face_0_aug_1.jpg,01__hugging_happy,train
data\processed\augmented\01__hugging_happy\frame_0002_face_0_aug_2.jpg,01__hugging_happy\frame_0002_face_0_aug_2.jpg,01__hugging_happy,train
data\processed\augmented\01__hugging_happy\frame_0024_face_0_aug_2.jpg,01__hugging_happy\frame_0024_face_0_aug_2.jpg,01__hugging_happy,train
data\processed\augmented\01__hugging_happy\frame_0010_face_0_aug_2.jpg,01__hugging_happy\frame_0010_face_0_aug_2.jpg,01__hugging_happy,train
data\processed\augmented\01__hugging_happy\frame_0015_face_0_aug_1.jpg,01__hugging_happy\frame_0015_face_0_aug_1.jpg,01__hugging_happy,train
data\processed\augmented\01__hugging_happy\frame_0004_face_0_aug_2.jpg,01__hugging_happy\frame_0004_face_0_aug_2.jpg,01__hugging_happy,train
data\processed\augmented\01__hugging_happy\frame_0025_face_0_aug_0.jpg,01__hugging_happy\frame_0025_face_0_aug_0.jpg,01__hugging_happy,train
data\processed\augmented\01__hugging_happy\frame_0006_face_0_aug_1.jpg,01__hugging_happy\frame_0006_face_0_aug_1.jpg,01__hugging_happy,train
data\processed\augmented\01__hugging_happy\frame_0026_face_0_aug_2.jpg,01__hugging_happy\frame_0026_face_0_aug_2.jpg,01__hugging_happy,train
data\processed\augmented\01__hugging_happy\frame_0009_face_0_aug_0.jpg,01__hugging_happy\frame_0009_face_0_aug_0.jpg,01__hugging_happy,train
data\processed\augmented\01__hugging_happy\frame_0029_face_0_aug_1.jpg,01__hugging_happy\frame_0029_face_0_aug_1.jpg,01__hugging_happy,train
data\processed\augmented\01__hugging_happy\frame_0002_face_0_aug_1.jpg,01__hugging_happy\frame_0002_face_0_aug_1.jpg,01__hugging_happy,train
data\processed\augmented\01__hugging_happy\frame_0018_face_0_aug_0.jpg,01__hugging_happy\frame_0018_face_0_aug_0.jpg,01__hugging_happy,train
data\processed\augmented\01__hugging_happy\frame_0027_face_0_aug_2.jpg,01__hugging_happy\frame_0027_face_0_aug_2.jpg,01__hugging_happy,train
data\processed\augmented\01__hugging_happy\frame_0028_face_0_aug_1.jpg,01__hugging_happy\frame_0028_face_0_aug_1.jpg,01__hugging_happy,train
data\processed\augmented\01__hugging_happy\frame_0003_face_0_aug_2.jpg,01__hugging_happy\frame_0003_face_0_aug_2.jpg,01__hugging_happy,train
data\processed\augmented\01__hugging_happy\frame_0008_face_0_aug_0.jpg,01__hugging_happy\frame_0008_face_0_aug_0.jpg,01__hugging_happy,train
data\processed\augmented\01__hugging_happy\frame_0023_face_0_aug_2.jpg,01__hugging_happy\frame_0023_face_0_aug_2.jpg,01__hugging_happy,train
data\processed\augmented\01__hugging_happy\frame_0021_face_0_aug_0.jpg,01__hugging_happy\frame_0021_face_0_aug_0.jpg,01__hugging_happy,train
data\processed\augmented\01__hugging_happy\frame_0000_face_0_aug_2.jpg,01__hugging_happy\frame_0000_face_0_aug_2.jpg,01__hugging_happy,train
data\processed\augmented\01__hugging_happy\frame_0029_face_0_aug_0.jpg,01__hugging_happy\frame_0029_face_0_aug_0.jpg,01__hugging_happy,train
data\processed\augmented\01__hugging_happy\frame_0008_face_0_aug_1.jpg,01__hugging_happy\frame_0008_face_0_aug_1.jpg,01__hugging_happy,train
data\processed\augmented\01__hugging_happy\frame_0001_face_0_aug_1.jpg,01__hugging_happy\frame_0001_face_0_aug_1.jpg,01__hugging_happy,train
data\processed\augmented\01__hugging_happy\frame_0019_face_0_aug_1.jpg,01__hugging_happy\frame_0019_face_0_aug_1.jpg,01__hugging_happy,train
data\processed\augmented\01__hugging_happy\frame_0005_face_0_aug_1.jpg,01__hugging_happy\frame_0005_face_0_aug_1.jpg,01__hugging_happy,train
data\processed\augmented\01__hugging_happy\frame_0006_face_0_aug_0.jpg,01__hugging_happy\frame_0006_face_0_aug_0.jpg,01__hugging_happy,train
data\processed\augmented\01__hugging_happy\frame_0011_face_0_aug_1.jpg,01__hugging_happy\frame_0011_face_0_aug_1.jpg,01__hugging_happy,train
data\processed\augmented\01__hugging_happy\frame_0015_face_0_aug_2.jpg,01__hugging_happy\frame_0015_face_0_aug_2.jpg,01__hugging_happy,train
data\processed\augmented\01__hugging_happy\frame_0025_face_0_aug_2.jpg,01__hugging_happy\frame_0025_face_0_aug_2.jpg,01__hugging_happy,train
data\processed\augmented\01__hugging_happy\frame_0006_face_0_aug_2.jpg,01__hugging_happy\frame_0006_face_0_aug_2.jpg,01__hugging_happy,train
data\processed\augmented\01__hugging_happy\frame_0010_face_0_aug_1.jpg,01__hugging_happy\frame_0010_face_0_aug_1.jpg,01__hugging_happy,train
data\processed\augmented\01__hugging_happy\frame_0013_face_0_aug_2.jpg,01__hugging_happy\frame_0013_face_0_aug_2.jpg,01__hugging_happy,train
data\processed\augmented\01__kitchen_pan\frame_0004_face_0_aug_2.jpg,01__kitchen_pan\frame_0004_face_0_aug_2.jpg,01__kitchen_pan,train
data\processed\augmented\01__kitchen_pan\frame_0004_face_0_aug_1.jpg,01__kitchen_pan\frame_0004_face_0_aug_1.jpg,01__kitchen_pan,train
data\processed\augmented\01__kitchen_pan\frame_0014_face_0_aug_1.jpg,01__kitchen_pan\frame_0014_face_0_aug_1.jpg,01__kitchen_pan,train
data\processed\augmented\01__kitchen_pan\frame_0020_face_0_aug_1.jpg,01__kitchen_pan\frame_0020_face_0_aug_1.jpg,01__kitchen_pan,train
data\processed\augmented\01__kitchen_pan\frame_0013_face_0_aug_1.jpg,01__kitchen_pan\frame_0013_face_0_aug_1.jpg,01__kitchen_pan,train
data\processed\augmented\01__kitchen_pan\frame_0019_face_0_aug_2.jpg,01__kitchen_pan\frame_0019_face_0_aug_2.jpg,01__kitchen_pan,train
data\processed\augmented\01__kitchen_pan\frame_0001_face_0_aug_0.jpg,01__kitchen_pan\frame_0001_face_0_aug_0.jpg,01__kitchen_pan,train
data\processed\augmented\01__kitchen_pan\frame_0011_face_0_aug_1.jpg,01__kitchen_pan\frame_0011_face_0_aug_1.jpg,01__kitchen_pan,train
data\processed\augmented\01__kitchen_pan\frame_0011_face_0_aug_2.jpg,01__kitchen_pan\frame_0011_face_0_aug_2.jpg,01__kitchen_pan,train
data\processed\augmented\01__kitchen_pan\frame_0015_face_0_aug_2.jpg,01__kitchen_pan\frame_0015_face_0_aug_2.jpg,01__kitchen_pan,train
data\processed\augmented\01__kitchen_pan\frame_0006_face_0_aug_0.jpg,01__kitchen_pan\frame_0006_face_0_aug_0.jpg,01__kitchen_pan,train
data\processed\augmented\01__kitchen_pan\frame_0007_face_0_aug_1.jpg,01__kitchen_pan\frame_0007_face_0_aug_1.jpg,01__kitchen_pan,train
data\processed\augmented\01__kitchen_pan\frame_0002_face_0_aug_1.jpg,01__kitchen_pan\frame_0002_face_0_aug_1.jpg,01__kitchen_pan,train
data\processed\augmented\01__kitchen_pan\frame_0006_face_0_aug_1.jpg,01__kitchen_pan\frame_0006_face_0_aug_1.jpg,01__kitchen_pan,train
data\processed\augmented\01__kitchen_pan\frame_0002_face_0_aug_2.jpg,01__kitchen_pan\frame_0002_face_0_aug_2.jpg,01__kitchen_pan,train
data\processed\augmented\01__kitchen_pan\frame_0018_face_0_aug_2.jpg,01__kitchen_pan\frame_0018_face_0_aug_2.jpg,01__kitchen_pan,train
data\processed\augmented\01__kitchen_pan\frame_0009_face_0_aug_0.jpg,01__kitchen_pan\frame_0009_face_0_aug_0.jpg,01__kitchen_pan,train
data\processed\augmented\01__kitchen_pan\frame_0015_face_0_aug_1.jpg,01__kitchen_pan\frame_0015_face_0_aug_1.jpg,01__kitchen_pan,train
data\processed\augmented\01__kitchen_pan\frame_0014_face_0_aug_0.jpg,01__kitchen_pan\frame_0014_face_0_aug_0.jpg,01__kitchen_pan,train
data\processed\augmented\01__kitchen_pan\frame_0019_face_0_aug_0.jpg,01__kitchen_pan\frame_0019_face_0_aug_0.jpg,01__kitchen_pan,train
data\processed\augmented\01__kitchen_pan\frame_0008_face_0_aug_2.jpg,01__kitchen_pan\frame_0008_face_0_aug_2.jpg,01__kitchen_pan,train
data\processed\augmented\01__kitchen_pan\frame_0009_face_0_aug_1.jpg,01__kitchen_pan\frame_0009_face_0_aug_1.jpg,01__kitchen_pan,train
data\processed\augmented\01__kitchen_pan\frame_0012_face_0_aug_1.jpg,01__kitchen_pan\frame_0012_face_0_aug_1.jpg,01__kitchen_pan,train
data\processed\augmented\01__kitchen_pan\frame_0012_face_0_aug_2.jpg,01__kitchen_pan\frame_0012_face_0_aug_2.jpg,01__kitchen_pan,train
data\processed\augmented\01__kitchen_pan\frame_0007_face_0_aug_0.jpg,01__kitchen_pan\frame_0007_face_0_aug_0.jpg,01__kitchen_pan,train
data\processed\augmented\01__kitchen_pan\frame_0010_face_0_aug_2.jpg,01__kitchen_pan\frame_0010_face_0_aug_2.jpg,01__kitchen_pan,train
data\processed\augmented\01__kitchen_pan\frame_0013_face_0_aug_0.jpg,01__kitchen_pan\frame_0013_face_0_aug_0.jpg,01__kitchen_pan,train
data\processed\augmented\01__kitchen_pan\frame_0003_face_0_aug_0.jpg,01__kitchen_pan\frame_0003_face_0_aug_0.jpg,01__kitchen_pan,train
data\processed\augmented\01__kitchen_pan\frame_0014_face_0_aug_2.jpg,01__kitchen_pan\frame_0014_face_0_aug_2.jpg,01__kitchen_pan,train
data\processed\augmented\01__kitchen_pan\frame_0013_face_0_aug_2.jpg,01__kitchen_pan\frame_0013_face_0_aug_2.jpg,01__kitchen_pan,train
data\processed\augmented\01__kitchen_pan\frame_0007_face_0_aug_2.jpg,01__kitchen_pan\frame_0007_face_0_aug_2.jpg,01__kitchen_pan,train
data\processed\augmented\01__kitchen_pan\frame_0017_face_0_aug_2.jpg,01__kitchen_pan\frame_0017_face_0_aug_2.jpg,01__kitchen_pan,train
data\processed\augmented\01__kitchen_pan\frame_0016_face_0_aug_1.jpg,01__kitchen_pan\frame_0016_face_0_aug_1.jpg,01__kitchen_pan,train
data\processed\augmented\01__kitchen_pan\frame_0005_face_0_aug_0.jpg,01__kitchen_pan\frame_0005_face_0_aug_0.jpg,01__kitchen_pan,train
data\processed\augmented\01__kitchen_pan\frame_0003_face_0_aug_1.jpg,01__kitchen_pan\frame_0003_face_0_aug_1.jpg,01__kitchen_pan,train
data\processed\augmented\01__kitchen_pan\frame_0002_face_0_aug_0.jpg,01__kitchen_pan\frame_0002_face_0_aug_0.jpg,01__kitchen_pan,train
data\processed\augmented\01__kitchen_pan\frame_0021_face_0_aug_1.jpg,01__kitchen_pan\frame_0021_face_0_aug_1.jpg,01__kitchen_pan,train
data\processed\augmented\01__kitchen_pan\frame_0019_face_0_aug_1.jpg,01__kitchen_pan\frame_0019_face_0_aug_1.jpg,01__kitchen_pan,train
data\processed\augmented\01__kitchen_pan\frame_0017_face_0_aug_0.jpg,01__kitchen_pan\frame_0017_face_0_aug_0.jpg,01__kitchen_pan,train
data\processed\augmented\01__kitchen_pan\frame_0010_face_0_aug_1.jpg,01__kitchen_pan\frame_0010_face_0_aug_1.jpg,01__kitchen_pan,train
data\processed\augmented\01__kitchen_pan\frame_0005_face_0_aug_2.jpg,01__kitchen_pan\frame_0005_face_0_aug_2.jpg,01__kitchen_pan,train
data\processed\augmented\01__kitchen_pan\frame_0017_face_0_aug_1.jpg,01__kitchen_pan\frame_0017_face_0_aug_1.jpg,01__kitchen_pan,train
data\processed\augmented\01__kitchen_pan\frame_0012_face_0_aug_0.jpg,01__kitchen_pan\frame_0012_face_0_aug_0.jpg,01__kitchen_pan,train
data\processed\augmented\01__kitchen_pan\frame_0003_face_0_aug_2.jpg,01__kitchen_pan\frame_0003_face_0_aug_2.jpg,01__kitchen_pan,train
data\processed\augmented\01__kitchen_pan\frame_0020_face_0_aug_0.jpg,01__kitchen_pan\frame_0020_face_0_aug_0.jpg,01__kitchen_pan,train
data\processed\augmented\01__kitchen_pan\frame_0000_face_0_aug_2.jpg,01__kitchen_pan\frame_0000_face_0_aug_2.jpg,01__kitchen_pan,train
data\processed\augmented\01__kitchen_still\frame_0019_face_0_aug_2.jpg,01__kitchen_still\frame_0019_face_0_aug_2.jpg,01__kitchen_still,train
data\processed\augmented\01__kitchen_still\frame_0001_face_0_aug_0.jpg,01__kitchen_still\frame_0001_face_0_aug_0.jpg,01__kitchen_still,train
data\processed\augmented\01__kitchen_still\frame_0010_face_0_aug_0.jpg,01__kitchen_still\frame_0010_face_0_aug_0.jpg,01__kitchen_still,train
data\processed\augmented\01__kitchen_still\frame_0020_face_0_aug_2.jpg,01__kitchen_still\frame_0020_face_0_aug_2.jpg,01__kitchen_still,train
data\processed\augmented\01__kitchen_still\frame_0005_face_0_aug_2.jpg,01__kitchen_still\frame_0005_face_0_aug_2.jpg,01__kitchen_still,train
data\processed\augmented\01__kitchen_still\frame_0015_face_0_aug_0.jpg,01__kitchen_still\frame_0015_face_0_aug_0.jpg,01__kitchen_still,train
data\processed\augmented\01__kitchen_still\frame_0017_face_0_aug_2.jpg,01__kitchen_still\frame_0017_face_0_aug_2.jpg,01__kitchen_still,train
data\processed\augmented\01__kitchen_still\frame_0012_face_0_aug_0.jpg,01__kitchen_still\frame_0012_face_0_aug_0.jpg,01__kitchen_still,train
data\processed\augmented\01__kitchen_still\frame_0021_face_0_aug_1.jpg,01__kitchen_still\frame_0021_face_0_aug_1.jpg,01__kitchen_still,train
data\processed\augmented\01__kitchen_still\frame_0003_face_0_aug_0.jpg,01__kitchen_still\frame_0003_face_0_aug_0.jpg,01__kitchen_still,train
data\processed\augmented\01__kitchen_still\frame_0017_face_0_aug_1.jpg,01__kitchen_still\frame_0017_face_0_aug_1.jpg,01__kitchen_still,train
data\processed\augmented\01__kitchen_still\frame_0026_face_0_aug_1.jpg,01__kitchen_still\frame_0026_face_0_aug_1.jpg,01__kitchen_still,train
data\processed\augmented\01__kitchen_still\frame_0004_face_0_aug_1.jpg,01__kitchen_still\frame_0004_face_0_aug_1.jpg,01__kitchen_still,train
data\processed\augmented\01__kitchen_still\frame_0023_face_0_aug_0.jpg,01__kitchen_still\frame_0023_face_0_aug_0.jpg,01__kitchen_still,train
data\processed\augmented\01__kitchen_still\frame_0009_face_0_aug_2.jpg,01__kitchen_still\frame_0009_face_0_aug_2.jpg,01__kitchen_still,train
data\processed\augmented\01__kitchen_still\frame_0014_face_0_aug_1.jpg,01__kitchen_still\frame_0014_face_0_aug_1.jpg,01__kitchen_still,train
data\processed\augmented\01__kitchen_still\frame_0020_face_0_aug_0.jpg,01__kitchen_still\frame_0020_face_0_aug_0.jpg,01__kitchen_still,train
data\processed\augmented\01__kitchen_still\frame_0005_face_0_aug_0.jpg,01__kitchen_still\frame_0005_face_0_aug_0.jpg,01__kitchen_still,train
data\processed\augmented\01__kitchen_still\frame_0017_face_0_aug_0.jpg,01__kitchen_still\frame_0017_face_0_aug_0.jpg,01__kitchen_still,train
data\processed\augmented\01__kitchen_still\frame_0014_face_0_aug_0.jpg,01__kitchen_still\frame_0014_face_0_aug_0.jpg,01__kitchen_still,train
data\processed\augmented\01__kitchen_still\frame_0000_face_0_aug_1.jpg,01__kitchen_still\frame_0000_face_0_aug_1.jpg,01__kitchen_still,train
data\processed\augmented\01__kitchen_still\frame_0026_face_0_aug_0.jpg,01__kitchen_still\frame_0026_face_0_aug_0.jpg,01__kitchen_still,train
data\processed\augmented\01__kitchen_still\frame_0029_face_0_aug_2.jpg,01__kitchen_still\frame_0029_face_0_aug_2.jpg,01__kitchen_still,train
data\processed\augmented\01__kitchen_still\frame_0022_face_0_aug_1.jpg,01__kitchen_still\frame_0022_face_0_aug_1.jpg,01__kitchen_still,train
data\processed\augmented\01__kitchen_still\frame_0019_face_0_aug_0.jpg,01__kitchen_still\frame_0019_face_0_aug_0.jpg,01__kitchen_still,train
data\processed\augmented\01__kitchen_still\frame_0009_face_0_aug_1.jpg,01__kitchen_still\frame_0009_face_0_aug_1.jpg,01__kitchen_still,train
data\processed\augmented\01__kitchen_still\frame_0022_face_0_aug_2.jpg,01__kitchen_still\frame_0022_face_0_aug_2.jpg,01__kitchen_still,train
data\processed\augmented\01__kitchen_still\frame_0002_face_0_aug_0.jpg,01__kitchen_still\frame_0002_face_0_aug_0.jpg,01__kitchen_still,train
data\processed\augmented\01__kitchen_still\frame_0025_face_0_aug_1.jpg,01__kitchen_still\frame_0025_face_0_aug_1.jpg,01__kitchen_still,train
data\processed\augmented\01__kitchen_still\frame_0012_face_0_aug_1.jpg,01__kitchen_still\frame_0012_face_0_aug_1.jpg,01__kitchen_still,train
data\processed\augmented\01__kitchen_still\frame_0024_face_0_aug_1.jpg,01__kitchen_still\frame_0024_face_0_aug_1.jpg,01__kitchen_still,train
data\processed\augmented\01__kitchen_still\frame_0002_face_0_aug_2.jpg,01__kitchen_still\frame_0002_face_0_aug_2.jpg,01__kitchen_still,train
data\processed\augmented\01__kitchen_still\frame_0024_face_0_aug_2.jpg,01__kitchen_still\frame_0024_face_0_aug_2.jpg,01__kitchen_still,train
data\processed\augmented\01__kitchen_still\frame_0010_face_0_aug_2.jpg,01__kitchen_still\frame_0010_face_0_aug_2.jpg,01__kitchen_still,train
data\processed\augmented\01__kitchen_still\frame_0015_face_0_aug_1.jpg,01__kitchen_still\frame_0015_face_0_aug_1.jpg,01__kitchen_still,train
data\processed\augmented\01__kitchen_still\frame_0004_face_0_aug_2.jpg,01__kitchen_still\frame_0004_face_0_aug_2.jpg,01__kitchen_still,train
data\processed\augmented\01__kitchen_still\frame_0025_face_0_aug_0.jpg,01__kitchen_still\frame_0025_face_0_aug_0.jpg,01__kitchen_still,train
data\processed\augmented\01__kitchen_still\frame_0006_face_0_aug_1.jpg,01__kitchen_still\frame_0006_face_0_aug_1.jpg,01__kitchen_still,train
data\processed\augmented\01__kitchen_still\frame_0026_face_0_aug_2.jpg,01__kitchen_still\frame_0026_face_0_aug_2.jpg,01__kitchen_still,train
data\processed\augmented\01__kitchen_still\frame_0009_face_0_aug_0.jpg,01__kitchen_still\frame_0009_face_0_aug_0.jpg,01__kitchen_still,train
data\processed\augmented\01__kitchen_still\frame_0029_face_0_aug_1.jpg,01__kitchen_still\frame_0029_face_0_aug_1.jpg,01__kitchen_still,train
data\processed\augmented\01__kitchen_still\frame_0002_face_0_aug_1.jpg,01__kitchen_still\frame_0002_face_0_aug_1.jpg,01__kitchen_still,train
data\processed\augmented\01__kitchen_still\frame_0018_face_0_aug_0.jpg,01__kitchen_still\frame_0018_face_0_aug_0.jpg,01__kitchen_still,train
data\processed\augmented\01__kitchen_still\frame_0027_face_0_aug_2.jpg,01__kitchen_still\frame_0027_face_0_aug_2.jpg,01__kitchen_still,train
data\processed\augmented\01__kitchen_still\frame_0028_face_0_aug_1.jpg,01__kitchen_still\frame_0028_face_0_aug_1.jpg,01__kitchen_still,train
data\processed\augmented\01__kitchen_still\frame_0003_face_0_aug_2.jpg,01__kitchen_still\frame_0003_face_0_aug_2.jpg,01__kitchen_still,train
data\processed\augmented\01__kitchen_still\frame_0008_face_0_aug_0.jpg,01__kitchen_still\frame_0008_face_0_aug_0.jpg,01__kitchen_still,train
data\processed\augmented\01__kitchen_still\frame_0023_face_0_aug_2.jpg,01__kitchen_still\frame_0023_face_0_aug_2.jpg,01__kitchen_still,train
data\processed\augmented\01__kitchen_still\frame_0021_face_0_aug_0.jpg,01__kitchen_still\frame_0021_face_0_aug_0.jpg,01__kitchen_still,train
data\processed\augmented\01__kitchen_still\frame_0000_face_0_aug_2.jpg,01__kitchen_still\frame_0000_face_0_aug_2.jpg,01__kitchen_still,train
data\processed\augmented\01__kitchen_still\frame_0029_face_0_aug_0.jpg,01__kitchen_still\frame_0029_face_0_aug_0.jpg,01__kitchen_still,train
data\processed\augmented\01__kitchen_still\frame_0008_face_0_aug_1.jpg,01__kitchen_still\frame_0008_face_0_aug_1.jpg,01__kitchen_still,train
data\processed\augmented\01__kitchen_still\frame_0001_face_0_aug_1.jpg,01__kitchen_still\frame_0001_face_0_aug_1.jpg,01__kitchen_still,train
data\processed\augmented\01__kitchen_still\frame_0019_face_0_aug_1.jpg,01__kitchen_still\frame_0019_face_0_aug_1.jpg,01__kitchen_still,train
data\processed\augmented\01__kitchen_still\frame_0005_face_0_aug_1.jpg,01__kitchen_still\frame_0005_face_0_aug_1.jpg,01__kitchen_still,train
data\processed\augmented\01__kitchen_still\frame_0006_face_0_aug_0.jpg,01__kitchen_still\frame_0006_face_0_aug_0.jpg,01__kitchen_still,train
data\processed\augmented\01__kitchen_still\frame_0011_face_0_aug_1.jpg,01__kitchen_still\frame_0011_face_0_aug_1.jpg,01__kitchen_still,train
data\processed\augmented\01__kitchen_still\frame_0015_face_0_aug_2.jpg,01__kitchen_still\frame_0015_face_0_aug_2.jpg,01__kitchen_still,train
data\processed\augmented\01__kitchen_still\frame_0025_face_0_aug_2.jpg,01__kitchen_still\frame_0025_face_0_aug_2.jpg,01__kitchen_still,train
data\processed\augmented\01__kitchen_still\frame_0006_face_0_aug_2.jpg,01__kitchen_still\frame_0006_face_0_aug_2.jpg,01__kitchen_still,train
data\processed\augmented\01__kitchen_still\frame_0010_face_0_aug_1.jpg,01__kitchen_still\frame_0010_face_0_aug_1.jpg,01__kitchen_still,train
data\processed\augmented\01__kitchen_still\frame_0013_face_0_aug_2.jpg,01__kitchen_still\frame_0013_face_0_aug_2.jpg,01__kitchen_still,train
data\processed\augmented\01__outside_talking_pan_laughing\frame_0008_face_0_aug_2.jpg,01__outside_talking_pan_laughing\frame_0008_face_0_aug_2.jpg,01__outside_talking_pan_laughing,train
data\processed\augmented\01__outside_talking_pan_laughing\frame_0010_face_0_aug_0.jpg,01__outside_talking_pan_laughing\frame_0010_face_0_aug_0.jpg,01__outside_talking_pan_laughing,train
data\processed\augmented\01__outside_talking_pan_laughing\frame_0018_face_0_aug_1.jpg,01__outside_talking_pan_laughing\frame_0018_face_0_aug_1.jpg,01__outside_talking_pan_laughing,train
data\processed\augmented\01__outside_talking_pan_laughing\frame_0019_face_0_aug_2.jpg,01__outside_talking_pan_laughing\frame_0019_face_0_aug_2.jpg,01__outside_talking_pan_laughing,train
data\processed\augmented\01__outside_talking_pan_laughing\frame_0007_face_0_aug_1.jpg,01__outside_talking_pan_laughing\frame_0007_face_0_aug_1.jpg,01__outside_talking_pan_laughing,train
data\processed\augmented\01__outside_talking_pan_laughing\frame_0010_face_0_aug_1.jpg,01__outside_talking_pan_laughing\frame_0010_face_0_aug_1.jpg,01__outside_talking_pan_laughing,train
data\processed\augmented\01__outside_talking_pan_laughing\frame_0023_face_0_aug_1.jpg,01__outside_talking_pan_laughing\frame_0023_face_0_aug_1.jpg,01__outside_talking_pan_laughing,train
data\processed\augmented\01__outside_talking_pan_laughing\frame_0013_face_0_aug_0.jpg,01__outside_talking_pan_laughing\frame_0013_face_0_aug_0.jpg,01__outside_talking_pan_laughing,train
data\processed\augmented\01__outside_talking_pan_laughing\frame_0018_face_0_aug_2.jpg,01__outside_talking_pan_laughing\frame_0018_face_0_aug_2.jpg,01__outside_talking_pan_laughing,train
data\processed\augmented\01__outside_talking_pan_laughing\frame_0022_face_0_aug_2.jpg,01__outside_talking_pan_laughing\frame_0022_face_0_aug_2.jpg,01__outside_talking_pan_laughing,train
data\processed\augmented\01__outside_talking_pan_laughing\frame_0001_face_0_aug_2.jpg,01__outside_talking_pan_laughing\frame_0001_face_0_aug_2.jpg,01__outside_talking_pan_laughing,train
data\processed\augmented\01__outside_talking_pan_laughing\frame_0003_face_0_aug_2.jpg,01__outside_talking_pan_laughing\frame_0003_face_0_aug_2.jpg,01__outside_talking_pan_laughing,train
data\processed\augmented\01__outside_talking_pan_laughing\frame_0016_face_0_aug_2.jpg,01__outside_talking_pan_laughing\frame_0016_face_0_aug_2.jpg,01__outside_talking_pan_laughing,train
data\processed\augmented\01__outside_talking_pan_laughing\frame_0000_face_0_aug_1.jpg,01__outside_talking_pan_laughing\frame_0000_face_0_aug_1.jpg,01__outside_talking_pan_laughing,train
data\processed\augmented\01__outside_talking_pan_laughing\frame_0016_face_0_aug_0.jpg,01__outside_talking_pan_laughing\frame_0016_face_0_aug_0.jpg,01__outside_talking_pan_laughing,train
data\processed\augmented\01__outside_talking_pan_laughing\frame_0017_face_0_aug_1.jpg,01__outside_talking_pan_laughing\frame_0017_face_0_aug_1.jpg,01__outside_talking_pan_laughing,train
data\processed\augmented\01__outside_talking_pan_laughing\frame_0002_face_0_aug_0.jpg,01__outside_talking_pan_laughing\frame_0002_face_0_aug_0.jpg,01__outside_talking_pan_laughing,train
data\processed\augmented\01__outside_talking_pan_laughing\frame_0024_face_0_aug_0.jpg,01__outside_talking_pan_laughing\frame_0024_face_0_aug_0.jpg,01__outside_talking_pan_laughing,train
data\processed\augmented\01__outside_talking_pan_laughing\frame_0006_face_0_aug_2.jpg,01__outside_talking_pan_laughing\frame_0006_face_0_aug_2.jpg,01__outside_talking_pan_laughing,train
data\processed\augmented\01__outside_talking_pan_laughing\frame_0020_face_0_aug_0.jpg,01__outside_talking_pan_laughing\frame_0020_face_0_aug_0.jpg,01__outside_talking_pan_laughing,train
data\processed\augmented\01__outside_talking_pan_laughing\frame_0019_face_0_aug_1.jpg,01__outside_talking_pan_laughing\frame_0019_face_0_aug_1.jpg,01__outside_talking_pan_laughing,train
data\processed\augmented\01__outside_talking_pan_laughing\frame_0005_face_0_aug_2.jpg,01__outside_talking_pan_laughing\frame_0005_face_0_aug_2.jpg,01__outside_talking_pan_laughing,train
data\processed\augmented\01__outside_talking_pan_laughing\frame_0001_face_0_aug_0.jpg,01__outside_talking_pan_laughing\frame_0001_face_0_aug_0.jpg,01__outside_talking_pan_laughing,train
data\processed\augmented\01__outside_talking_pan_laughing\frame_0004_face_0_aug_1.jpg,01__outside_talking_pan_laughing\frame_0004_face_0_aug_1.jpg,01__outside_talking_pan_laughing,train
data\processed\augmented\01__outside_talking_pan_laughing\frame_0019_face_0_aug_0.jpg,01__outside_talking_pan_laughing\frame_0019_face_0_aug_0.jpg,01__outside_talking_pan_laughing,train
data\processed\augmented\01__outside_talking_pan_laughing\frame_0014_face_0_aug_2.jpg,01__outside_talking_pan_laughing\frame_0014_face_0_aug_2.jpg,01__outside_talking_pan_laughing,train
data\processed\augmented\01__outside_talking_pan_laughing\frame_0012_face_0_aug_0.jpg,01__outside_talking_pan_laughing\frame_0012_face_0_aug_0.jpg,01__outside_talking_pan_laughing,train
data\processed\augmented\01__outside_talking_pan_laughing\frame_0000_face_0_aug_2.jpg,01__outside_talking_pan_laughing\frame_0000_face_0_aug_2.jpg,01__outside_talking_pan_laughing,train
data\processed\augmented\01__outside_talking_pan_laughing\frame_0022_face_0_aug_1.jpg,01__outside_talking_pan_laughing\frame_0022_face_0_aug_1.jpg,01__outside_talking_pan_laughing,train
data\processed\augmented\01__outside_talking_pan_laughing\frame_0005_face_0_aug_0.jpg,01__outside_talking_pan_laughing\frame_0005_face_0_aug_0.jpg,01__outside_talking_pan_laughing,train
data\processed\augmented\01__outside_talking_pan_laughing\frame_0002_face_0_aug_2.jpg,01__outside_talking_pan_laughing\frame_0002_face_0_aug_2.jpg,01__outside_talking_pan_laughing,train
data\processed\augmented\01__outside_talking_pan_laughing\frame_0010_face_0_aug_2.jpg,01__outside_talking_pan_laughing\frame_0010_face_0_aug_2.jpg,01__outside_talking_pan_laughing,train
data\processed\augmented\01__outside_talking_pan_laughing\frame_0006_face_0_aug_0.jpg,01__outside_talking_pan_laughing\frame_0006_face_0_aug_0.jpg,01__outside_talking_pan_laughing,train
data\processed\augmented\01__outside_talking_pan_laughing\frame_0020_face_0_aug_2.jpg,01__outside_talking_pan_laughing\frame_0020_face_0_aug_2.jpg,01__outside_talking_pan_laughing,train
data\processed\augmented\01__outside_talking_pan_laughing\frame_0003_face_0_aug_0.jpg,01__outside_talking_pan_laughing\frame_0003_face_0_aug_0.jpg,01__outside_talking_pan_laughing,train
data\processed\augmented\01__outside_talking_pan_laughing\frame_0021_face_0_aug_2.jpg,01__outside_talking_pan_laughing\frame_0021_face_0_aug_2.jpg,01__outside_talking_pan_laughing,train
data\processed\augmented\01__outside_talking_pan_laughing\frame_0013_face_0_aug_2.jpg,01__outside_talking_pan_laughing\frame_0013_face_0_aug_2.jpg,01__outside_talking_pan_laughing,train
data\processed\augmented\01__outside_talking_pan_laughing\frame_0015_face_0_aug_1.jpg,01__outside_talking_pan_laughing\frame_0015_face_0_aug_1.jpg,01__outside_talking_pan_laughing,train
data\processed\augmented\01__outside_talking_pan_laughing\frame_0024_face_0_aug_2.jpg,01__outside_talking_pan_laughing\frame_0024_face_0_aug_2.jpg,01__outside_talking_pan_laughing,train
data\processed\augmented\01__outside_talking_pan_laughing\frame_0009_face_0_aug_2.jpg,01__outside_talking_pan_laughing\frame_0009_face_0_aug_2.jpg,01__outside_talking_pan_laughing,train
data\processed\augmented\01__outside_talking_pan_laughing\frame_0005_face_0_aug_1.jpg,01__outside_talking_pan_laughing\frame_0005_face_0_aug_1.jpg,01__outside_talking_pan_laughing,train
data\processed\augmented\01__outside_talking_pan_laughing\frame_0008_face_0_aug_1.jpg,01__outside_talking_pan_laughing\frame_0008_face_0_aug_1.jpg,01__outside_talking_pan_laughing,train
data\processed\augmented\01__outside_talking_pan_laughing\frame_0017_face_0_aug_2.jpg,01__outside_talking_pan_laughing\frame_0017_face_0_aug_2.jpg,01__outside_talking_pan_laughing,train
data\processed\augmented\01__outside_talking_pan_laughing\frame_0017_face_0_aug_0.jpg,01__outside_talking_pan_laughing\frame_0017_face_0_aug_0.jpg,01__outside_talking_pan_laughing,train
data\processed\augmented\01__outside_talking_pan_laughing\frame_0006_face_0_aug_1.jpg,01__outside_talking_pan_laughing\frame_0006_face_0_aug_1.jpg,01__outside_talking_pan_laughing,train
data\processed\augmented\01__outside_talking_pan_laughing\frame_0022_face_0_aug_0.jpg,01__outside_talking_pan_laughing\frame_0022_face_0_aug_0.jpg,01__outside_talking_pan_laughing,train
data\processed\augmented\01__outside_talking_pan_laughing\frame_0008_face_0_aug_0.jpg,01__outside_talking_pan_laughing\frame_0008_face_0_aug_0.jpg,01__outside_talking_pan_laughing,train
data\processed\augmented\01__outside_talking_pan_laughing\frame_0002_face_0_aug_1.jpg,01__outside_talking_pan_laughing\frame_0002_face_0_aug_1.jpg,01__outside_talking_pan_laughing,train
data\processed\augmented\01__outside_talking_pan_laughing\frame_0012_face_0_aug_2.jpg,01__outside_talking_pan_laughing\frame_0012_face_0_aug_2.jpg,01__outside_talking_pan_laughing,train
data\processed\augmented\01__outside_talking_pan_laughing\frame_0012_face_0_aug_1.jpg,01__outside_talking_pan_laughing\frame_0012_face_0_aug_1.jpg,01__outside_talking_pan_laughing,train
data\processed\augmented\01__outside_talking_pan_laughing\frame_0009_face_0_aug_0.jpg,01__outside_talking_pan_laughing\frame_0009_face_0_aug_0.jpg,01__outside_talking_pan_laughing,train
data\processed\augmented\01__outside_talking_still_laughing\frame_0019_face_0_aug_2.jpg,01__outside_talking_still_laughing\frame_0019_face_0_aug_2.jpg,01__outside_talking_still_laughing,train
data\processed\augmented\01__outside_talking_still_laughing\frame_0001_face_0_aug_0.jpg,01__outside_talking_still_laughing\frame_0001_face_0_aug_0.jpg,01__outside_talking_still_laughing,train
data\processed\augmented\01__outside_talking_still_laughing\frame_0010_face_0_aug_0.jpg,01__outside_talking_still_laughing\frame_0010_face_0_aug_0.jpg,01__outside_talking_still_laughing,train
data\processed\augmented\01__outside_talking_still_laughing\frame_0020_face_0_aug_2.jpg,01__outside_talking_still_laughing\frame_0020_face_0_aug_2.jpg,01__outside_talking_still_laughing,train
data\processed\augmented\01__outside_talking_still_laughing\frame_0005_face_0_aug_2.jpg,01__outside_talking_still_laughing\frame_0005_face_0_aug_2.jpg,01__outside_talking_still_laughing,train
data\processed\augmented\01__outside_talking_still_laughing\frame_0015_face_0_aug_0.jpg,01__outside_talking_still_laughing\frame_0015_face_0_aug_0.jpg,01__outside_talking_still_laughing,train
data\processed\augmented\01__outside_talking_still_laughing\frame_0017_face_0_aug_2.jpg,01__outside_talking_still_laughing\frame_0017_face_0_aug_2.jpg,01__outside_talking_still_laughing,train
data\processed\augmented\01__outside_talking_still_laughing\frame_0012_face_0_aug_0.jpg,01__outside_talking_still_laughing\frame_0012_face_0_aug_0.jpg,01__outside_talking_still_laughing,train
data\processed\augmented\01__outside_talking_still_laughing\frame_0021_face_0_aug_1.jpg,01__outside_talking_still_laughing\frame_0021_face_0_aug_1.jpg,01__outside_talking_still_laughing,train
data\processed\augmented\01__outside_talking_still_laughing\frame_0003_face_0_aug_0.jpg,01__outside_talking_still_laughing\frame_0003_face_0_aug_0.jpg,01__outside_talking_still_laughing,train
data\processed\augmented\01__outside_talking_still_laughing\frame_0017_face_0_aug_1.jpg,01__outside_talking_still_laughing\frame_0017_face_0_aug_1.jpg,01__outside_talking_still_laughing,train
data\processed\augmented\01__outside_talking_still_laughing\frame_0026_face_0_aug_1.jpg,01__outside_talking_still_laughing\frame_0026_face_0_aug_1.jpg,01__outside_talking_still_laughing,train
data\processed\augmented\01__outside_talking_still_laughing\frame_0004_face_0_aug_1.jpg,01__outside_talking_still_laughing\frame_0004_face_0_aug_1.jpg,01__outside_talking_still_laughing,train
data\processed\augmented\01__outside_talking_still_laughing\frame_0023_face_0_aug_0.jpg,01__outside_talking_still_laughing\frame_0023_face_0_aug_0.jpg,01__outside_talking_still_laughing,train
data\processed\augmented\01__outside_talking_still_laughing\frame_0009_face_0_aug_2.jpg,01__outside_talking_still_laughing\frame_0009_face_0_aug_2.jpg,01__outside_talking_still_laughing,train
data\processed\augmented\01__outside_talking_still_laughing\frame_0014_face_0_aug_1.jpg,01__outside_talking_still_laughing\frame_0014_face_0_aug_1.jpg,01__outside_talking_still_laughing,train
data\processed\augmented\01__outside_talking_still_laughing\frame_0020_face_0_aug_0.jpg,01__outside_talking_still_laughing\frame_0020_face_0_aug_0.jpg,01__outside_talking_still_laughing,train
data\processed\augmented\01__outside_talking_still_laughing\frame_0005_face_0_aug_0.jpg,01__outside_talking_still_laughing\frame_0005_face_0_aug_0.jpg,01__outside_talking_still_laughing,train
data\processed\augmented\01__outside_talking_still_laughing\frame_0017_face_0_aug_0.jpg,01__outside_talking_still_laughing\frame_0017_face_0_aug_0.jpg,01__outside_talking_still_laughing,train
data\processed\augmented\01__outside_talking_still_laughing\frame_0014_face_0_aug_0.jpg,01__outside_talking_still_laughing\frame_0014_face_0_aug_0.jpg,01__outside_talking_still_laughing,train
data\processed\augmented\01__outside_talking_still_laughing\frame_0000_face_0_aug_1.jpg,01__outside_talking_still_laughing\frame_0000_face_0_aug_1.jpg,01__outside_talking_still_laughing,train
data\processed\augmented\01__outside_talking_still_laughing\frame_0026_face_0_aug_0.jpg,01__outside_talking_still_laughing\frame_0026_face_0_aug_0.jpg,01__outside_talking_still_laughing,train
data\processed\augmented\01__outside_talking_still_laughing\frame_0029_face_0_aug_2.jpg,01__outside_talking_still_laughing\frame_0029_face_0_aug_2.jpg,01__outside_talking_still_laughing,train
data\processed\augmented\01__outside_talking_still_laughing\frame_0022_face_0_aug_1.jpg,01__outside_talking_still_laughing\frame_0022_face_0_aug_1.jpg,01__outside_talking_still_laughing,train
data\processed\augmented\01__outside_talking_still_laughing\frame_0019_face_0_aug_0.jpg,01__outside_talking_still_laughing\frame_0019_face_0_aug_0.jpg,01__outside_talking_still_laughing,train
data\processed\augmented\01__outside_talking_still_laughing\frame_0009_face_0_aug_1.jpg,01__outside_talking_still_laughing\frame_0009_face_0_aug_1.jpg,01__outside_talking_still_laughing,train
data\processed\augmented\01__outside_talking_still_laughing\frame_0022_face_0_aug_2.jpg,01__outside_talking_still_laughing\frame_0022_face_0_aug_2.jpg,01__outside_talking_still_laughing,train
data\processed\augmented\01__outside_talking_still_laughing\frame_0002_face_0_aug_0.jpg,01__outside_talking_still_laughing\frame_0002_face_0_aug_0.jpg,01__outside_talking_still_laughing,train
data\processed\augmented\01__outside_talking_still_laughing\frame_0025_face_0_aug_1.jpg,01__outside_talking_still_laughing\frame_0025_face_0_aug_1.jpg,01__outside_talking_still_laughing,train
data\processed\augmented\01__outside_talking_still_laughing\frame_0012_face_0_aug_1.jpg,01__outside_talking_still_laughing\frame_0012_face_0_aug_1.jpg,01__outside_talking_still_laughing,train
data\processed\augmented\01__outside_talking_still_laughing\frame_0024_face_0_aug_1.jpg,01__outside_talking_still_laughing\frame_0024_face_0_aug_1.jpg,01__outside_talking_still_laughing,train
data\processed\augmented\01__outside_talking_still_laughing\frame_0002_face_0_aug_2.jpg,01__outside_talking_still_laughing\frame_0002_face_0_aug_2.jpg,01__outside_talking_still_laughing,train
data\processed\augmented\01__outside_talking_still_laughing\frame_0024_face_0_aug_2.jpg,01__outside_talking_still_laughing\frame_0024_face_0_aug_2.jpg,01__outside_talking_still_laughing,train
data\processed\augmented\01__outside_talking_still_laughing\frame_0010_face_0_aug_2.jpg,01__outside_talking_still_laughing\frame_0010_face_0_aug_2.jpg,01__outside_talking_still_laughing,train
data\processed\augmented\01__outside_talking_still_laughing\frame_0015_face_0_aug_1.jpg,01__outside_talking_still_laughing\frame_0015_face_0_aug_1.jpg,01__outside_talking_still_laughing,train
data\processed\augmented\01__outside_talking_still_laughing\frame_0004_face_0_aug_2.jpg,01__outside_talking_still_laughing\frame_0004_face_0_aug_2.jpg,01__outside_talking_still_laughing,train
data\processed\augmented\01__outside_talking_still_laughing\frame_0025_face_0_aug_0.jpg,01__outside_talking_still_laughing\frame_0025_face_0_aug_0.jpg,01__outside_talking_still_laughing,train
data\processed\augmented\01__outside_talking_still_laughing\frame_0006_face_0_aug_1.jpg,01__outside_talking_still_laughing\frame_0006_face_0_aug_1.jpg,01__outside_talking_still_laughing,train
data\processed\augmented\01__outside_talking_still_laughing\frame_0026_face_0_aug_2.jpg,01__outside_talking_still_laughing\frame_0026_face_0_aug_2.jpg,01__outside_talking_still_laughing,train
data\processed\augmented\01__outside_talking_still_laughing\frame_0009_face_0_aug_0.jpg,01__outside_talking_still_laughing\frame_0009_face_0_aug_0.jpg,01__outside_talking_still_laughing,train
data\processed\augmented\01__outside_talking_still_laughing\frame_0029_face_0_aug_1.jpg,01__outside_talking_still_laughing\frame_0029_face_0_aug_1.jpg,01__outside_talking_still_laughing,train
data\processed\augmented\01__outside_talking_still_laughing\frame_0002_face_0_aug_1.jpg,01__outside_talking_still_laughing\frame_0002_face_0_aug_1.jpg,01__outside_talking_still_laughing,train
data\processed\augmented\01__outside_talking_still_laughing\frame_0018_face_0_aug_0.jpg,01__outside_talking_still_laughing\frame_0018_face_0_aug_0.jpg,01__outside_talking_still_laughing,train
data\processed\augmented\01__outside_talking_still_laughing\frame_0027_face_0_aug_2.jpg,01__outside_talking_still_laughing\frame_0027_face_0_aug_2.jpg,01__outside_talking_still_laughing,train
data\processed\augmented\01__outside_talking_still_laughing\frame_0028_face_0_aug_1.jpg,01__outside_talking_still_laughing\frame_0028_face_0_aug_1.jpg,01__outside_talking_still_laughing,train
data\processed\augmented\01__outside_talking_still_laughing\frame_0003_face_0_aug_2.jpg,01__outside_talking_still_laughing\frame_0003_face_0_aug_2.jpg,01__outside_talking_still_laughing,train
data\processed\augmented\01__outside_talking_still_laughing\frame_0008_face_0_aug_0.jpg,01__outside_talking_still_laughing\frame_0008_face_0_aug_0.jpg,01__outside_talking_still_laughing,train
data\processed\augmented\01__outside_talking_still_laughing\frame_0023_face_0_aug_2.jpg,01__outside_talking_still_laughing\frame_0023_face_0_aug_2.jpg,01__outside_talking_still_laughing,train
data\processed\augmented\01__outside_talking_still_laughing\frame_0021_face_0_aug_0.jpg,01__outside_talking_still_laughing\frame_0021_face_0_aug_0.jpg,01__outside_talking_still_laughing,train
data\processed\augmented\01__outside_talking_still_laughing\frame_0000_face_0_aug_2.jpg,01__outside_talking_still_laughing\frame_0000_face_0_aug_2.jpg,01__outside_talking_still_laughing,train
data\processed\augmented\01__outside_talking_still_laughing\frame_0029_face_0_aug_0.jpg,01__outside_talking_still_laughing\frame_0029_face_0_aug_0.jpg,01__outside_talking_still_laughing,train
data\processed\augmented\01__outside_talking_still_laughing\frame_0008_face_0_aug_1.jpg,01__outside_talking_still_laughing\frame_0008_face_0_aug_1.jpg,01__outside_talking_still_laughing,train
data\processed\augmented\01__outside_talking_still_laughing\frame_0001_face_0_aug_1.jpg,01__outside_talking_still_laughing\frame_0001_face_0_aug_1.jpg,01__outside_talking_still_laughing,train
data\processed\augmented\01__outside_talking_still_laughing\frame_0019_face_0_aug_1.jpg,01__outside_talking_still_laughing\frame_0019_face_0_aug_1.jpg,01__outside_talking_still_laughing,train
data\processed\augmented\01__outside_talking_still_laughing\frame_0005_face_0_aug_1.jpg,01__outside_talking_still_laughing\frame_0005_face_0_aug_1.jpg,01__outside_talking_still_laughing,train
data\processed\augmented\01__outside_talking_still_laughing\frame_0006_face_0_aug_0.jpg,01__outside_talking_still_laughing\frame_0006_face_0_aug_0.jpg,01__outside_talking_still_laughing,train
data\processed\augmented\01__outside_talking_still_laughing\frame_0011_face_0_aug_1.jpg,01__outside_talking_still_laughing\frame_0011_face_0_aug_1.jpg,01__outside_talking_still_laughing,train
data\processed\augmented\01__outside_talking_still_laughing\frame_0015_face_0_aug_2.jpg,01__outside_talking_still_laughing\frame_0015_face_0_aug_2.jpg,01__outside_talking_still_laughing,train
data\processed\augmented\01__outside_talking_still_laughing\frame_0025_face_0_aug_2.jpg,01__outside_talking_still_laughing\frame_0025_face_0_aug_2.jpg,01__outside_talking_still_laughing,train
data\processed\augmented\01__outside_talking_still_laughing\frame_0006_face_0_aug_2.jpg,01__outside_talking_still_laughing\frame_0006_face_0_aug_2.jpg,01__outside_talking_still_laughing,train
data\processed\augmented\01__outside_talking_still_laughing\frame_0010_face_0_aug_1.jpg,01__outside_talking_still_laughing\frame_0010_face_0_aug_1.jpg,01__outside_talking_still_laughing,train
data\processed\augmented\01__outside_talking_still_laughing\frame_0013_face_0_aug_2.jpg,01__outside_talking_still_laughing\frame_0013_face_0_aug_2.jpg,01__outside_talking_still_laughing,train
data\processed\augmented\01__walking_outside_cafe_disgusted\frame_0001_face_0_aug_2.jpg,01__walking_outside_cafe_disgusted\frame_0001_face_0_aug_2.jpg,01__walking_outside_cafe_disgusted,train
data\processed\augmented\01__walking_outside_cafe_disgusted\frame_0011_face_0_aug_0.jpg,01__walking_outside_cafe_disgusted\frame_0011_face_0_aug_0.jpg,01__walking_outside_cafe_disgusted,train
data\processed\augmented\01__walking_outside_cafe_disgusted\frame_0007_face_0_aug_2.jpg,01__walking_outside_cafe_disgusted\frame_0007_face_0_aug_2.jpg,01__walking_outside_cafe_disgusted,train
data\processed\augmented\01__walking_outside_cafe_disgusted\frame_0001_face_0_aug_1.jpg,01__walking_outside_cafe_disgusted\frame_0001_face_0_aug_1.jpg,01__walking_outside_cafe_disgusted,train
data\processed\augmented\01__walking_outside_cafe_disgusted\frame_0010_face_0_aug_2.jpg,01__walking_outside_cafe_disgusted\frame_0010_face_0_aug_2.jpg,01__walking_outside_cafe_disgusted,train
data\processed\augmented\01__walking_outside_cafe_disgusted\frame_0010_face_0_aug_0.jpg,01__walking_outside_cafe_disgusted\frame_0010_face_0_aug_0.jpg,01__walking_outside_cafe_disgusted,train
data\processed\augmented\01__walking_outside_cafe_disgusted\frame_0007_face_0_aug_1.jpg,01__walking_outside_cafe_disgusted\frame_0007_face_0_aug_1.jpg,01__walking_outside_cafe_disgusted,train
data\processed\augmented\01__walking_outside_cafe_disgusted\frame_0001_face_0_aug_0.jpg,01__walking_outside_cafe_disgusted\frame_0001_face_0_aug_0.jpg,01__walking_outside_cafe_disgusted,train
data\processed\augmented\01__walking_outside_cafe_disgusted\frame_0002_face_0_aug_1.jpg,01__walking_outside_cafe_disgusted\frame_0002_face_0_aug_1.jpg,01__walking_outside_cafe_disgusted,train
data\processed\augmented\01__walking_outside_cafe_disgusted\frame_0008_face_0_aug_0.jpg,01__walking_outside_cafe_disgusted\frame_0008_face_0_aug_0.jpg,01__walking_outside_cafe_disgusted,train
data\processed\augmented\01__walking_outside_cafe_disgusted\frame_0008_face_0_aug_2.jpg,01__walking_outside_cafe_disgusted\frame_0008_face_0_aug_2.jpg,01__walking_outside_cafe_disgusted,train
data\processed\augmented\01__walking_outside_cafe_disgusted\frame_0011_face_0_aug_2.jpg,01__walking_outside_cafe_disgusted\frame_0011_face_0_aug_2.jpg,01__walking_outside_cafe_disgusted,train
data\processed\augmented\01__walking_outside_cafe_disgusted\frame_0005_face_0_aug_0.jpg,01__walking_outside_cafe_disgusted\frame_0005_face_0_aug_0.jpg,01__walking_outside_cafe_disgusted,train
data\processed\augmented\01__walking_outside_cafe_disgusted\frame_0005_face_0_aug_2.jpg,01__walking_outside_cafe_disgusted\frame_0005_face_0_aug_2.jpg,01__walking_outside_cafe_disgusted,train
data\processed\augmented\01__walking_outside_cafe_disgusted\frame_0003_face_0_aug_1.jpg,01__walking_outside_cafe_disgusted\frame_0003_face_0_aug_1.jpg,01__walking_outside_cafe_disgusted,train
data\processed\augmented\01__walking_outside_cafe_disgusted\frame_0008_face_0_aug_1.jpg,01__walking_outside_cafe_disgusted\frame_0008_face_0_aug_1.jpg,01__walking_outside_cafe_disgusted,train
data\processed\augmented\01__walking_outside_cafe_disgusted\frame_0010_face_0_aug_1.jpg,01__walking_outside_cafe_disgusted\frame_0010_face_0_aug_1.jpg,01__walking_outside_cafe_disgusted,train
data\processed\augmented\01__walking_outside_cafe_disgusted\frame_0009_face_0_aug_1.jpg,01__walking_outside_cafe_disgusted\frame_0009_face_0_aug_1.jpg,01__walking_outside_cafe_disgusted,train
data\processed\augmented\01__walking_outside_cafe_disgusted\frame_0002_face_0_aug_2.jpg,01__walking_outside_cafe_disgusted\frame_0002_face_0_aug_2.jpg,01__walking_outside_cafe_disgusted,train
data\processed\augmented\01__walking_outside_cafe_disgusted\frame_0009_face_0_aug_0.jpg,01__walking_outside_cafe_disgusted\frame_0009_face_0_aug_0.jpg,01__walking_outside_cafe_disgusted,train
data\processed\augmented\01__walking_outside_cafe_disgusted\frame_0002_face_0_aug_0.jpg,01__walking_outside_cafe_disgusted\frame_0002_face_0_aug_0.jpg,01__walking_outside_cafe_disgusted,train
data\processed\augmented\01__walking_outside_cafe_disgusted\frame_0007_face_0_aug_0.jpg,01__walking_outside_cafe_disgusted\frame_0007_face_0_aug_0.jpg,01__walking_outside_cafe_disgusted,train
data\processed\augmented\01__walking_outside_cafe_disgusted\frame_0006_face_0_aug_1.jpg,01__walking_outside_cafe_disgusted\frame_0006_face_0_aug_1.jpg,01__walking_outside_cafe_disgusted,train
data\processed\augmented\020\frame_0012_face_0_aug_2.jpg,020\frame_0012_face_0_aug_2.jpg,020,train
data\processed\augmented\020\frame_0011_face_0_aug_0.jpg,020\frame_0011_face_0_aug_0.jpg,020,train
data\processed\augmented\020\frame_0000_face_0_aug_2.jpg,020\frame_0000_face_0_aug_2.jpg,020,train
data\processed\augmented\020\frame_0015_face_0_aug_0.jpg,020\frame_0015_face_0_aug_0.jpg,020,train
data\processed\augmented\020\frame_0009_face_0_aug_2.jpg,020\frame_0009_face_0_aug_2.jpg,020,train
data\processed\augmented\020\frame_0007_face_0_aug_1.jpg,020\frame_0007_face_0_aug_1.jpg,020,train
data\processed\augmented\020\frame_0006_face_0_aug_2.jpg,020\frame_0006_face_0_aug_2.jpg,020,train
data\processed\augmented\020\frame_0005_face_0_aug_2.jpg,020\frame_0005_face_0_aug_2.jpg,020,train
data\processed\augmented\020\frame_0010_face_0_aug_1.jpg,020\frame_0010_face_0_aug_1.jpg,020,train
data\processed\augmented\020\frame_0007_face_0_aug_0.jpg,020\frame_0007_face_0_aug_0.jpg,020,train
data\processed\augmented\020\frame_0001_face_0_aug_1.jpg,020\frame_0001_face_0_aug_1.jpg,020,train
data\processed\augmented\020\frame_0015_face_0_aug_2.jpg,020\frame_0015_face_0_aug_2.jpg,020,train
data\processed\augmented\020\frame_0013_face_0_aug_0.jpg,020\frame_0013_face_0_aug_0.jpg,020,train
data\processed\augmented\020\frame_0003_face_0_aug_0.jpg,020\frame_0003_face_0_aug_0.jpg,020,train
data\processed\augmented\020\frame_0008_face_0_aug_1.jpg,020\frame_0008_face_0_aug_1.jpg,020,train
data\processed\augmented\020\frame_0013_face_0_aug_2.jpg,020\frame_0013_face_0_aug_2.jpg,020,train
data\processed\augmented\020\frame_0011_face_0_aug_1.jpg,020\frame_0011_face_0_aug_1.jpg,020,train
data\processed\augmented\020\frame_0002_face_0_aug_2.jpg,020\frame_0002_face_0_aug_2.jpg,020,train
data\processed\augmented\020\frame_0003_face_0_aug_1.jpg,020\frame_0003_face_0_aug_1.jpg,020,train
data\processed\augmented\020\frame_0014_face_0_aug_0.jpg,020\frame_0014_face_0_aug_0.jpg,020,train
data\processed\augmented\020\frame_0001_face_0_aug_0.jpg,020\frame_0001_face_0_aug_0.jpg,020,train
data\processed\augmented\020\frame_0002_face_0_aug_1.jpg,020\frame_0002_face_0_aug_1.jpg,020,train
data\processed\augmented\020\frame_0014_face_0_aug_2.jpg,020\frame_0014_face_0_aug_2.jpg,020,train
data\processed\augmented\020\frame_0006_face_0_aug_0.jpg,020\frame_0006_face_0_aug_0.jpg,020,train
data\processed\augmented\020\frame_0005_face_0_aug_0.jpg,020\frame_0005_face_0_aug_0.jpg,020,train
data\processed\augmented\020\frame_0000_face_0_aug_1.jpg,020\frame_0000_face_0_aug_1.jpg,020,train
data\processed\augmented\020\frame_0010_face_0_aug_0.jpg,020\frame_0010_face_0_aug_0.jpg,020,train
data\processed\augmented\020\frame_0003_face_0_aug_2.jpg,020\frame_0003_face_0_aug_2.jpg,020,train
data\processed\augmented\020\frame_0004_face_0_aug_1.jpg,020\frame_0004_face_0_aug_1.jpg,020,train
data\processed\augmented\020\frame_0010_face_0_aug_2.jpg,020\frame_0010_face_0_aug_2.jpg,020,train
data\processed\augmented\020\frame_0007_face_0_aug_2.jpg,020\frame_0007_face_0_aug_2.jpg,020,train
data\processed\augmented\020\frame_0009_face_0_aug_1.jpg,020\frame_0009_face_0_aug_1.jpg,020,train
data\processed\augmented\021\frame_0016_face_0_aug_2.jpg,021\frame_0016_face_0_aug_2.jpg,021,train
data\processed\augmented\021\frame_0009_face_0_aug_0.jpg,021\frame_0009_face_0_aug_0.jpg,021,train
data\processed\augmented\021\frame_0013_face_0_aug_1.jpg,021\frame_0013_face_0_aug_1.jpg,021,train
data\processed\augmented\021\frame_0012_face_0_aug_2.jpg,021\frame_0012_face_0_aug_2.jpg,021,train
data\processed\augmented\021\frame_0013_face_0_aug_0.jpg,021\frame_0013_face_0_aug_0.jpg,021,train
data\processed\augmented\021\frame_0009_face_0_aug_1.jpg,021\frame_0009_face_0_aug_1.jpg,021,train
data\processed\augmented\021\frame_0009_face_0_aug_2.jpg,021\frame_0009_face_0_aug_2.jpg,021,train
data\processed\augmented\021\frame_0012_face_0_aug_1.jpg,021\frame_0012_face_0_aug_1.jpg,021,train
data\processed\augmented\022\frame_0009_face_0_aug_2.jpg,022\frame_0009_face_0_aug_2.jpg,022,train
data\processed\augmented\022\frame_0001_face_0_aug_0.jpg,022\frame_0001_face_0_aug_0.jpg,022,train
data\processed\augmented\022\frame_0008_face_0_aug_1.jpg,022\frame_0008_face_0_aug_1.jpg,022,train
data\processed\augmented\022\frame_0002_face_0_aug_0.jpg,022\frame_0002_face_0_aug_0.jpg,022,train
data\processed\augmented\022\frame_0005_face_0_aug_2.jpg,022\frame_0005_face_0_aug_2.jpg,022,train
data\processed\augmented\022\frame_0012_face_0_aug_1.jpg,022\frame_0012_face_0_aug_1.jpg,022,train
data\processed\augmented\022\frame_0002_face_0_aug_2.jpg,022\frame_0002_face_0_aug_2.jpg,022,train
data\processed\augmented\022\frame_0001_face_0_aug_2.jpg,022\frame_0001_face_0_aug_2.jpg,022,train
data\processed\augmented\022\frame_0000_face_0_aug_0.jpg,022\frame_0000_face_0_aug_0.jpg,022,train
data\processed\augmented\022\frame_0010_face_0_aug_1.jpg,022\frame_0010_face_0_aug_1.jpg,022,train
data\processed\augmented\022\frame_0009_face_0_aug_0.jpg,022\frame_0009_face_0_aug_0.jpg,022,train
data\processed\augmented\022\frame_0008_face_0_aug_0.jpg,022\frame_0008_face_0_aug_0.jpg,022,train
data\processed\augmented\022\frame_0002_face_0_aug_1.jpg,022\frame_0002_face_0_aug_1.jpg,022,train
data\processed\augmented\022\frame_0005_face_0_aug_0.jpg,022\frame_0005_face_0_aug_0.jpg,022,train
data\processed\augmented\022\frame_0006_face_0_aug_0.jpg,022\frame_0006_face_0_aug_0.jpg,022,train
data\processed\augmented\022\frame_0007_face_0_aug_2.jpg,022\frame_0007_face_0_aug_2.jpg,022,train
data\processed\augmented\022\frame_0004_face_0_aug_2.jpg,022\frame_0004_face_0_aug_2.jpg,022,train
data\processed\augmented\022\frame_0011_face_0_aug_1.jpg,022\frame_0011_face_0_aug_1.jpg,022,train
data\processed\augmented\022\frame_0000_face_0_aug_2.jpg,022\frame_0000_face_0_aug_2.jpg,022,train
data\processed\augmented\022\frame_0003_face_0_aug_1.jpg,022\frame_0003_face_0_aug_1.jpg,022,train
data\processed\augmented\022\frame_0005_face_0_aug_1.jpg,022\frame_0005_face_0_aug_1.jpg,022,train
data\processed\augmented\022\frame_0011_face_0_aug_2.jpg,022\frame_0011_face_0_aug_2.jpg,022,train
data\processed\augmented\022\frame_0012_face_0_aug_2.jpg,022\frame_0012_face_0_aug_2.jpg,022,train
data\processed\augmented\022\frame_0004_face_0_aug_0.jpg,022\frame_0004_face_0_aug_0.jpg,022,train
data\processed\augmented\022\frame_0010_face_0_aug_2.jpg,022\frame_0010_face_0_aug_2.jpg,022,train
data\processed\augmented\022\frame_0003_face_0_aug_2.jpg,022\frame_0003_face_0_aug_2.jpg,022,train
data\processed\augmented\022\frame_0006_face_0_aug_2.jpg,022\frame_0006_face_0_aug_2.jpg,022,train
data\processed\augmented\023\frame_0022_face_0_aug_2.jpg,023\frame_0022_face_0_aug_2.jpg,023,train
data\processed\augmented\023\frame_0008_face_0_aug_2.jpg,023\frame_0008_face_0_aug_2.jpg,023,train
data\processed\augmented\023\frame_0021_face_0_aug_0.jpg,023\frame_0021_face_0_aug_0.jpg,023,train
data\processed\augmented\023\frame_0015_face_0_aug_1.jpg,023\frame_0015_face_0_aug_1.jpg,023,train
data\processed\augmented\023\frame_0015_face_0_aug_0.jpg,023\frame_0015_face_0_aug_0.jpg,023,train
data\processed\augmented\023\frame_0011_face_0_aug_2.jpg,023\frame_0011_face_0_aug_2.jpg,023,train
data\processed\augmented\023\frame_0010_face_0_aug_0.jpg,023\frame_0010_face_0_aug_0.jpg,023,train
data\processed\augmented\023\frame_0003_face_0_aug_2.jpg,023\frame_0003_face_0_aug_2.jpg,023,train
data\processed\augmented\023\frame_0018_face_0_aug_1.jpg,023\frame_0018_face_0_aug_1.jpg,023,train
data\processed\augmented\023\frame_0012_face_0_aug_0.jpg,023\frame_0012_face_0_aug_0.jpg,023,train
data\processed\augmented\023\frame_0000_face_0_aug_1.jpg,023\frame_0000_face_0_aug_1.jpg,023,train
data\processed\augmented\023\frame_0017_face_0_aug_1.jpg,023\frame_0017_face_0_aug_1.jpg,023,train
data\processed\augmented\023\frame_0006_face_0_aug_2.jpg,023\frame_0006_face_0_aug_2.jpg,023,train
data\processed\augmented\023\frame_0013_face_0_aug_1.jpg,023\frame_0013_face_0_aug_1.jpg,023,train
data\processed\augmented\023\frame_0005_face_0_aug_1.jpg,023\frame_0005_face_0_aug_1.jpg,023,train
data\processed\augmented\023\frame_0002_face_0_aug_2.jpg,023\frame_0002_face_0_aug_2.jpg,023,train
data\processed\augmented\023\frame_0005_face_0_aug_2.jpg,023\frame_0005_face_0_aug_2.jpg,023,train
data\processed\augmented\023\frame_0016_face_0_aug_2.jpg,023\frame_0016_face_0_aug_2.jpg,023,train
data\processed\augmented\023\frame_0016_face_0_aug_1.jpg,023\frame_0016_face_0_aug_1.jpg,023,train
data\processed\augmented\023\frame_0005_face_0_aug_0.jpg,023\frame_0005_face_0_aug_0.jpg,023,train
data\processed\augmented\023\frame_0020_face_0_aug_0.jpg,023\frame_0020_face_0_aug_0.jpg,023,train
data\processed\augmented\023\frame_0020_face_0_aug_2.jpg,023\frame_0020_face_0_aug_2.jpg,023,train
data\processed\augmented\023\frame_0014_face_0_aug_0.jpg,023\frame_0014_face_0_aug_0.jpg,023,train
data\processed\augmented\023\frame_0022_face_0_aug_1.jpg,023\frame_0022_face_0_aug_1.jpg,023,train
data\processed\augmented\023\frame_0004_face_0_aug_2.jpg,023\frame_0004_face_0_aug_2.jpg,023,train
data\processed\augmented\023\frame_0021_face_0_aug_2.jpg,023\frame_0021_face_0_aug_2.jpg,023,train
data\processed\augmented\023\frame_0002_face_0_aug_0.jpg,023\frame_0002_face_0_aug_0.jpg,023,train
data\processed\augmented\023\frame_0007_face_0_aug_2.jpg,023\frame_0007_face_0_aug_2.jpg,023,train
data\processed\augmented\023\frame_0019_face_0_aug_2.jpg,023\frame_0019_face_0_aug_2.jpg,023,train
data\processed\augmented\023\frame_0008_face_0_aug_1.jpg,023\frame_0008_face_0_aug_1.jpg,023,train
data\processed\augmented\023\frame_0001_face_0_aug_2.jpg,023\frame_0001_face_0_aug_2.jpg,023,train
data\processed\augmented\023\frame_0012_face_0_aug_1.jpg,023\frame_0012_face_0_aug_1.jpg,023,train
data\processed\augmented\023\frame_0019_face_0_aug_1.jpg,023\frame_0019_face_0_aug_1.jpg,023,train
data\processed\augmented\023\frame_0013_face_0_aug_2.jpg,023\frame_0013_face_0_aug_2.jpg,023,train
data\processed\augmented\023\frame_0004_face_0_aug_1.jpg,023\frame_0004_face_0_aug_1.jpg,023,train
data\processed\augmented\023\frame_0014_face_0_aug_1.jpg,023\frame_0014_face_0_aug_1.jpg,023,train
data\processed\augmented\023\frame_0011_face_0_aug_1.jpg,023\frame_0011_face_0_aug_1.jpg,023,train
data\processed\augmented\023\frame_0012_face_0_aug_2.jpg,023\frame_0012_face_0_aug_2.jpg,023,train
data\processed\augmented\023\frame_0006_face_0_aug_1.jpg,023\frame_0006_face_0_aug_1.jpg,023,train
data\processed\augmented\023\frame_0017_face_0_aug_0.jpg,023\frame_0017_face_0_aug_0.jpg,023,train
data\processed\augmented\023\frame_0013_face_0_aug_0.jpg,023\frame_0013_face_0_aug_0.jpg,023,train
data\processed\augmented\023\frame_0018_face_0_aug_2.jpg,023\frame_0018_face_0_aug_2.jpg,023,train
data\processed\augmented\023\frame_0010_face_0_aug_2.jpg,023\frame_0010_face_0_aug_2.jpg,023,train
data\processed\augmented\023\frame_0020_face_0_aug_1.jpg,023\frame_0020_face_0_aug_1.jpg,023,train
data\processed\augmented\023\frame_0018_face_0_aug_0.jpg,023\frame_0018_face_0_aug_0.jpg,023,train
data\processed\augmented\023\frame_0007_face_0_aug_0.jpg,023\frame_0007_face_0_aug_0.jpg,023,train
data\processed\augmented\023\frame_0008_face_0_aug_0.jpg,023\frame_0008_face_0_aug_0.jpg,023,train
data\processed\augmented\024\frame_0004_face_0_aug_2.jpg,024\frame_0004_face_0_aug_2.jpg,024,train
data\processed\augmented\024\frame_0008_face_0_aug_1.jpg,024\frame_0008_face_0_aug_1.jpg,024,train
data\processed\augmented\024\frame_0003_face_0_aug_2.jpg,024\frame_0003_face_0_aug_2.jpg,024,train
data\processed\augmented\024\frame_0007_face_0_aug_0.jpg,024\frame_0007_face_0_aug_0.jpg,024,train
data\processed\augmented\024\frame_0003_face_0_aug_0.jpg,024\frame_0003_face_0_aug_0.jpg,024,train
data\processed\augmented\024\frame_0011_face_0_aug_0.jpg,024\frame_0011_face_0_aug_0.jpg,024,train
data\processed\augmented\024\frame_0011_face_0_aug_1.jpg,024\frame_0011_face_0_aug_1.jpg,024,train
data\processed\augmented\024\frame_0000_face_0_aug_1.jpg,024\frame_0000_face_0_aug_1.jpg,024,train
data\processed\augmented\024\frame_0001_face_0_aug_2.jpg,024\frame_0001_face_0_aug_2.jpg,024,train
data\processed\augmented\024\frame_0007_face_0_aug_1.jpg,024\frame_0007_face_0_aug_1.jpg,024,train
data\processed\augmented\024\frame_0004_face_0_aug_0.jpg,024\frame_0004_face_0_aug_0.jpg,024,train
data\processed\augmented\024\frame_0002_face_0_aug_2.jpg,024\frame_0002_face_0_aug_2.jpg,024,train
data\processed\augmented\024\frame_0002_face_0_aug_0.jpg,024\frame_0002_face_0_aug_0.jpg,024,train
data\processed\augmented\024\frame_0005_face_0_aug_2.jpg,024\frame_0005_face_0_aug_2.jpg,024,train
data\processed\augmented\024\frame_0003_face_0_aug_1.jpg,024\frame_0003_face_0_aug_1.jpg,024,train
data\processed\augmented\024\frame_0006_face_0_aug_2.jpg,024\frame_0006_face_0_aug_2.jpg,024,train
data\processed\augmented\024\frame_0010_face_0_aug_2.jpg,024\frame_0010_face_0_aug_2.jpg,024,train
data\processed\augmented\024\frame_0009_face_0_aug_1.jpg,024\frame_0009_face_0_aug_1.jpg,024,train
data\processed\augmented\024\frame_0009_face_0_aug_0.jpg,024\frame_0009_face_0_aug_0.jpg,024,train
data\processed\augmented\024\frame_0001_face_0_aug_1.jpg,024\frame_0001_face_0_aug_1.jpg,024,train
data\processed\augmented\024\frame_0006_face_0_aug_1.jpg,024\frame_0006_face_0_aug_1.jpg,024,train
data\processed\augmented\024\frame_0008_face_0_aug_0.jpg,024\frame_0008_face_0_aug_0.jpg,024,train
data\processed\augmented\024\frame_0007_face_0_aug_2.jpg,024\frame_0007_face_0_aug_2.jpg,024,train
data\processed\augmented\024\frame_0000_face_0_aug_0.jpg,024\frame_0000_face_0_aug_0.jpg,024,train
data\processed\augmented\02__exit_phone_room\frame_0007_face_0_aug_2.jpg,02__exit_phone_room\frame_0007_face_0_aug_2.jpg,02__exit_phone_room,train
data\processed\augmented\02__exit_phone_room\frame_0011_face_0_aug_1.jpg,02__exit_phone_room\frame_0011_face_0_aug_1.jpg,02__exit_phone_room,train
data\processed\augmented\02__exit_phone_room\frame_0006_face_0_aug_2.jpg,02__exit_phone_room\frame_0006_face_0_aug_2.jpg,02__exit_phone_room,train
data\processed\augmented\02__exit_phone_room\frame_0010_face_0_aug_0.jpg,02__exit_phone_room\frame_0010_face_0_aug_0.jpg,02__exit_phone_room,train
data\processed\augmented\02__exit_phone_room\frame_0006_face_0_aug_0.jpg,02__exit_phone_room\frame_0006_face_0_aug_0.jpg,02__exit_phone_room,train
data\processed\augmented\02__exit_phone_room\frame_0014_face_0_aug_0.jpg,02__exit_phone_room\frame_0014_face_0_aug_0.jpg,02__exit_phone_room,train
data\processed\augmented\02__exit_phone_room\frame_0014_face_0_aug_1.jpg,02__exit_phone_room\frame_0014_face_0_aug_1.jpg,02__exit_phone_room,train
data\processed\augmented\02__exit_phone_room\frame_0003_face_0_aug_1.jpg,02__exit_phone_room\frame_0003_face_0_aug_1.jpg,02__exit_phone_room,train
data\processed\augmented\02__exit_phone_room\frame_0004_face_0_aug_2.jpg,02__exit_phone_room\frame_0004_face_0_aug_2.jpg,02__exit_phone_room,train
data\processed\augmented\02__exit_phone_room\frame_0010_face_0_aug_1.jpg,02__exit_phone_room\frame_0010_face_0_aug_1.jpg,02__exit_phone_room,train
data\processed\augmented\02__exit_phone_room\frame_0007_face_0_aug_0.jpg,02__exit_phone_room\frame_0007_face_0_aug_0.jpg,02__exit_phone_room,train
data\processed\augmented\02__exit_phone_room\frame_0005_face_0_aug_2.jpg,02__exit_phone_room\frame_0005_face_0_aug_2.jpg,02__exit_phone_room,train
data\processed\augmented\02__exit_phone_room\frame_0005_face_0_aug_0.jpg,02__exit_phone_room\frame_0005_face_0_aug_0.jpg,02__exit_phone_room,train
data\processed\augmented\02__exit_phone_room\frame_0008_face_0_aug_2.jpg,02__exit_phone_room\frame_0008_face_0_aug_2.jpg,02__exit_phone_room,train
data\processed\augmented\02__exit_phone_room\frame_0006_face_0_aug_1.jpg,02__exit_phone_room\frame_0006_face_0_aug_1.jpg,02__exit_phone_room,train
data\processed\augmented\02__exit_phone_room\frame_0009_face_0_aug_2.jpg,02__exit_phone_room\frame_0009_face_0_aug_2.jpg,02__exit_phone_room,train
data\processed\augmented\02__exit_phone_room\frame_0013_face_0_aug_2.jpg,02__exit_phone_room\frame_0013_face_0_aug_2.jpg,02__exit_phone_room,train
data\processed\augmented\02__exit_phone_room\frame_0012_face_0_aug_1.jpg,02__exit_phone_room\frame_0012_face_0_aug_1.jpg,02__exit_phone_room,train
data\processed\augmented\02__exit_phone_room\frame_0012_face_0_aug_0.jpg,02__exit_phone_room\frame_0012_face_0_aug_0.jpg,02__exit_phone_room,train
data\processed\augmented\02__exit_phone_room\frame_0004_face_0_aug_1.jpg,02__exit_phone_room\frame_0004_face_0_aug_1.jpg,02__exit_phone_room,train
data\processed\augmented\02__exit_phone_room\frame_0009_face_0_aug_1.jpg,02__exit_phone_room\frame_0009_face_0_aug_1.jpg,02__exit_phone_room,train
data\processed\augmented\02__exit_phone_room\frame_0011_face_0_aug_0.jpg,02__exit_phone_room\frame_0011_face_0_aug_0.jpg,02__exit_phone_room,train
data\processed\augmented\02__exit_phone_room\frame_0010_face_0_aug_2.jpg,02__exit_phone_room\frame_0010_face_0_aug_2.jpg,02__exit_phone_room,train
data\processed\augmented\02__exit_phone_room\frame_0003_face_0_aug_0.jpg,02__exit_phone_room\frame_0003_face_0_aug_0.jpg,02__exit_phone_room,train
data\processed\augmented\02__meeting_serious\frame_0019_face_0_aug_2.jpg,02__meeting_serious\frame_0019_face_0_aug_2.jpg,02__meeting_serious,train
data\processed\augmented\02__meeting_serious\frame_0001_face_0_aug_0.jpg,02__meeting_serious\frame_0001_face_0_aug_0.jpg,02__meeting_serious,train
data\processed\augmented\02__meeting_serious\frame_0010_face_0_aug_0.jpg,02__meeting_serious\frame_0010_face_0_aug_0.jpg,02__meeting_serious,train
data\processed\augmented\02__meeting_serious\frame_0020_face_0_aug_2.jpg,02__meeting_serious\frame_0020_face_0_aug_2.jpg,02__meeting_serious,train
data\processed\augmented\02__meeting_serious\frame_0005_face_0_aug_2.jpg,02__meeting_serious\frame_0005_face_0_aug_2.jpg,02__meeting_serious,train
data\processed\augmented\02__meeting_serious\frame_0015_face_0_aug_0.jpg,02__meeting_serious\frame_0015_face_0_aug_0.jpg,02__meeting_serious,train
data\processed\augmented\02__meeting_serious\frame_0017_face_0_aug_2.jpg,02__meeting_serious\frame_0017_face_0_aug_2.jpg,02__meeting_serious,train
data\processed\augmented\02__meeting_serious\frame_0012_face_0_aug_0.jpg,02__meeting_serious\frame_0012_face_0_aug_0.jpg,02__meeting_serious,train
data\processed\augmented\02__meeting_serious\frame_0021_face_0_aug_1.jpg,02__meeting_serious\frame_0021_face_0_aug_1.jpg,02__meeting_serious,train
data\processed\augmented\02__meeting_serious\frame_0003_face_0_aug_0.jpg,02__meeting_serious\frame_0003_face_0_aug_0.jpg,02__meeting_serious,train
data\processed\augmented\02__meeting_serious\frame_0017_face_0_aug_1.jpg,02__meeting_serious\frame_0017_face_0_aug_1.jpg,02__meeting_serious,train
data\processed\augmented\02__meeting_serious\frame_0026_face_0_aug_1.jpg,02__meeting_serious\frame_0026_face_0_aug_1.jpg,02__meeting_serious,train
data\processed\augmented\02__meeting_serious\frame_0004_face_0_aug_1.jpg,02__meeting_serious\frame_0004_face_0_aug_1.jpg,02__meeting_serious,train
data\processed\augmented\02__meeting_serious\frame_0023_face_0_aug_0.jpg,02__meeting_serious\frame_0023_face_0_aug_0.jpg,02__meeting_serious,train
data\processed\augmented\02__meeting_serious\frame_0009_face_0_aug_2.jpg,02__meeting_serious\frame_0009_face_0_aug_2.jpg,02__meeting_serious,train
data\processed\augmented\02__meeting_serious\frame_0014_face_0_aug_1.jpg,02__meeting_serious\frame_0014_face_0_aug_1.jpg,02__meeting_serious,train
data\processed\augmented\02__meeting_serious\frame_0020_face_0_aug_0.jpg,02__meeting_serious\frame_0020_face_0_aug_0.jpg,02__meeting_serious,train
data\processed\augmented\02__meeting_serious\frame_0005_face_0_aug_0.jpg,02__meeting_serious\frame_0005_face_0_aug_0.jpg,02__meeting_serious,train
data\processed\augmented\02__meeting_serious\frame_0017_face_0_aug_0.jpg,02__meeting_serious\frame_0017_face_0_aug_0.jpg,02__meeting_serious,train
data\processed\augmented\02__meeting_serious\frame_0014_face_0_aug_0.jpg,02__meeting_serious\frame_0014_face_0_aug_0.jpg,02__meeting_serious,train
data\processed\augmented\02__meeting_serious\frame_0000_face_0_aug_1.jpg,02__meeting_serious\frame_0000_face_0_aug_1.jpg,02__meeting_serious,train
data\processed\augmented\02__meeting_serious\frame_0026_face_0_aug_0.jpg,02__meeting_serious\frame_0026_face_0_aug_0.jpg,02__meeting_serious,train
data\processed\augmented\02__meeting_serious\frame_0029_face_0_aug_2.jpg,02__meeting_serious\frame_0029_face_0_aug_2.jpg,02__meeting_serious,train
data\processed\augmented\02__meeting_serious\frame_0022_face_0_aug_1.jpg,02__meeting_serious\frame_0022_face_0_aug_1.jpg,02__meeting_serious,train
data\processed\augmented\02__meeting_serious\frame_0019_face_0_aug_0.jpg,02__meeting_serious\frame_0019_face_0_aug_0.jpg,02__meeting_serious,train
data\processed\augmented\02__meeting_serious\frame_0009_face_0_aug_1.jpg,02__meeting_serious\frame_0009_face_0_aug_1.jpg,02__meeting_serious,train
data\processed\augmented\02__meeting_serious\frame_0022_face_0_aug_2.jpg,02__meeting_serious\frame_0022_face_0_aug_2.jpg,02__meeting_serious,train
data\processed\augmented\02__meeting_serious\frame_0002_face_0_aug_0.jpg,02__meeting_serious\frame_0002_face_0_aug_0.jpg,02__meeting_serious,train
data\processed\augmented\02__meeting_serious\frame_0025_face_0_aug_1.jpg,02__meeting_serious\frame_0025_face_0_aug_1.jpg,02__meeting_serious,train
data\processed\augmented\02__meeting_serious\frame_0012_face_0_aug_1.jpg,02__meeting_serious\frame_0012_face_0_aug_1.jpg,02__meeting_serious,train
data\processed\augmented\02__meeting_serious\frame_0024_face_0_aug_1.jpg,02__meeting_serious\frame_0024_face_0_aug_1.jpg,02__meeting_serious,train
data\processed\augmented\02__meeting_serious\frame_0002_face_0_aug_2.jpg,02__meeting_serious\frame_0002_face_0_aug_2.jpg,02__meeting_serious,train
data\processed\augmented\02__meeting_serious\frame_0024_face_0_aug_2.jpg,02__meeting_serious\frame_0024_face_0_aug_2.jpg,02__meeting_serious,train
data\processed\augmented\02__meeting_serious\frame_0010_face_0_aug_2.jpg,02__meeting_serious\frame_0010_face_0_aug_2.jpg,02__meeting_serious,train
data\processed\augmented\02__meeting_serious\frame_0015_face_0_aug_1.jpg,02__meeting_serious\frame_0015_face_0_aug_1.jpg,02__meeting_serious,train
data\processed\augmented\02__meeting_serious\frame_0004_face_0_aug_2.jpg,02__meeting_serious\frame_0004_face_0_aug_2.jpg,02__meeting_serious,train
data\processed\augmented\02__meeting_serious\frame_0025_face_0_aug_0.jpg,02__meeting_serious\frame_0025_face_0_aug_0.jpg,02__meeting_serious,train
data\processed\augmented\02__meeting_serious\frame_0006_face_0_aug_1.jpg,02__meeting_serious\frame_0006_face_0_aug_1.jpg,02__meeting_serious,train
data\processed\augmented\02__meeting_serious\frame_0026_face_0_aug_2.jpg,02__meeting_serious\frame_0026_face_0_aug_2.jpg,02__meeting_serious,train
data\processed\augmented\02__meeting_serious\frame_0009_face_0_aug_0.jpg,02__meeting_serious\frame_0009_face_0_aug_0.jpg,02__meeting_serious,train
data\processed\augmented\02__meeting_serious\frame_0029_face_0_aug_1.jpg,02__meeting_serious\frame_0029_face_0_aug_1.jpg,02__meeting_serious,train
data\processed\augmented\02__meeting_serious\frame_0002_face_0_aug_1.jpg,02__meeting_serious\frame_0002_face_0_aug_1.jpg,02__meeting_serious,train
data\processed\augmented\02__meeting_serious\frame_0018_face_0_aug_0.jpg,02__meeting_serious\frame_0018_face_0_aug_0.jpg,02__meeting_serious,train
data\processed\augmented\02__meeting_serious\frame_0027_face_0_aug_2.jpg,02__meeting_serious\frame_0027_face_0_aug_2.jpg,02__meeting_serious,train
data\processed\augmented\02__meeting_serious\frame_0028_face_0_aug_1.jpg,02__meeting_serious\frame_0028_face_0_aug_1.jpg,02__meeting_serious,train
data\processed\augmented\02__meeting_serious\frame_0003_face_0_aug_2.jpg,02__meeting_serious\frame_0003_face_0_aug_2.jpg,02__meeting_serious,train
data\processed\augmented\02__meeting_serious\frame_0008_face_0_aug_0.jpg,02__meeting_serious\frame_0008_face_0_aug_0.jpg,02__meeting_serious,train
data\processed\augmented\02__meeting_serious\frame_0023_face_0_aug_2.jpg,02__meeting_serious\frame_0023_face_0_aug_2.jpg,02__meeting_serious,train
data\processed\augmented\02__meeting_serious\frame_0021_face_0_aug_0.jpg,02__meeting_serious\frame_0021_face_0_aug_0.jpg,02__meeting_serious,train
data\processed\augmented\02__meeting_serious\frame_0000_face_0_aug_2.jpg,02__meeting_serious\frame_0000_face_0_aug_2.jpg,02__meeting_serious,train
data\processed\augmented\02__meeting_serious\frame_0029_face_0_aug_0.jpg,02__meeting_serious\frame_0029_face_0_aug_0.jpg,02__meeting_serious,train
data\processed\augmented\02__meeting_serious\frame_0008_face_0_aug_1.jpg,02__meeting_serious\frame_0008_face_0_aug_1.jpg,02__meeting_serious,train
data\processed\augmented\02__meeting_serious\frame_0001_face_0_aug_1.jpg,02__meeting_serious\frame_0001_face_0_aug_1.jpg,02__meeting_serious,train
data\processed\augmented\02__meeting_serious\frame_0019_face_0_aug_1.jpg,02__meeting_serious\frame_0019_face_0_aug_1.jpg,02__meeting_serious,train
data\processed\augmented\02__meeting_serious\frame_0005_face_0_aug_1.jpg,02__meeting_serious\frame_0005_face_0_aug_1.jpg,02__meeting_serious,train
data\processed\augmented\02__meeting_serious\frame_0006_face_0_aug_0.jpg,02__meeting_serious\frame_0006_face_0_aug_0.jpg,02__meeting_serious,train
data\processed\augmented\02__meeting_serious\frame_0011_face_0_aug_1.jpg,02__meeting_serious\frame_0011_face_0_aug_1.jpg,02__meeting_serious,train
data\processed\augmented\02__meeting_serious\frame_0015_face_0_aug_2.jpg,02__meeting_serious\frame_0015_face_0_aug_2.jpg,02__meeting_serious,train
data\processed\augmented\02__meeting_serious\frame_0025_face_0_aug_2.jpg,02__meeting_serious\frame_0025_face_0_aug_2.jpg,02__meeting_serious,train
data\processed\augmented\02__meeting_serious\frame_0006_face_0_aug_2.jpg,02__meeting_serious\frame_0006_face_0_aug_2.jpg,02__meeting_serious,train
data\processed\augmented\02__meeting_serious\frame_0010_face_0_aug_1.jpg,02__meeting_serious\frame_0010_face_0_aug_1.jpg,02__meeting_serious,train
data\processed\augmented\02__meeting_serious\frame_0013_face_0_aug_2.jpg,02__meeting_serious\frame_0013_face_0_aug_2.jpg,02__meeting_serious,train
data\processed\augmented\02__podium_speech_happy\frame_0019_face_0_aug_2.jpg,02__podium_speech_happy\frame_0019_face_0_aug_2.jpg,02__podium_speech_happy,train
data\processed\augmented\02__podium_speech_happy\frame_0001_face_0_aug_0.jpg,02__podium_speech_happy\frame_0001_face_0_aug_0.jpg,02__podium_speech_happy,train
data\processed\augmented\02__podium_speech_happy\frame_0010_face_0_aug_0.jpg,02__podium_speech_happy\frame_0010_face_0_aug_0.jpg,02__podium_speech_happy,train
data\processed\augmented\02__podium_speech_happy\frame_0020_face_0_aug_2.jpg,02__podium_speech_happy\frame_0020_face_0_aug_2.jpg,02__podium_speech_happy,train
data\processed\augmented\02__podium_speech_happy\frame_0005_face_0_aug_2.jpg,02__podium_speech_happy\frame_0005_face_0_aug_2.jpg,02__podium_speech_happy,train
data\processed\augmented\02__podium_speech_happy\frame_0015_face_0_aug_0.jpg,02__podium_speech_happy\frame_0015_face_0_aug_0.jpg,02__podium_speech_happy,train
data\processed\augmented\02__podium_speech_happy\frame_0017_face_0_aug_2.jpg,02__podium_speech_happy\frame_0017_face_0_aug_2.jpg,02__podium_speech_happy,train
data\processed\augmented\02__podium_speech_happy\frame_0012_face_0_aug_0.jpg,02__podium_speech_happy\frame_0012_face_0_aug_0.jpg,02__podium_speech_happy,train
data\processed\augmented\02__podium_speech_happy\frame_0021_face_0_aug_1.jpg,02__podium_speech_happy\frame_0021_face_0_aug_1.jpg,02__podium_speech_happy,train
data\processed\augmented\02__podium_speech_happy\frame_0003_face_0_aug_0.jpg,02__podium_speech_happy\frame_0003_face_0_aug_0.jpg,02__podium_speech_happy,train
data\processed\augmented\02__podium_speech_happy\frame_0017_face_0_aug_1.jpg,02__podium_speech_happy\frame_0017_face_0_aug_1.jpg,02__podium_speech_happy,train
data\processed\augmented\02__podium_speech_happy\frame_0026_face_0_aug_1.jpg,02__podium_speech_happy\frame_0026_face_0_aug_1.jpg,02__podium_speech_happy,train
data\processed\augmented\02__podium_speech_happy\frame_0004_face_0_aug_1.jpg,02__podium_speech_happy\frame_0004_face_0_aug_1.jpg,02__podium_speech_happy,train
data\processed\augmented\02__podium_speech_happy\frame_0023_face_0_aug_0.jpg,02__podium_speech_happy\frame_0023_face_0_aug_0.jpg,02__podium_speech_happy,train
data\processed\augmented\02__podium_speech_happy\frame_0009_face_0_aug_2.jpg,02__podium_speech_happy\frame_0009_face_0_aug_2.jpg,02__podium_speech_happy,train
data\processed\augmented\02__podium_speech_happy\frame_0014_face_0_aug_1.jpg,02__podium_speech_happy\frame_0014_face_0_aug_1.jpg,02__podium_speech_happy,train
data\processed\augmented\02__podium_speech_happy\frame_0020_face_0_aug_0.jpg,02__podium_speech_happy\frame_0020_face_0_aug_0.jpg,02__podium_speech_happy,train
data\processed\augmented\02__podium_speech_happy\frame_0005_face_0_aug_0.jpg,02__podium_speech_happy\frame_0005_face_0_aug_0.jpg,02__podium_speech_happy,train
data\processed\augmented\02__podium_speech_happy\frame_0017_face_0_aug_0.jpg,02__podium_speech_happy\frame_0017_face_0_aug_0.jpg,02__podium_speech_happy,train
data\processed\augmented\02__podium_speech_happy\frame_0014_face_0_aug_0.jpg,02__podium_speech_happy\frame_0014_face_0_aug_0.jpg,02__podium_speech_happy,train
data\processed\augmented\02__podium_speech_happy\frame_0000_face_0_aug_1.jpg,02__podium_speech_happy\frame_0000_face_0_aug_1.jpg,02__podium_speech_happy,train
data\processed\augmented\02__podium_speech_happy\frame_0026_face_0_aug_0.jpg,02__podium_speech_happy\frame_0026_face_0_aug_0.jpg,02__podium_speech_happy,train
data\processed\augmented\02__podium_speech_happy\frame_0029_face_0_aug_2.jpg,02__podium_speech_happy\frame_0029_face_0_aug_2.jpg,02__podium_speech_happy,train
data\processed\augmented\02__podium_speech_happy\frame_0022_face_0_aug_1.jpg,02__podium_speech_happy\frame_0022_face_0_aug_1.jpg,02__podium_speech_happy,train
data\processed\augmented\02__podium_speech_happy\frame_0019_face_0_aug_0.jpg,02__podium_speech_happy\frame_0019_face_0_aug_0.jpg,02__podium_speech_happy,train
data\processed\augmented\02__podium_speech_happy\frame_0009_face_0_aug_1.jpg,02__podium_speech_happy\frame_0009_face_0_aug_1.jpg,02__podium_speech_happy,train
data\processed\augmented\02__podium_speech_happy\frame_0022_face_0_aug_2.jpg,02__podium_speech_happy\frame_0022_face_0_aug_2.jpg,02__podium_speech_happy,train
data\processed\augmented\02__podium_speech_happy\frame_0002_face_0_aug_0.jpg,02__podium_speech_happy\frame_0002_face_0_aug_0.jpg,02__podium_speech_happy,train
data\processed\augmented\02__podium_speech_happy\frame_0025_face_0_aug_1.jpg,02__podium_speech_happy\frame_0025_face_0_aug_1.jpg,02__podium_speech_happy,train
data\processed\augmented\02__podium_speech_happy\frame_0012_face_0_aug_1.jpg,02__podium_speech_happy\frame_0012_face_0_aug_1.jpg,02__podium_speech_happy,train
data\processed\augmented\02__podium_speech_happy\frame_0024_face_0_aug_1.jpg,02__podium_speech_happy\frame_0024_face_0_aug_1.jpg,02__podium_speech_happy,train
data\processed\augmented\02__podium_speech_happy\frame_0002_face_0_aug_2.jpg,02__podium_speech_happy\frame_0002_face_0_aug_2.jpg,02__podium_speech_happy,train
data\processed\augmented\02__podium_speech_happy\frame_0024_face_0_aug_2.jpg,02__podium_speech_happy\frame_0024_face_0_aug_2.jpg,02__podium_speech_happy,train
data\processed\augmented\02__podium_speech_happy\frame_0010_face_0_aug_2.jpg,02__podium_speech_happy\frame_0010_face_0_aug_2.jpg,02__podium_speech_happy,train
data\processed\augmented\02__podium_speech_happy\frame_0015_face_0_aug_1.jpg,02__podium_speech_happy\frame_0015_face_0_aug_1.jpg,02__podium_speech_happy,train
data\processed\augmented\02__podium_speech_happy\frame_0004_face_0_aug_2.jpg,02__podium_speech_happy\frame_0004_face_0_aug_2.jpg,02__podium_speech_happy,train
data\processed\augmented\02__podium_speech_happy\frame_0025_face_0_aug_0.jpg,02__podium_speech_happy\frame_0025_face_0_aug_0.jpg,02__podium_speech_happy,train
data\processed\augmented\02__podium_speech_happy\frame_0006_face_0_aug_1.jpg,02__podium_speech_happy\frame_0006_face_0_aug_1.jpg,02__podium_speech_happy,train
data\processed\augmented\02__podium_speech_happy\frame_0026_face_0_aug_2.jpg,02__podium_speech_happy\frame_0026_face_0_aug_2.jpg,02__podium_speech_happy,train
data\processed\augmented\02__podium_speech_happy\frame_0009_face_0_aug_0.jpg,02__podium_speech_happy\frame_0009_face_0_aug_0.jpg,02__podium_speech_happy,train
data\processed\augmented\02__podium_speech_happy\frame_0029_face_0_aug_1.jpg,02__podium_speech_happy\frame_0029_face_0_aug_1.jpg,02__podium_speech_happy,train
data\processed\augmented\02__podium_speech_happy\frame_0002_face_0_aug_1.jpg,02__podium_speech_happy\frame_0002_face_0_aug_1.jpg,02__podium_speech_happy,train
data\processed\augmented\02__podium_speech_happy\frame_0018_face_0_aug_0.jpg,02__podium_speech_happy\frame_0018_face_0_aug_0.jpg,02__podium_speech_happy,train
data\processed\augmented\02__podium_speech_happy\frame_0027_face_0_aug_2.jpg,02__podium_speech_happy\frame_0027_face_0_aug_2.jpg,02__podium_speech_happy,train
data\processed\augmented\02__podium_speech_happy\frame_0028_face_0_aug_1.jpg,02__podium_speech_happy\frame_0028_face_0_aug_1.jpg,02__podium_speech_happy,train
data\processed\augmented\02__podium_speech_happy\frame_0003_face_0_aug_2.jpg,02__podium_speech_happy\frame_0003_face_0_aug_2.jpg,02__podium_speech_happy,train
data\processed\augmented\02__podium_speech_happy\frame_0008_face_0_aug_0.jpg,02__podium_speech_happy\frame_0008_face_0_aug_0.jpg,02__podium_speech_happy,train
data\processed\augmented\02__podium_speech_happy\frame_0023_face_0_aug_2.jpg,02__podium_speech_happy\frame_0023_face_0_aug_2.jpg,02__podium_speech_happy,train
data\processed\augmented\02__podium_speech_happy\frame_0021_face_0_aug_0.jpg,02__podium_speech_happy\frame_0021_face_0_aug_0.jpg,02__podium_speech_happy,train
data\processed\augmented\02__podium_speech_happy\frame_0000_face_0_aug_2.jpg,02__podium_speech_happy\frame_0000_face_0_aug_2.jpg,02__podium_speech_happy,train
data\processed\augmented\02__podium_speech_happy\frame_0029_face_0_aug_0.jpg,02__podium_speech_happy\frame_0029_face_0_aug_0.jpg,02__podium_speech_happy,train
data\processed\augmented\02__podium_speech_happy\frame_0008_face_0_aug_1.jpg,02__podium_speech_happy\frame_0008_face_0_aug_1.jpg,02__podium_speech_happy,train
data\processed\augmented\02__podium_speech_happy\frame_0001_face_0_aug_1.jpg,02__podium_speech_happy\frame_0001_face_0_aug_1.jpg,02__podium_speech_happy,train
data\processed\augmented\02__podium_speech_happy\frame_0019_face_0_aug_1.jpg,02__podium_speech_happy\frame_0019_face_0_aug_1.jpg,02__podium_speech_happy,train
data\processed\augmented\02__podium_speech_happy\frame_0005_face_0_aug_1.jpg,02__podium_speech_happy\frame_0005_face_0_aug_1.jpg,02__podium_speech_happy,train
data\processed\augmented\02__podium_speech_happy\frame_0006_face_0_aug_0.jpg,02__podium_speech_happy\frame_0006_face_0_aug_0.jpg,02__podium_speech_happy,train
data\processed\augmented\02__podium_speech_happy\frame_0011_face_0_aug_1.jpg,02__podium_speech_happy\frame_0011_face_0_aug_1.jpg,02__podium_speech_happy,train
data\processed\augmented\02__podium_speech_happy\frame_0015_face_0_aug_2.jpg,02__podium_speech_happy\frame_0015_face_0_aug_2.jpg,02__podium_speech_happy,train
data\processed\augmented\02__podium_speech_happy\frame_0025_face_0_aug_2.jpg,02__podium_speech_happy\frame_0025_face_0_aug_2.jpg,02__podium_speech_happy,train
data\processed\augmented\02__podium_speech_happy\frame_0006_face_0_aug_2.jpg,02__podium_speech_happy\frame_0006_face_0_aug_2.jpg,02__podium_speech_happy,train
data\processed\augmented\02__podium_speech_happy\frame_0010_face_0_aug_1.jpg,02__podium_speech_happy\frame_0010_face_0_aug_1.jpg,02__podium_speech_happy,train
data\processed\augmented\02__podium_speech_happy\frame_0013_face_0_aug_2.jpg,02__podium_speech_happy\frame_0013_face_0_aug_2.jpg,02__podium_speech_happy,train
data\processed\augmented\02__talking_against_wall\frame_0019_face_0_aug_2.jpg,02__talking_against_wall\frame_0019_face_0_aug_2.jpg,02__talking_against_wall,train
data\processed\augmented\02__talking_against_wall\frame_0001_face_0_aug_0.jpg,02__talking_against_wall\frame_0001_face_0_aug_0.jpg,02__talking_against_wall,train
data\processed\augmented\02__talking_against_wall\frame_0010_face_0_aug_0.jpg,02__talking_against_wall\frame_0010_face_0_aug_0.jpg,02__talking_against_wall,train
data\processed\augmented\02__talking_against_wall\frame_0020_face_0_aug_2.jpg,02__talking_against_wall\frame_0020_face_0_aug_2.jpg,02__talking_against_wall,train
data\processed\augmented\02__talking_against_wall\frame_0005_face_0_aug_2.jpg,02__talking_against_wall\frame_0005_face_0_aug_2.jpg,02__talking_against_wall,train
data\processed\augmented\02__talking_against_wall\frame_0015_face_0_aug_0.jpg,02__talking_against_wall\frame_0015_face_0_aug_0.jpg,02__talking_against_wall,train
data\processed\augmented\02__talking_against_wall\frame_0017_face_0_aug_2.jpg,02__talking_against_wall\frame_0017_face_0_aug_2.jpg,02__talking_against_wall,train
data\processed\augmented\02__talking_against_wall\frame_0012_face_0_aug_0.jpg,02__talking_against_wall\frame_0012_face_0_aug_0.jpg,02__talking_against_wall,train
data\processed\augmented\02__talking_against_wall\frame_0021_face_0_aug_1.jpg,02__talking_against_wall\frame_0021_face_0_aug_1.jpg,02__talking_against_wall,train
data\processed\augmented\02__talking_against_wall\frame_0003_face_0_aug_0.jpg,02__talking_against_wall\frame_0003_face_0_aug_0.jpg,02__talking_against_wall,train
data\processed\augmented\02__talking_against_wall\frame_0017_face_0_aug_1.jpg,02__talking_against_wall\frame_0017_face_0_aug_1.jpg,02__talking_against_wall,train
data\processed\augmented\02__talking_against_wall\frame_0026_face_0_aug_1.jpg,02__talking_against_wall\frame_0026_face_0_aug_1.jpg,02__talking_against_wall,train
data\processed\augmented\02__talking_against_wall\frame_0004_face_0_aug_1.jpg,02__talking_against_wall\frame_0004_face_0_aug_1.jpg,02__talking_against_wall,train
data\processed\augmented\02__talking_against_wall\frame_0023_face_0_aug_0.jpg,02__talking_against_wall\frame_0023_face_0_aug_0.jpg,02__talking_against_wall,train
data\processed\augmented\02__talking_against_wall\frame_0009_face_0_aug_2.jpg,02__talking_against_wall\frame_0009_face_0_aug_2.jpg,02__talking_against_wall,train
data\processed\augmented\02__talking_against_wall\frame_0014_face_0_aug_1.jpg,02__talking_against_wall\frame_0014_face_0_aug_1.jpg,02__talking_against_wall,train
data\processed\augmented\02__talking_against_wall\frame_0020_face_0_aug_0.jpg,02__talking_against_wall\frame_0020_face_0_aug_0.jpg,02__talking_against_wall,train
data\processed\augmented\02__talking_against_wall\frame_0005_face_0_aug_0.jpg,02__talking_against_wall\frame_0005_face_0_aug_0.jpg,02__talking_against_wall,train
data\processed\augmented\02__talking_against_wall\frame_0017_face_0_aug_0.jpg,02__talking_against_wall\frame_0017_face_0_aug_0.jpg,02__talking_against_wall,train
data\processed\augmented\02__talking_against_wall\frame_0014_face_0_aug_0.jpg,02__talking_against_wall\frame_0014_face_0_aug_0.jpg,02__talking_against_wall,train
data\processed\augmented\02__talking_against_wall\frame_0000_face_0_aug_1.jpg,02__talking_against_wall\frame_0000_face_0_aug_1.jpg,02__talking_against_wall,train
data\processed\augmented\02__talking_against_wall\frame_0026_face_0_aug_0.jpg,02__talking_against_wall\frame_0026_face_0_aug_0.jpg,02__talking_against_wall,train
data\processed\augmented\02__talking_against_wall\frame_0029_face_0_aug_2.jpg,02__talking_against_wall\frame_0029_face_0_aug_2.jpg,02__talking_against_wall,train
data\processed\augmented\02__talking_against_wall\frame_0022_face_0_aug_1.jpg,02__talking_against_wall\frame_0022_face_0_aug_1.jpg,02__talking_against_wall,train
data\processed\augmented\02__talking_against_wall\frame_0019_face_0_aug_0.jpg,02__talking_against_wall\frame_0019_face_0_aug_0.jpg,02__talking_against_wall,train
data\processed\augmented\02__talking_against_wall\frame_0009_face_0_aug_1.jpg,02__talking_against_wall\frame_0009_face_0_aug_1.jpg,02__talking_against_wall,train
data\processed\augmented\02__talking_against_wall\frame_0022_face_0_aug_2.jpg,02__talking_against_wall\frame_0022_face_0_aug_2.jpg,02__talking_against_wall,train
data\processed\augmented\02__talking_against_wall\frame_0002_face_0_aug_0.jpg,02__talking_against_wall\frame_0002_face_0_aug_0.jpg,02__talking_against_wall,train
data\processed\augmented\02__talking_against_wall\frame_0025_face_0_aug_1.jpg,02__talking_against_wall\frame_0025_face_0_aug_1.jpg,02__talking_against_wall,train
data\processed\augmented\02__talking_against_wall\frame_0012_face_0_aug_1.jpg,02__talking_against_wall\frame_0012_face_0_aug_1.jpg,02__talking_against_wall,train
data\processed\augmented\02__talking_against_wall\frame_0024_face_0_aug_1.jpg,02__talking_against_wall\frame_0024_face_0_aug_1.jpg,02__talking_against_wall,train
data\processed\augmented\02__talking_against_wall\frame_0002_face_0_aug_2.jpg,02__talking_against_wall\frame_0002_face_0_aug_2.jpg,02__talking_against_wall,train
data\processed\augmented\02__talking_against_wall\frame_0024_face_0_aug_2.jpg,02__talking_against_wall\frame_0024_face_0_aug_2.jpg,02__talking_against_wall,train
data\processed\augmented\02__talking_against_wall\frame_0010_face_0_aug_2.jpg,02__talking_against_wall\frame_0010_face_0_aug_2.jpg,02__talking_against_wall,train
data\processed\augmented\02__talking_against_wall\frame_0015_face_0_aug_1.jpg,02__talking_against_wall\frame_0015_face_0_aug_1.jpg,02__talking_against_wall,train
data\processed\augmented\02__talking_against_wall\frame_0004_face_0_aug_2.jpg,02__talking_against_wall\frame_0004_face_0_aug_2.jpg,02__talking_against_wall,train
data\processed\augmented\02__talking_against_wall\frame_0025_face_0_aug_0.jpg,02__talking_against_wall\frame_0025_face_0_aug_0.jpg,02__talking_against_wall,train
data\processed\augmented\02__talking_against_wall\frame_0006_face_0_aug_1.jpg,02__talking_against_wall\frame_0006_face_0_aug_1.jpg,02__talking_against_wall,train
data\processed\augmented\02__talking_against_wall\frame_0026_face_0_aug_2.jpg,02__talking_against_wall\frame_0026_face_0_aug_2.jpg,02__talking_against_wall,train
data\processed\augmented\02__talking_against_wall\frame_0009_face_0_aug_0.jpg,02__talking_against_wall\frame_0009_face_0_aug_0.jpg,02__talking_against_wall,train
data\processed\augmented\02__talking_against_wall\frame_0029_face_0_aug_1.jpg,02__talking_against_wall\frame_0029_face_0_aug_1.jpg,02__talking_against_wall,train
data\processed\augmented\02__talking_against_wall\frame_0002_face_0_aug_1.jpg,02__talking_against_wall\frame_0002_face_0_aug_1.jpg,02__talking_against_wall,train
data\processed\augmented\02__talking_against_wall\frame_0018_face_0_aug_0.jpg,02__talking_against_wall\frame_0018_face_0_aug_0.jpg,02__talking_against_wall,train
data\processed\augmented\02__talking_against_wall\frame_0027_face_0_aug_2.jpg,02__talking_against_wall\frame_0027_face_0_aug_2.jpg,02__talking_against_wall,train
data\processed\augmented\02__talking_against_wall\frame_0028_face_0_aug_1.jpg,02__talking_against_wall\frame_0028_face_0_aug_1.jpg,02__talking_against_wall,train
data\processed\augmented\02__talking_against_wall\frame_0003_face_0_aug_2.jpg,02__talking_against_wall\frame_0003_face_0_aug_2.jpg,02__talking_against_wall,train
data\processed\augmented\02__talking_against_wall\frame_0008_face_0_aug_0.jpg,02__talking_against_wall\frame_0008_face_0_aug_0.jpg,02__talking_against_wall,train
data\processed\augmented\02__talking_against_wall\frame_0023_face_0_aug_2.jpg,02__talking_against_wall\frame_0023_face_0_aug_2.jpg,02__talking_against_wall,train
data\processed\augmented\02__talking_against_wall\frame_0021_face_0_aug_0.jpg,02__talking_against_wall\frame_0021_face_0_aug_0.jpg,02__talking_against_wall,train
data\processed\augmented\02__talking_against_wall\frame_0000_face_0_aug_2.jpg,02__talking_against_wall\frame_0000_face_0_aug_2.jpg,02__talking_against_wall,train
data\processed\augmented\02__talking_against_wall\frame_0029_face_0_aug_0.jpg,02__talking_against_wall\frame_0029_face_0_aug_0.jpg,02__talking_against_wall,train
data\processed\augmented\02__talking_against_wall\frame_0008_face_0_aug_1.jpg,02__talking_against_wall\frame_0008_face_0_aug_1.jpg,02__talking_against_wall,train
data\processed\augmented\02__talking_against_wall\frame_0001_face_0_aug_1.jpg,02__talking_against_wall\frame_0001_face_0_aug_1.jpg,02__talking_against_wall,train
data\processed\augmented\02__talking_against_wall\frame_0019_face_0_aug_1.jpg,02__talking_against_wall\frame_0019_face_0_aug_1.jpg,02__talking_against_wall,train
data\processed\augmented\02__talking_against_wall\frame_0005_face_0_aug_1.jpg,02__talking_against_wall\frame_0005_face_0_aug_1.jpg,02__talking_against_wall,train
data\processed\augmented\02__talking_against_wall\frame_0006_face_0_aug_0.jpg,02__talking_against_wall\frame_0006_face_0_aug_0.jpg,02__talking_against_wall,train
data\processed\augmented\02__talking_against_wall\frame_0011_face_0_aug_1.jpg,02__talking_against_wall\frame_0011_face_0_aug_1.jpg,02__talking_against_wall,train
data\processed\augmented\02__talking_against_wall\frame_0015_face_0_aug_2.jpg,02__talking_against_wall\frame_0015_face_0_aug_2.jpg,02__talking_against_wall,train
data\processed\augmented\02__talking_against_wall\frame_0025_face_0_aug_2.jpg,02__talking_against_wall\frame_0025_face_0_aug_2.jpg,02__talking_against_wall,train
data\processed\augmented\02__talking_against_wall\frame_0006_face_0_aug_2.jpg,02__talking_against_wall\frame_0006_face_0_aug_2.jpg,02__talking_against_wall,train
data\processed\augmented\02__talking_against_wall\frame_0010_face_0_aug_1.jpg,02__talking_against_wall\frame_0010_face_0_aug_1.jpg,02__talking_against_wall,train
data\processed\augmented\02__talking_against_wall\frame_0013_face_0_aug_2.jpg,02__talking_against_wall\frame_0013_face_0_aug_2.jpg,02__talking_against_wall,train
data\processed\augmented\02__walking_and_outside_surprised\frame_0019_face_0_aug_2.jpg,02__walking_and_outside_surprised\frame_0019_face_0_aug_2.jpg,02__walking_and_outside_surprised,train
data\processed\augmented\02__walking_and_outside_surprised\frame_0001_face_0_aug_0.jpg,02__walking_and_outside_surprised\frame_0001_face_0_aug_0.jpg,02__walking_and_outside_surprised,train
data\processed\augmented\02__walking_and_outside_surprised\frame_0010_face_0_aug_0.jpg,02__walking_and_outside_surprised\frame_0010_face_0_aug_0.jpg,02__walking_and_outside_surprised,train
data\processed\augmented\02__walking_and_outside_surprised\frame_0020_face_0_aug_2.jpg,02__walking_and_outside_surprised\frame_0020_face_0_aug_2.jpg,02__walking_and_outside_surprised,train
data\processed\augmented\02__walking_and_outside_surprised\frame_0005_face_0_aug_2.jpg,02__walking_and_outside_surprised\frame_0005_face_0_aug_2.jpg,02__walking_and_outside_surprised,train
data\processed\augmented\02__walking_and_outside_surprised\frame_0015_face_0_aug_0.jpg,02__walking_and_outside_surprised\frame_0015_face_0_aug_0.jpg,02__walking_and_outside_surprised,train
data\processed\augmented\02__walking_and_outside_surprised\frame_0017_face_0_aug_2.jpg,02__walking_and_outside_surprised\frame_0017_face_0_aug_2.jpg,02__walking_and_outside_surprised,train
data\processed\augmented\02__walking_and_outside_surprised\frame_0012_face_0_aug_0.jpg,02__walking_and_outside_surprised\frame_0012_face_0_aug_0.jpg,02__walking_and_outside_surprised,train
data\processed\augmented\02__walking_and_outside_surprised\frame_0021_face_0_aug_1.jpg,02__walking_and_outside_surprised\frame_0021_face_0_aug_1.jpg,02__walking_and_outside_surprised,train
data\processed\augmented\02__walking_and_outside_surprised\frame_0003_face_0_aug_0.jpg,02__walking_and_outside_surprised\frame_0003_face_0_aug_0.jpg,02__walking_and_outside_surprised,train
data\processed\augmented\02__walking_and_outside_surprised\frame_0017_face_0_aug_1.jpg,02__walking_and_outside_surprised\frame_0017_face_0_aug_1.jpg,02__walking_and_outside_surprised,train
data\processed\augmented\02__walking_and_outside_surprised\frame_0026_face_0_aug_1.jpg,02__walking_and_outside_surprised\frame_0026_face_0_aug_1.jpg,02__walking_and_outside_surprised,train
data\processed\augmented\02__walking_and_outside_surprised\frame_0004_face_0_aug_1.jpg,02__walking_and_outside_surprised\frame_0004_face_0_aug_1.jpg,02__walking_and_outside_surprised,train
data\processed\augmented\02__walking_and_outside_surprised\frame_0023_face_0_aug_0.jpg,02__walking_and_outside_surprised\frame_0023_face_0_aug_0.jpg,02__walking_and_outside_surprised,train
data\processed\augmented\02__walking_and_outside_surprised\frame_0009_face_0_aug_2.jpg,02__walking_and_outside_surprised\frame_0009_face_0_aug_2.jpg,02__walking_and_outside_surprised,train
data\processed\augmented\02__walking_and_outside_surprised\frame_0014_face_0_aug_1.jpg,02__walking_and_outside_surprised\frame_0014_face_0_aug_1.jpg,02__walking_and_outside_surprised,train
data\processed\augmented\02__walking_and_outside_surprised\frame_0020_face_0_aug_0.jpg,02__walking_and_outside_surprised\frame_0020_face_0_aug_0.jpg,02__walking_and_outside_surprised,train
data\processed\augmented\02__walking_and_outside_surprised\frame_0005_face_0_aug_0.jpg,02__walking_and_outside_surprised\frame_0005_face_0_aug_0.jpg,02__walking_and_outside_surprised,train
data\processed\augmented\02__walking_and_outside_surprised\frame_0017_face_0_aug_0.jpg,02__walking_and_outside_surprised\frame_0017_face_0_aug_0.jpg,02__walking_and_outside_surprised,train
data\processed\augmented\02__walking_and_outside_surprised\frame_0014_face_0_aug_0.jpg,02__walking_and_outside_surprised\frame_0014_face_0_aug_0.jpg,02__walking_and_outside_surprised,train
data\processed\augmented\02__walking_and_outside_surprised\frame_0000_face_0_aug_1.jpg,02__walking_and_outside_surprised\frame_0000_face_0_aug_1.jpg,02__walking_and_outside_surprised,train
data\processed\augmented\02__walking_and_outside_surprised\frame_0026_face_0_aug_0.jpg,02__walking_and_outside_surprised\frame_0026_face_0_aug_0.jpg,02__walking_and_outside_surprised,train
data\processed\augmented\02__walking_and_outside_surprised\frame_0029_face_0_aug_2.jpg,02__walking_and_outside_surprised\frame_0029_face_0_aug_2.jpg,02__walking_and_outside_surprised,train
data\processed\augmented\02__walking_and_outside_surprised\frame_0022_face_0_aug_1.jpg,02__walking_and_outside_surprised\frame_0022_face_0_aug_1.jpg,02__walking_and_outside_surprised,train
data\processed\augmented\02__walking_and_outside_surprised\frame_0019_face_0_aug_0.jpg,02__walking_and_outside_surprised\frame_0019_face_0_aug_0.jpg,02__walking_and_outside_surprised,train
data\processed\augmented\02__walking_and_outside_surprised\frame_0009_face_0_aug_1.jpg,02__walking_and_outside_surprised\frame_0009_face_0_aug_1.jpg,02__walking_and_outside_surprised,train
data\processed\augmented\02__walking_and_outside_surprised\frame_0022_face_0_aug_2.jpg,02__walking_and_outside_surprised\frame_0022_face_0_aug_2.jpg,02__walking_and_outside_surprised,train
data\processed\augmented\02__walking_and_outside_surprised\frame_0002_face_0_aug_0.jpg,02__walking_and_outside_surprised\frame_0002_face_0_aug_0.jpg,02__walking_and_outside_surprised,train
data\processed\augmented\02__walking_and_outside_surprised\frame_0025_face_0_aug_1.jpg,02__walking_and_outside_surprised\frame_0025_face_0_aug_1.jpg,02__walking_and_outside_surprised,train
data\processed\augmented\02__walking_and_outside_surprised\frame_0012_face_0_aug_1.jpg,02__walking_and_outside_surprised\frame_0012_face_0_aug_1.jpg,02__walking_and_outside_surprised,train
data\processed\augmented\02__walking_and_outside_surprised\frame_0024_face_0_aug_1.jpg,02__walking_and_outside_surprised\frame_0024_face_0_aug_1.jpg,02__walking_and_outside_surprised,train
data\processed\augmented\02__walking_and_outside_surprised\frame_0002_face_0_aug_2.jpg,02__walking_and_outside_surprised\frame_0002_face_0_aug_2.jpg,02__walking_and_outside_surprised,train
data\processed\augmented\02__walking_and_outside_surprised\frame_0024_face_0_aug_2.jpg,02__walking_and_outside_surprised\frame_0024_face_0_aug_2.jpg,02__walking_and_outside_surprised,train
data\processed\augmented\02__walking_and_outside_surprised\frame_0010_face_0_aug_2.jpg,02__walking_and_outside_surprised\frame_0010_face_0_aug_2.jpg,02__walking_and_outside_surprised,train
data\processed\augmented\02__walking_and_outside_surprised\frame_0015_face_0_aug_1.jpg,02__walking_and_outside_surprised\frame_0015_face_0_aug_1.jpg,02__walking_and_outside_surprised,train
data\processed\augmented\02__walking_and_outside_surprised\frame_0004_face_0_aug_2.jpg,02__walking_and_outside_surprised\frame_0004_face_0_aug_2.jpg,02__walking_and_outside_surprised,train
data\processed\augmented\02__walking_and_outside_surprised\frame_0025_face_0_aug_0.jpg,02__walking_and_outside_surprised\frame_0025_face_0_aug_0.jpg,02__walking_and_outside_surprised,train
data\processed\augmented\02__walking_and_outside_surprised\frame_0006_face_0_aug_1.jpg,02__walking_and_outside_surprised\frame_0006_face_0_aug_1.jpg,02__walking_and_outside_surprised,train
data\processed\augmented\02__walking_and_outside_surprised\frame_0026_face_0_aug_2.jpg,02__walking_and_outside_surprised\frame_0026_face_0_aug_2.jpg,02__walking_and_outside_surprised,train
data\processed\augmented\02__walking_and_outside_surprised\frame_0009_face_0_aug_0.jpg,02__walking_and_outside_surprised\frame_0009_face_0_aug_0.jpg,02__walking_and_outside_surprised,train
data\processed\augmented\02__walking_and_outside_surprised\frame_0029_face_0_aug_1.jpg,02__walking_and_outside_surprised\frame_0029_face_0_aug_1.jpg,02__walking_and_outside_surprised,train
data\processed\augmented\02__walking_and_outside_surprised\frame_0002_face_0_aug_1.jpg,02__walking_and_outside_surprised\frame_0002_face_0_aug_1.jpg,02__walking_and_outside_surprised,train
data\processed\augmented\02__walking_and_outside_surprised\frame_0018_face_0_aug_0.jpg,02__walking_and_outside_surprised\frame_0018_face_0_aug_0.jpg,02__walking_and_outside_surprised,train
data\processed\augmented\02__walking_and_outside_surprised\frame_0027_face_0_aug_2.jpg,02__walking_and_outside_surprised\frame_0027_face_0_aug_2.jpg,02__walking_and_outside_surprised,train
data\processed\augmented\02__walking_and_outside_surprised\frame_0028_face_0_aug_1.jpg,02__walking_and_outside_surprised\frame_0028_face_0_aug_1.jpg,02__walking_and_outside_surprised,train
data\processed\augmented\02__walking_and_outside_surprised\frame_0003_face_0_aug_2.jpg,02__walking_and_outside_surprised\frame_0003_face_0_aug_2.jpg,02__walking_and_outside_surprised,train
data\processed\augmented\02__walking_and_outside_surprised\frame_0008_face_0_aug_0.jpg,02__walking_and_outside_surprised\frame_0008_face_0_aug_0.jpg,02__walking_and_outside_surprised,train
data\processed\augmented\02__walking_and_outside_surprised\frame_0023_face_0_aug_2.jpg,02__walking_and_outside_surprised\frame_0023_face_0_aug_2.jpg,02__walking_and_outside_surprised,train
data\processed\augmented\02__walking_and_outside_surprised\frame_0021_face_0_aug_0.jpg,02__walking_and_outside_surprised\frame_0021_face_0_aug_0.jpg,02__walking_and_outside_surprised,train
data\processed\augmented\02__walking_and_outside_surprised\frame_0000_face_0_aug_2.jpg,02__walking_and_outside_surprised\frame_0000_face_0_aug_2.jpg,02__walking_and_outside_surprised,train
data\processed\augmented\02__walking_and_outside_surprised\frame_0029_face_0_aug_0.jpg,02__walking_and_outside_surprised\frame_0029_face_0_aug_0.jpg,02__walking_and_outside_surprised,train
data\processed\augmented\02__walking_and_outside_surprised\frame_0008_face_0_aug_1.jpg,02__walking_and_outside_surprised\frame_0008_face_0_aug_1.jpg,02__walking_and_outside_surprised,train
data\processed\augmented\02__walking_and_outside_surprised\frame_0001_face_0_aug_1.jpg,02__walking_and_outside_surprised\frame_0001_face_0_aug_1.jpg,02__walking_and_outside_surprised,train
data\processed\augmented\02__walking_and_outside_surprised\frame_0019_face_0_aug_1.jpg,02__walking_and_outside_surprised\frame_0019_face_0_aug_1.jpg,02__walking_and_outside_surprised,train
data\processed\augmented\02__walking_and_outside_surprised\frame_0005_face_0_aug_1.jpg,02__walking_and_outside_surprised\frame_0005_face_0_aug_1.jpg,02__walking_and_outside_surprised,train
data\processed\augmented\02__walking_and_outside_surprised\frame_0006_face_0_aug_0.jpg,02__walking_and_outside_surprised\frame_0006_face_0_aug_0.jpg,02__walking_and_outside_surprised,train
data\processed\augmented\02__walking_and_outside_surprised\frame_0011_face_0_aug_1.jpg,02__walking_and_outside_surprised\frame_0011_face_0_aug_1.jpg,02__walking_and_outside_surprised,train
data\processed\augmented\02__walking_and_outside_surprised\frame_0015_face_0_aug_2.jpg,02__walking_and_outside_surprised\frame_0015_face_0_aug_2.jpg,02__walking_and_outside_surprised,train
data\processed\augmented\02__walking_and_outside_surprised\frame_0025_face_0_aug_2.jpg,02__walking_and_outside_surprised\frame_0025_face_0_aug_2.jpg,02__walking_and_outside_surprised,train
data\processed\augmented\02__walking_and_outside_surprised\frame_0006_face_0_aug_2.jpg,02__walking_and_outside_surprised\frame_0006_face_0_aug_2.jpg,02__walking_and_outside_surprised,train
data\processed\augmented\02__walking_and_outside_surprised\frame_0010_face_0_aug_1.jpg,02__walking_and_outside_surprised\frame_0010_face_0_aug_1.jpg,02__walking_and_outside_surprised,train
data\processed\augmented\02__walking_and_outside_surprised\frame_0013_face_0_aug_2.jpg,02__walking_and_outside_surprised\frame_0013_face_0_aug_2.jpg,02__walking_and_outside_surprised,train
data\processed\augmented\02__walking_down_indoor_hall_disgust\frame_0019_face_0_aug_2.jpg,02__walking_down_indoor_hall_disgust\frame_0019_face_0_aug_2.jpg,02__walking_down_indoor_hall_disgust,train
data\processed\augmented\02__walking_down_indoor_hall_disgust\frame_0001_face_0_aug_0.jpg,02__walking_down_indoor_hall_disgust\frame_0001_face_0_aug_0.jpg,02__walking_down_indoor_hall_disgust,train
data\processed\augmented\02__walking_down_indoor_hall_disgust\frame_0010_face_0_aug_0.jpg,02__walking_down_indoor_hall_disgust\frame_0010_face_0_aug_0.jpg,02__walking_down_indoor_hall_disgust,train
data\processed\augmented\02__walking_down_indoor_hall_disgust\frame_0020_face_0_aug_2.jpg,02__walking_down_indoor_hall_disgust\frame_0020_face_0_aug_2.jpg,02__walking_down_indoor_hall_disgust,train
data\processed\augmented\02__walking_down_indoor_hall_disgust\frame_0005_face_0_aug_2.jpg,02__walking_down_indoor_hall_disgust\frame_0005_face_0_aug_2.jpg,02__walking_down_indoor_hall_disgust,train
data\processed\augmented\02__walking_down_indoor_hall_disgust\frame_0015_face_0_aug_0.jpg,02__walking_down_indoor_hall_disgust\frame_0015_face_0_aug_0.jpg,02__walking_down_indoor_hall_disgust,train
data\processed\augmented\02__walking_down_indoor_hall_disgust\frame_0017_face_0_aug_2.jpg,02__walking_down_indoor_hall_disgust\frame_0017_face_0_aug_2.jpg,02__walking_down_indoor_hall_disgust,train
data\processed\augmented\02__walking_down_indoor_hall_disgust\frame_0012_face_0_aug_0.jpg,02__walking_down_indoor_hall_disgust\frame_0012_face_0_aug_0.jpg,02__walking_down_indoor_hall_disgust,train
data\processed\augmented\02__walking_down_indoor_hall_disgust\frame_0021_face_0_aug_1.jpg,02__walking_down_indoor_hall_disgust\frame_0021_face_0_aug_1.jpg,02__walking_down_indoor_hall_disgust,train
data\processed\augmented\02__walking_down_indoor_hall_disgust\frame_0003_face_0_aug_0.jpg,02__walking_down_indoor_hall_disgust\frame_0003_face_0_aug_0.jpg,02__walking_down_indoor_hall_disgust,train
data\processed\augmented\02__walking_down_indoor_hall_disgust\frame_0017_face_0_aug_1.jpg,02__walking_down_indoor_hall_disgust\frame_0017_face_0_aug_1.jpg,02__walking_down_indoor_hall_disgust,train
data\processed\augmented\02__walking_down_indoor_hall_disgust\frame_0026_face_0_aug_1.jpg,02__walking_down_indoor_hall_disgust\frame_0026_face_0_aug_1.jpg,02__walking_down_indoor_hall_disgust,train
data\processed\augmented\02__walking_down_indoor_hall_disgust\frame_0004_face_0_aug_1.jpg,02__walking_down_indoor_hall_disgust\frame_0004_face_0_aug_1.jpg,02__walking_down_indoor_hall_disgust,train
data\processed\augmented\02__walking_down_indoor_hall_disgust\frame_0023_face_0_aug_0.jpg,02__walking_down_indoor_hall_disgust\frame_0023_face_0_aug_0.jpg,02__walking_down_indoor_hall_disgust,train
data\processed\augmented\02__walking_down_indoor_hall_disgust\frame_0009_face_0_aug_2.jpg,02__walking_down_indoor_hall_disgust\frame_0009_face_0_aug_2.jpg,02__walking_down_indoor_hall_disgust,train
data\processed\augmented\02__walking_down_indoor_hall_disgust\frame_0014_face_0_aug_1.jpg,02__walking_down_indoor_hall_disgust\frame_0014_face_0_aug_1.jpg,02__walking_down_indoor_hall_disgust,train
data\processed\augmented\02__walking_down_indoor_hall_disgust\frame_0020_face_0_aug_0.jpg,02__walking_down_indoor_hall_disgust\frame_0020_face_0_aug_0.jpg,02__walking_down_indoor_hall_disgust,train
data\processed\augmented\02__walking_down_indoor_hall_disgust\frame_0005_face_0_aug_0.jpg,02__walking_down_indoor_hall_disgust\frame_0005_face_0_aug_0.jpg,02__walking_down_indoor_hall_disgust,train
data\processed\augmented\02__walking_down_indoor_hall_disgust\frame_0017_face_0_aug_0.jpg,02__walking_down_indoor_hall_disgust\frame_0017_face_0_aug_0.jpg,02__walking_down_indoor_hall_disgust,train
data\processed\augmented\02__walking_down_indoor_hall_disgust\frame_0014_face_0_aug_0.jpg,02__walking_down_indoor_hall_disgust\frame_0014_face_0_aug_0.jpg,02__walking_down_indoor_hall_disgust,train
data\processed\augmented\02__walking_down_indoor_hall_disgust\frame_0000_face_0_aug_1.jpg,02__walking_down_indoor_hall_disgust\frame_0000_face_0_aug_1.jpg,02__walking_down_indoor_hall_disgust,train
data\processed\augmented\02__walking_down_indoor_hall_disgust\frame_0026_face_0_aug_0.jpg,02__walking_down_indoor_hall_disgust\frame_0026_face_0_aug_0.jpg,02__walking_down_indoor_hall_disgust,train
data\processed\augmented\02__walking_down_indoor_hall_disgust\frame_0029_face_0_aug_2.jpg,02__walking_down_indoor_hall_disgust\frame_0029_face_0_aug_2.jpg,02__walking_down_indoor_hall_disgust,train
data\processed\augmented\02__walking_down_indoor_hall_disgust\frame_0022_face_0_aug_1.jpg,02__walking_down_indoor_hall_disgust\frame_0022_face_0_aug_1.jpg,02__walking_down_indoor_hall_disgust,train
data\processed\augmented\02__walking_down_indoor_hall_disgust\frame_0019_face_0_aug_0.jpg,02__walking_down_indoor_hall_disgust\frame_0019_face_0_aug_0.jpg,02__walking_down_indoor_hall_disgust,train
data\processed\augmented\02__walking_down_indoor_hall_disgust\frame_0009_face_0_aug_1.jpg,02__walking_down_indoor_hall_disgust\frame_0009_face_0_aug_1.jpg,02__walking_down_indoor_hall_disgust,train
data\processed\augmented\02__walking_down_indoor_hall_disgust\frame_0022_face_0_aug_2.jpg,02__walking_down_indoor_hall_disgust\frame_0022_face_0_aug_2.jpg,02__walking_down_indoor_hall_disgust,train
data\processed\augmented\02__walking_down_indoor_hall_disgust\frame_0002_face_0_aug_0.jpg,02__walking_down_indoor_hall_disgust\frame_0002_face_0_aug_0.jpg,02__walking_down_indoor_hall_disgust,train
data\processed\augmented\02__walking_down_indoor_hall_disgust\frame_0025_face_0_aug_1.jpg,02__walking_down_indoor_hall_disgust\frame_0025_face_0_aug_1.jpg,02__walking_down_indoor_hall_disgust,train
data\processed\augmented\02__walking_down_indoor_hall_disgust\frame_0012_face_0_aug_1.jpg,02__walking_down_indoor_hall_disgust\frame_0012_face_0_aug_1.jpg,02__walking_down_indoor_hall_disgust,train
data\processed\augmented\02__walking_down_indoor_hall_disgust\frame_0024_face_0_aug_1.jpg,02__walking_down_indoor_hall_disgust\frame_0024_face_0_aug_1.jpg,02__walking_down_indoor_hall_disgust,train
data\processed\augmented\02__walking_down_indoor_hall_disgust\frame_0002_face_0_aug_2.jpg,02__walking_down_indoor_hall_disgust\frame_0002_face_0_aug_2.jpg,02__walking_down_indoor_hall_disgust,train
data\processed\augmented\02__walking_down_indoor_hall_disgust\frame_0024_face_0_aug_2.jpg,02__walking_down_indoor_hall_disgust\frame_0024_face_0_aug_2.jpg,02__walking_down_indoor_hall_disgust,train
data\processed\augmented\02__walking_down_indoor_hall_disgust\frame_0010_face_0_aug_2.jpg,02__walking_down_indoor_hall_disgust\frame_0010_face_0_aug_2.jpg,02__walking_down_indoor_hall_disgust,train
data\processed\augmented\02__walking_down_indoor_hall_disgust\frame_0015_face_0_aug_1.jpg,02__walking_down_indoor_hall_disgust\frame_0015_face_0_aug_1.jpg,02__walking_down_indoor_hall_disgust,train
data\processed\augmented\02__walking_down_indoor_hall_disgust\frame_0004_face_0_aug_2.jpg,02__walking_down_indoor_hall_disgust\frame_0004_face_0_aug_2.jpg,02__walking_down_indoor_hall_disgust,train
data\processed\augmented\02__walking_down_indoor_hall_disgust\frame_0025_face_0_aug_0.jpg,02__walking_down_indoor_hall_disgust\frame_0025_face_0_aug_0.jpg,02__walking_down_indoor_hall_disgust,train
data\processed\augmented\02__walking_down_indoor_hall_disgust\frame_0006_face_0_aug_1.jpg,02__walking_down_indoor_hall_disgust\frame_0006_face_0_aug_1.jpg,02__walking_down_indoor_hall_disgust,train
data\processed\augmented\02__walking_down_indoor_hall_disgust\frame_0026_face_0_aug_2.jpg,02__walking_down_indoor_hall_disgust\frame_0026_face_0_aug_2.jpg,02__walking_down_indoor_hall_disgust,train
data\processed\augmented\02__walking_down_indoor_hall_disgust\frame_0009_face_0_aug_0.jpg,02__walking_down_indoor_hall_disgust\frame_0009_face_0_aug_0.jpg,02__walking_down_indoor_hall_disgust,train
data\processed\augmented\02__walking_down_indoor_hall_disgust\frame_0029_face_0_aug_1.jpg,02__walking_down_indoor_hall_disgust\frame_0029_face_0_aug_1.jpg,02__walking_down_indoor_hall_disgust,train
data\processed\augmented\02__walking_down_indoor_hall_disgust\frame_0002_face_0_aug_1.jpg,02__walking_down_indoor_hall_disgust\frame_0002_face_0_aug_1.jpg,02__walking_down_indoor_hall_disgust,train
data\processed\augmented\02__walking_down_indoor_hall_disgust\frame_0018_face_0_aug_0.jpg,02__walking_down_indoor_hall_disgust\frame_0018_face_0_aug_0.jpg,02__walking_down_indoor_hall_disgust,train
data\processed\augmented\02__walking_down_indoor_hall_disgust\frame_0027_face_0_aug_2.jpg,02__walking_down_indoor_hall_disgust\frame_0027_face_0_aug_2.jpg,02__walking_down_indoor_hall_disgust,train
data\processed\augmented\02__walking_down_indoor_hall_disgust\frame_0028_face_0_aug_1.jpg,02__walking_down_indoor_hall_disgust\frame_0028_face_0_aug_1.jpg,02__walking_down_indoor_hall_disgust,train
data\processed\augmented\02__walking_down_indoor_hall_disgust\frame_0003_face_0_aug_2.jpg,02__walking_down_indoor_hall_disgust\frame_0003_face_0_aug_2.jpg,02__walking_down_indoor_hall_disgust,train
data\processed\augmented\02__walking_down_indoor_hall_disgust\frame_0008_face_0_aug_0.jpg,02__walking_down_indoor_hall_disgust\frame_0008_face_0_aug_0.jpg,02__walking_down_indoor_hall_disgust,train
data\processed\augmented\02__walking_down_indoor_hall_disgust\frame_0023_face_0_aug_2.jpg,02__walking_down_indoor_hall_disgust\frame_0023_face_0_aug_2.jpg,02__walking_down_indoor_hall_disgust,train
data\processed\augmented\02__walking_down_indoor_hall_disgust\frame_0021_face_0_aug_0.jpg,02__walking_down_indoor_hall_disgust\frame_0021_face_0_aug_0.jpg,02__walking_down_indoor_hall_disgust,train
data\processed\augmented\02__walking_down_indoor_hall_disgust\frame_0000_face_0_aug_2.jpg,02__walking_down_indoor_hall_disgust\frame_0000_face_0_aug_2.jpg,02__walking_down_indoor_hall_disgust,train
data\processed\augmented\02__walking_down_indoor_hall_disgust\frame_0029_face_0_aug_0.jpg,02__walking_down_indoor_hall_disgust\frame_0029_face_0_aug_0.jpg,02__walking_down_indoor_hall_disgust,train
data\processed\augmented\02__walking_down_indoor_hall_disgust\frame_0008_face_0_aug_1.jpg,02__walking_down_indoor_hall_disgust\frame_0008_face_0_aug_1.jpg,02__walking_down_indoor_hall_disgust,train
data\processed\augmented\02__walking_down_indoor_hall_disgust\frame_0001_face_0_aug_1.jpg,02__walking_down_indoor_hall_disgust\frame_0001_face_0_aug_1.jpg,02__walking_down_indoor_hall_disgust,train
data\processed\augmented\02__walking_down_indoor_hall_disgust\frame_0019_face_0_aug_1.jpg,02__walking_down_indoor_hall_disgust\frame_0019_face_0_aug_1.jpg,02__walking_down_indoor_hall_disgust,train
data\processed\augmented\02__walking_down_indoor_hall_disgust\frame_0005_face_0_aug_1.jpg,02__walking_down_indoor_hall_disgust\frame_0005_face_0_aug_1.jpg,02__walking_down_indoor_hall_disgust,train
data\processed\augmented\02__walking_down_indoor_hall_disgust\frame_0006_face_0_aug_0.jpg,02__walking_down_indoor_hall_disgust\frame_0006_face_0_aug_0.jpg,02__walking_down_indoor_hall_disgust,train
data\processed\augmented\02__walking_down_indoor_hall_disgust\frame_0011_face_0_aug_1.jpg,02__walking_down_indoor_hall_disgust\frame_0011_face_0_aug_1.jpg,02__walking_down_indoor_hall_disgust,train
data\processed\augmented\02__walking_down_indoor_hall_disgust\frame_0015_face_0_aug_2.jpg,02__walking_down_indoor_hall_disgust\frame_0015_face_0_aug_2.jpg,02__walking_down_indoor_hall_disgust,train
data\processed\augmented\02__walking_down_indoor_hall_disgust\frame_0025_face_0_aug_2.jpg,02__walking_down_indoor_hall_disgust\frame_0025_face_0_aug_2.jpg,02__walking_down_indoor_hall_disgust,train
data\processed\augmented\02__walking_down_indoor_hall_disgust\frame_0006_face_0_aug_2.jpg,02__walking_down_indoor_hall_disgust\frame_0006_face_0_aug_2.jpg,02__walking_down_indoor_hall_disgust,train
data\processed\augmented\02__walking_down_indoor_hall_disgust\frame_0010_face_0_aug_1.jpg,02__walking_down_indoor_hall_disgust\frame_0010_face_0_aug_1.jpg,02__walking_down_indoor_hall_disgust,train
data\processed\augmented\02__walking_down_indoor_hall_disgust\frame_0013_face_0_aug_2.jpg,02__walking_down_indoor_hall_disgust\frame_0013_face_0_aug_2.jpg,02__walking_down_indoor_hall_disgust,train
data\processed\augmented\02__walking_down_street_outside_angry\frame_0024_face_0_aug_1.jpg,02__walking_down_street_outside_angry\frame_0024_face_0_aug_1.jpg,02__walking_down_street_outside_angry,train
data\processed\augmented\02__walking_down_street_outside_angry\frame_0025_face_0_aug_0.jpg,02__walking_down_street_outside_angry\frame_0025_face_0_aug_0.jpg,02__walking_down_street_outside_angry,train
data\processed\augmented\02__walking_down_street_outside_angry\frame_0024_face_0_aug_0.jpg,02__walking_down_street_outside_angry\frame_0024_face_0_aug_0.jpg,02__walking_down_street_outside_angry,train
data\processed\augmented\02__walking_down_street_outside_angry\frame_0010_face_0_aug_0.jpg,02__walking_down_street_outside_angry\frame_0010_face_0_aug_0.jpg,02__walking_down_street_outside_angry,train
data\processed\augmented\02__walking_down_street_outside_angry\frame_0009_face_0_aug_1.jpg,02__walking_down_street_outside_angry\frame_0009_face_0_aug_1.jpg,02__walking_down_street_outside_angry,train
data\processed\augmented\02__walking_down_street_outside_angry\frame_0020_face_0_aug_1.jpg,02__walking_down_street_outside_angry\frame_0020_face_0_aug_1.jpg,02__walking_down_street_outside_angry,train
data\processed\augmented\02__walking_down_street_outside_angry\frame_0025_face_0_aug_2.jpg,02__walking_down_street_outside_angry\frame_0025_face_0_aug_2.jpg,02__walking_down_street_outside_angry,train
data\processed\augmented\02__walking_down_street_outside_angry\frame_0017_face_0_aug_2.jpg,02__walking_down_street_outside_angry\frame_0017_face_0_aug_2.jpg,02__walking_down_street_outside_angry,train
data\processed\augmented\02__walking_down_street_outside_angry\frame_0015_face_0_aug_0.jpg,02__walking_down_street_outside_angry\frame_0015_face_0_aug_0.jpg,02__walking_down_street_outside_angry,train
data\processed\augmented\02__walking_down_street_outside_angry\frame_0024_face_0_aug_2.jpg,02__walking_down_street_outside_angry\frame_0024_face_0_aug_2.jpg,02__walking_down_street_outside_angry,train
data\processed\augmented\02__walking_down_street_outside_angry\frame_0013_face_0_aug_2.jpg,02__walking_down_street_outside_angry\frame_0013_face_0_aug_2.jpg,02__walking_down_street_outside_angry,train
data\processed\augmented\02__walking_down_street_outside_angry\frame_0026_face_0_aug_2.jpg,02__walking_down_street_outside_angry\frame_0026_face_0_aug_2.jpg,02__walking_down_street_outside_angry,train
data\processed\augmented\02__walking_down_street_outside_angry\frame_0011_face_0_aug_2.jpg,02__walking_down_street_outside_angry\frame_0011_face_0_aug_2.jpg,02__walking_down_street_outside_angry,train
data\processed\augmented\02__walking_down_street_outside_angry\frame_0022_face_0_aug_2.jpg,02__walking_down_street_outside_angry\frame_0022_face_0_aug_2.jpg,02__walking_down_street_outside_angry,train
data\processed\augmented\02__walking_down_street_outside_angry\frame_0023_face_0_aug_2.jpg,02__walking_down_street_outside_angry\frame_0023_face_0_aug_2.jpg,02__walking_down_street_outside_angry,train
data\processed\augmented\02__walking_down_street_outside_angry\frame_0009_face_0_aug_2.jpg,02__walking_down_street_outside_angry\frame_0009_face_0_aug_2.jpg,02__walking_down_street_outside_angry,train
data\processed\augmented\02__walking_down_street_outside_angry\frame_0017_face_0_aug_0.jpg,02__walking_down_street_outside_angry\frame_0017_face_0_aug_0.jpg,02__walking_down_street_outside_angry,train
data\processed\augmented\02__walking_down_street_outside_angry\frame_0020_face_0_aug_0.jpg,02__walking_down_street_outside_angry\frame_0020_face_0_aug_0.jpg,02__walking_down_street_outside_angry,train
data\processed\augmented\02__walking_down_street_outside_angry\frame_0027_face_0_aug_1.jpg,02__walking_down_street_outside_angry\frame_0027_face_0_aug_1.jpg,02__walking_down_street_outside_angry,train
data\processed\augmented\02__walking_down_street_outside_angry\frame_0015_face_0_aug_2.jpg,02__walking_down_street_outside_angry\frame_0015_face_0_aug_2.jpg,02__walking_down_street_outside_angry,train
data\processed\augmented\02__walking_down_street_outside_angry\frame_0012_face_0_aug_2.jpg,02__walking_down_street_outside_angry\frame_0012_face_0_aug_2.jpg,02__walking_down_street_outside_angry,train
data\processed\augmented\02__walking_down_street_outside_angry\frame_0021_face_0_aug_1.jpg,02__walking_down_street_outside_angry\frame_0021_face_0_aug_1.jpg,02__walking_down_street_outside_angry,train
data\processed\augmented\02__walking_down_street_outside_angry\frame_0020_face_0_aug_2.jpg,02__walking_down_street_outside_angry\frame_0020_face_0_aug_2.jpg,02__walking_down_street_outside_angry,train
data\processed\augmented\02__walking_down_street_outside_angry\frame_0027_face_0_aug_2.jpg,02__walking_down_street_outside_angry\frame_0027_face_0_aug_2.jpg,02__walking_down_street_outside_angry,train
data\processed\augmented\02__walking_down_street_outside_angry\frame_0029_face_0_aug_2.jpg,02__walking_down_street_outside_angry\frame_0029_face_0_aug_2.jpg,02__walking_down_street_outside_angry,train
data\processed\augmented\02__walking_down_street_outside_angry\frame_0012_face_0_aug_0.jpg,02__walking_down_street_outside_angry\frame_0012_face_0_aug_0.jpg,02__walking_down_street_outside_angry,train
data\processed\augmented\02__walking_down_street_outside_angry\frame_0028_face_0_aug_2.jpg,02__walking_down_street_outside_angry\frame_0028_face_0_aug_2.jpg,02__walking_down_street_outside_angry,train
data\processed\augmented\02__walking_down_street_outside_angry\frame_0022_face_0_aug_1.jpg,02__walking_down_street_outside_angry\frame_0022_face_0_aug_1.jpg,02__walking_down_street_outside_angry,train
data\processed\augmented\02__walking_down_street_outside_angry\frame_0016_face_0_aug_2.jpg,02__walking_down_street_outside_angry\frame_0016_face_0_aug_2.jpg,02__walking_down_street_outside_angry,train
data\processed\augmented\02__walking_down_street_outside_angry\frame_0016_face_0_aug_0.jpg,02__walking_down_street_outside_angry\frame_0016_face_0_aug_0.jpg,02__walking_down_street_outside_angry,train
data\processed\augmented\02__walking_down_street_outside_angry\frame_0018_face_0_aug_0.jpg,02__walking_down_street_outside_angry\frame_0018_face_0_aug_0.jpg,02__walking_down_street_outside_angry,train
data\processed\augmented\02__walking_down_street_outside_angry\frame_0023_face_0_aug_0.jpg,02__walking_down_street_outside_angry\frame_0023_face_0_aug_0.jpg,02__walking_down_street_outside_angry,train
data\processed\augmented\02__walking_down_street_outside_angry\frame_0011_face_0_aug_0.jpg,02__walking_down_street_outside_angry\frame_0011_face_0_aug_0.jpg,02__walking_down_street_outside_angry,train
data\processed\augmented\02__walking_down_street_outside_angry\frame_0014_face_0_aug_0.jpg,02__walking_down_street_outside_angry\frame_0014_face_0_aug_0.jpg,02__walking_down_street_outside_angry,train
data\processed\augmented\02__walking_down_street_outside_angry\frame_0019_face_0_aug_1.jpg,02__walking_down_street_outside_angry\frame_0019_face_0_aug_1.jpg,02__walking_down_street_outside_angry,train
data\processed\augmented\02__walking_down_street_outside_angry\frame_0021_face_0_aug_2.jpg,02__walking_down_street_outside_angry\frame_0021_face_0_aug_2.jpg,02__walking_down_street_outside_angry,train
data\processed\augmented\02__walking_down_street_outside_angry\frame_0028_face_0_aug_1.jpg,02__walking_down_street_outside_angry\frame_0028_face_0_aug_1.jpg,02__walking_down_street_outside_angry,train
data\processed\augmented\02__walking_down_street_outside_angry\frame_0014_face_0_aug_2.jpg,02__walking_down_street_outside_angry\frame_0014_face_0_aug_2.jpg,02__walking_down_street_outside_angry,train
data\processed\augmented\02__walking_down_street_outside_angry\frame_0012_face_0_aug_1.jpg,02__walking_down_street_outside_angry\frame_0012_face_0_aug_1.jpg,02__walking_down_street_outside_angry,train
data\processed\augmented\02__walking_down_street_outside_angry\frame_0015_face_0_aug_1.jpg,02__walking_down_street_outside_angry\frame_0015_face_0_aug_1.jpg,02__walking_down_street_outside_angry,train
data\processed\augmented\02__walking_down_street_outside_angry\frame_0019_face_0_aug_2.jpg,02__walking_down_street_outside_angry\frame_0019_face_0_aug_2.jpg,02__walking_down_street_outside_angry,train
data\processed\augmented\02__walking_down_street_outside_angry\frame_0026_face_0_aug_0.jpg,02__walking_down_street_outside_angry\frame_0026_face_0_aug_0.jpg,02__walking_down_street_outside_angry,train
data\processed\augmented\02__walking_down_street_outside_angry\frame_0022_face_0_aug_0.jpg,02__walking_down_street_outside_angry\frame_0022_face_0_aug_0.jpg,02__walking_down_street_outside_angry,train
data\processed\augmented\03__exit_phone_room\frame_0024_face_0_aug_2.jpg,03__exit_phone_room\frame_0024_face_0_aug_2.jpg,03__exit_phone_room,train
data\processed\augmented\03__exit_phone_room\frame_0010_face_0_aug_2.jpg,03__exit_phone_room\frame_0010_face_0_aug_2.jpg,03__exit_phone_room,train
data\processed\augmented\03__exit_phone_room\frame_0023_face_0_aug_0.jpg,03__exit_phone_room\frame_0023_face_0_aug_0.jpg,03__exit_phone_room,train
data\processed\augmented\03__exit_phone_room\frame_0017_face_0_aug_1.jpg,03__exit_phone_room\frame_0017_face_0_aug_1.jpg,03__exit_phone_room,train
data\processed\augmented\03__exit_phone_room\frame_0017_face_0_aug_0.jpg,03__exit_phone_room\frame_0017_face_0_aug_0.jpg,03__exit_phone_room,train
data\processed\augmented\03__exit_phone_room\frame_0013_face_0_aug_2.jpg,03__exit_phone_room\frame_0013_face_0_aug_2.jpg,03__exit_phone_room,train
data\processed\augmented\03__exit_phone_room\frame_0012_face_0_aug_0.jpg,03__exit_phone_room\frame_0012_face_0_aug_0.jpg,03__exit_phone_room,train
data\processed\augmented\03__exit_phone_room\frame_0005_face_0_aug_2.jpg,03__exit_phone_room\frame_0005_face_0_aug_2.jpg,03__exit_phone_room,train
data\processed\augmented\03__exit_phone_room\frame_0020_face_0_aug_1.jpg,03__exit_phone_room\frame_0020_face_0_aug_1.jpg,03__exit_phone_room,train
data\processed\augmented\03__exit_phone_room\frame_0014_face_0_aug_0.jpg,03__exit_phone_room\frame_0014_face_0_aug_0.jpg,03__exit_phone_room,train
data\processed\augmented\03__exit_phone_room\frame_0002_face_0_aug_1.jpg,03__exit_phone_room\frame_0002_face_0_aug_1.jpg,03__exit_phone_room,train
data\processed\augmented\03__exit_phone_room\frame_0019_face_0_aug_1.jpg,03__exit_phone_room\frame_0019_face_0_aug_1.jpg,03__exit_phone_room,train
data\processed\augmented\03__exit_phone_room\frame_0008_face_0_aug_2.jpg,03__exit_phone_room\frame_0008_face_0_aug_2.jpg,03__exit_phone_room,train
data\processed\augmented\03__exit_phone_room\frame_0015_face_0_aug_1.jpg,03__exit_phone_room\frame_0015_face_0_aug_1.jpg,03__exit_phone_room,train
data\processed\augmented\03__exit_phone_room\frame_0007_face_0_aug_1.jpg,03__exit_phone_room\frame_0007_face_0_aug_1.jpg,03__exit_phone_room,train
data\processed\augmented\03__exit_phone_room\frame_0004_face_0_aug_2.jpg,03__exit_phone_room\frame_0004_face_0_aug_2.jpg,03__exit_phone_room,train
data\processed\augmented\03__exit_phone_room\frame_0007_face_0_aug_2.jpg,03__exit_phone_room\frame_0007_face_0_aug_2.jpg,03__exit_phone_room,train
data\processed\augmented\03__exit_phone_room\frame_0018_face_0_aug_2.jpg,03__exit_phone_room\frame_0018_face_0_aug_2.jpg,03__exit_phone_room,train
data\processed\augmented\03__exit_phone_room\frame_0018_face_0_aug_1.jpg,03__exit_phone_room\frame_0018_face_0_aug_1.jpg,03__exit_phone_room,train
data\processed\augmented\03__exit_phone_room\frame_0007_face_0_aug_0.jpg,03__exit_phone_room\frame_0007_face_0_aug_0.jpg,03__exit_phone_room,train
data\processed\augmented\03__exit_phone_room\frame_0022_face_0_aug_0.jpg,03__exit_phone_room\frame_0022_face_0_aug_0.jpg,03__exit_phone_room,train
data\processed\augmented\03__exit_phone_room\frame_0022_face_0_aug_2.jpg,03__exit_phone_room\frame_0022_face_0_aug_2.jpg,03__exit_phone_room,train
data\processed\augmented\03__exit_phone_room\frame_0016_face_0_aug_0.jpg,03__exit_phone_room\frame_0016_face_0_aug_0.jpg,03__exit_phone_room,train
data\processed\augmented\03__exit_phone_room\frame_0024_face_0_aug_1.jpg,03__exit_phone_room\frame_0024_face_0_aug_1.jpg,03__exit_phone_room,train
data\processed\augmented\03__exit_phone_room\frame_0006_face_0_aug_2.jpg,03__exit_phone_room\frame_0006_face_0_aug_2.jpg,03__exit_phone_room,train
data\processed\augmented\03__exit_phone_room\frame_0023_face_0_aug_2.jpg,03__exit_phone_room\frame_0023_face_0_aug_2.jpg,03__exit_phone_room,train
data\processed\augmented\03__exit_phone_room\frame_0004_face_0_aug_0.jpg,03__exit_phone_room\frame_0004_face_0_aug_0.jpg,03__exit_phone_room,train
data\processed\augmented\03__exit_phone_room\frame_0009_face_0_aug_2.jpg,03__exit_phone_room\frame_0009_face_0_aug_2.jpg,03__exit_phone_room,train
data\processed\augmented\03__exit_phone_room\frame_0021_face_0_aug_2.jpg,03__exit_phone_room\frame_0021_face_0_aug_2.jpg,03__exit_phone_room,train
data\processed\augmented\03__exit_phone_room\frame_0010_face_0_aug_1.jpg,03__exit_phone_room\frame_0010_face_0_aug_1.jpg,03__exit_phone_room,train
data\processed\augmented\03__exit_phone_room\frame_0003_face_0_aug_2.jpg,03__exit_phone_room\frame_0003_face_0_aug_2.jpg,03__exit_phone_room,train
data\processed\augmented\03__exit_phone_room\frame_0014_face_0_aug_1.jpg,03__exit_phone_room\frame_0014_face_0_aug_1.jpg,03__exit_phone_room,train
data\processed\augmented\03__exit_phone_room\frame_0021_face_0_aug_1.jpg,03__exit_phone_room\frame_0021_face_0_aug_1.jpg,03__exit_phone_room,train
data\processed\augmented\03__exit_phone_room\frame_0015_face_0_aug_2.jpg,03__exit_phone_room\frame_0015_face_0_aug_2.jpg,03__exit_phone_room,train
data\processed\augmented\03__exit_phone_room\frame_0006_face_0_aug_1.jpg,03__exit_phone_room\frame_0006_face_0_aug_1.jpg,03__exit_phone_room,train
data\processed\augmented\03__exit_phone_room\frame_0016_face_0_aug_1.jpg,03__exit_phone_room\frame_0016_face_0_aug_1.jpg,03__exit_phone_room,train
data\processed\augmented\03__exit_phone_room\frame_0013_face_0_aug_1.jpg,03__exit_phone_room\frame_0013_face_0_aug_1.jpg,03__exit_phone_room,train
data\processed\augmented\03__exit_phone_room\frame_0014_face_0_aug_2.jpg,03__exit_phone_room\frame_0014_face_0_aug_2.jpg,03__exit_phone_room,train
data\processed\augmented\03__exit_phone_room\frame_0008_face_0_aug_1.jpg,03__exit_phone_room\frame_0008_face_0_aug_1.jpg,03__exit_phone_room,train
data\processed\augmented\03__exit_phone_room\frame_0019_face_0_aug_0.jpg,03__exit_phone_room\frame_0019_face_0_aug_0.jpg,03__exit_phone_room,train
data\processed\augmented\03__exit_phone_room\frame_0015_face_0_aug_0.jpg,03__exit_phone_room\frame_0015_face_0_aug_0.jpg,03__exit_phone_room,train
data\processed\augmented\03__exit_phone_room\frame_0020_face_0_aug_2.jpg,03__exit_phone_room\frame_0020_face_0_aug_2.jpg,03__exit_phone_room,train
data\processed\augmented\03__exit_phone_room\frame_0012_face_0_aug_2.jpg,03__exit_phone_room\frame_0012_face_0_aug_2.jpg,03__exit_phone_room,train
data\processed\augmented\03__exit_phone_room\frame_0022_face_0_aug_1.jpg,03__exit_phone_room\frame_0022_face_0_aug_1.jpg,03__exit_phone_room,train
data\processed\augmented\03__exit_phone_room\frame_0020_face_0_aug_0.jpg,03__exit_phone_room\frame_0020_face_0_aug_0.jpg,03__exit_phone_room,train
data\processed\augmented\03__exit_phone_room\frame_0009_face_0_aug_0.jpg,03__exit_phone_room\frame_0009_face_0_aug_0.jpg,03__exit_phone_room,train
data\processed\augmented\03__exit_phone_room\frame_0010_face_0_aug_0.jpg,03__exit_phone_room\frame_0010_face_0_aug_0.jpg,03__exit_phone_room,train
data\processed\augmented\03__hugging_happy\frame_0019_face_0_aug_2.jpg,03__hugging_happy\frame_0019_face_0_aug_2.jpg,03__hugging_happy,train
data\processed\augmented\03__hugging_happy\frame_0001_face_0_aug_0.jpg,03__hugging_happy\frame_0001_face_0_aug_0.jpg,03__hugging_happy,train
data\processed\augmented\03__hugging_happy\frame_0010_face_0_aug_0.jpg,03__hugging_happy\frame_0010_face_0_aug_0.jpg,03__hugging_happy,train
data\processed\augmented\03__hugging_happy\frame_0020_face_0_aug_2.jpg,03__hugging_happy\frame_0020_face_0_aug_2.jpg,03__hugging_happy,train
data\processed\augmented\03__hugging_happy\frame_0005_face_0_aug_2.jpg,03__hugging_happy\frame_0005_face_0_aug_2.jpg,03__hugging_happy,train
data\processed\augmented\03__hugging_happy\frame_0015_face_0_aug_0.jpg,03__hugging_happy\frame_0015_face_0_aug_0.jpg,03__hugging_happy,train
data\processed\augmented\03__hugging_happy\frame_0017_face_0_aug_2.jpg,03__hugging_happy\frame_0017_face_0_aug_2.jpg,03__hugging_happy,train
data\processed\augmented\03__hugging_happy\frame_0012_face_0_aug_0.jpg,03__hugging_happy\frame_0012_face_0_aug_0.jpg,03__hugging_happy,train
data\processed\augmented\03__hugging_happy\frame_0021_face_0_aug_1.jpg,03__hugging_happy\frame_0021_face_0_aug_1.jpg,03__hugging_happy,train
data\processed\augmented\03__hugging_happy\frame_0003_face_0_aug_0.jpg,03__hugging_happy\frame_0003_face_0_aug_0.jpg,03__hugging_happy,train
data\processed\augmented\03__hugging_happy\frame_0017_face_0_aug_1.jpg,03__hugging_happy\frame_0017_face_0_aug_1.jpg,03__hugging_happy,train
data\processed\augmented\03__hugging_happy\frame_0026_face_0_aug_1.jpg,03__hugging_happy\frame_0026_face_0_aug_1.jpg,03__hugging_happy,train
data\processed\augmented\03__hugging_happy\frame_0004_face_0_aug_1.jpg,03__hugging_happy\frame_0004_face_0_aug_1.jpg,03__hugging_happy,train
data\processed\augmented\03__hugging_happy\frame_0023_face_0_aug_0.jpg,03__hugging_happy\frame_0023_face_0_aug_0.jpg,03__hugging_happy,train
data\processed\augmented\03__hugging_happy\frame_0009_face_0_aug_2.jpg,03__hugging_happy\frame_0009_face_0_aug_2.jpg,03__hugging_happy,train
data\processed\augmented\03__hugging_happy\frame_0014_face_0_aug_1.jpg,03__hugging_happy\frame_0014_face_0_aug_1.jpg,03__hugging_happy,train
data\processed\augmented\03__hugging_happy\frame_0020_face_0_aug_0.jpg,03__hugging_happy\frame_0020_face_0_aug_0.jpg,03__hugging_happy,train
data\processed\augmented\03__hugging_happy\frame_0005_face_0_aug_0.jpg,03__hugging_happy\frame_0005_face_0_aug_0.jpg,03__hugging_happy,train
data\processed\augmented\03__hugging_happy\frame_0017_face_0_aug_0.jpg,03__hugging_happy\frame_0017_face_0_aug_0.jpg,03__hugging_happy,train
data\processed\augmented\03__hugging_happy\frame_0014_face_0_aug_0.jpg,03__hugging_happy\frame_0014_face_0_aug_0.jpg,03__hugging_happy,train
data\processed\augmented\03__hugging_happy\frame_0000_face_0_aug_1.jpg,03__hugging_happy\frame_0000_face_0_aug_1.jpg,03__hugging_happy,train
data\processed\augmented\03__hugging_happy\frame_0026_face_0_aug_0.jpg,03__hugging_happy\frame_0026_face_0_aug_0.jpg,03__hugging_happy,train
data\processed\augmented\03__hugging_happy\frame_0029_face_0_aug_2.jpg,03__hugging_happy\frame_0029_face_0_aug_2.jpg,03__hugging_happy,train
data\processed\augmented\03__hugging_happy\frame_0022_face_0_aug_1.jpg,03__hugging_happy\frame_0022_face_0_aug_1.jpg,03__hugging_happy,train
data\processed\augmented\03__hugging_happy\frame_0019_face_0_aug_0.jpg,03__hugging_happy\frame_0019_face_0_aug_0.jpg,03__hugging_happy,train
data\processed\augmented\03__hugging_happy\frame_0009_face_0_aug_1.jpg,03__hugging_happy\frame_0009_face_0_aug_1.jpg,03__hugging_happy,train
data\processed\augmented\03__hugging_happy\frame_0022_face_0_aug_2.jpg,03__hugging_happy\frame_0022_face_0_aug_2.jpg,03__hugging_happy,train
data\processed\augmented\03__hugging_happy\frame_0002_face_0_aug_0.jpg,03__hugging_happy\frame_0002_face_0_aug_0.jpg,03__hugging_happy,train
data\processed\augmented\03__hugging_happy\frame_0025_face_0_aug_1.jpg,03__hugging_happy\frame_0025_face_0_aug_1.jpg,03__hugging_happy,train
data\processed\augmented\03__hugging_happy\frame_0012_face_0_aug_1.jpg,03__hugging_happy\frame_0012_face_0_aug_1.jpg,03__hugging_happy,train
data\processed\augmented\03__hugging_happy\frame_0024_face_0_aug_1.jpg,03__hugging_happy\frame_0024_face_0_aug_1.jpg,03__hugging_happy,train
data\processed\augmented\03__hugging_happy\frame_0002_face_0_aug_2.jpg,03__hugging_happy\frame_0002_face_0_aug_2.jpg,03__hugging_happy,train
data\processed\augmented\03__hugging_happy\frame_0024_face_0_aug_2.jpg,03__hugging_happy\frame_0024_face_0_aug_2.jpg,03__hugging_happy,train
data\processed\augmented\03__hugging_happy\frame_0010_face_0_aug_2.jpg,03__hugging_happy\frame_0010_face_0_aug_2.jpg,03__hugging_happy,train
data\processed\augmented\03__hugging_happy\frame_0015_face_0_aug_1.jpg,03__hugging_happy\frame_0015_face_0_aug_1.jpg,03__hugging_happy,train
data\processed\augmented\03__hugging_happy\frame_0004_face_0_aug_2.jpg,03__hugging_happy\frame_0004_face_0_aug_2.jpg,03__hugging_happy,train
data\processed\augmented\03__hugging_happy\frame_0025_face_0_aug_0.jpg,03__hugging_happy\frame_0025_face_0_aug_0.jpg,03__hugging_happy,train
data\processed\augmented\03__hugging_happy\frame_0006_face_0_aug_1.jpg,03__hugging_happy\frame_0006_face_0_aug_1.jpg,03__hugging_happy,train
data\processed\augmented\03__hugging_happy\frame_0026_face_0_aug_2.jpg,03__hugging_happy\frame_0026_face_0_aug_2.jpg,03__hugging_happy,train
data\processed\augmented\03__hugging_happy\frame_0009_face_0_aug_0.jpg,03__hugging_happy\frame_0009_face_0_aug_0.jpg,03__hugging_happy,train
data\processed\augmented\03__hugging_happy\frame_0029_face_0_aug_1.jpg,03__hugging_happy\frame_0029_face_0_aug_1.jpg,03__hugging_happy,train
data\processed\augmented\03__hugging_happy\frame_0002_face_0_aug_1.jpg,03__hugging_happy\frame_0002_face_0_aug_1.jpg,03__hugging_happy,train
data\processed\augmented\03__hugging_happy\frame_0018_face_0_aug_0.jpg,03__hugging_happy\frame_0018_face_0_aug_0.jpg,03__hugging_happy,train
data\processed\augmented\03__hugging_happy\frame_0027_face_0_aug_2.jpg,03__hugging_happy\frame_0027_face_0_aug_2.jpg,03__hugging_happy,train
data\processed\augmented\03__hugging_happy\frame_0028_face_0_aug_1.jpg,03__hugging_happy\frame_0028_face_0_aug_1.jpg,03__hugging_happy,train
data\processed\augmented\03__hugging_happy\frame_0003_face_0_aug_2.jpg,03__hugging_happy\frame_0003_face_0_aug_2.jpg,03__hugging_happy,train
data\processed\augmented\03__hugging_happy\frame_0008_face_0_aug_0.jpg,03__hugging_happy\frame_0008_face_0_aug_0.jpg,03__hugging_happy,train
data\processed\augmented\03__hugging_happy\frame_0023_face_0_aug_2.jpg,03__hugging_happy\frame_0023_face_0_aug_2.jpg,03__hugging_happy,train
data\processed\augmented\03__hugging_happy\frame_0021_face_0_aug_0.jpg,03__hugging_happy\frame_0021_face_0_aug_0.jpg,03__hugging_happy,train
data\processed\augmented\03__hugging_happy\frame_0000_face_0_aug_2.jpg,03__hugging_happy\frame_0000_face_0_aug_2.jpg,03__hugging_happy,train
data\processed\augmented\03__hugging_happy\frame_0029_face_0_aug_0.jpg,03__hugging_happy\frame_0029_face_0_aug_0.jpg,03__hugging_happy,train
data\processed\augmented\03__hugging_happy\frame_0008_face_0_aug_1.jpg,03__hugging_happy\frame_0008_face_0_aug_1.jpg,03__hugging_happy,train
data\processed\augmented\03__hugging_happy\frame_0001_face_0_aug_1.jpg,03__hugging_happy\frame_0001_face_0_aug_1.jpg,03__hugging_happy,train
data\processed\augmented\03__hugging_happy\frame_0019_face_0_aug_1.jpg,03__hugging_happy\frame_0019_face_0_aug_1.jpg,03__hugging_happy,train
data\processed\augmented\03__hugging_happy\frame_0005_face_0_aug_1.jpg,03__hugging_happy\frame_0005_face_0_aug_1.jpg,03__hugging_happy,train
data\processed\augmented\03__hugging_happy\frame_0006_face_0_aug_0.jpg,03__hugging_happy\frame_0006_face_0_aug_0.jpg,03__hugging_happy,train
data\processed\augmented\03__hugging_happy\frame_0011_face_0_aug_1.jpg,03__hugging_happy\frame_0011_face_0_aug_1.jpg,03__hugging_happy,train
data\processed\augmented\03__hugging_happy\frame_0015_face_0_aug_2.jpg,03__hugging_happy\frame_0015_face_0_aug_2.jpg,03__hugging_happy,train
data\processed\augmented\03__hugging_happy\frame_0025_face_0_aug_2.jpg,03__hugging_happy\frame_0025_face_0_aug_2.jpg,03__hugging_happy,train
data\processed\augmented\03__hugging_happy\frame_0006_face_0_aug_2.jpg,03__hugging_happy\frame_0006_face_0_aug_2.jpg,03__hugging_happy,train
data\processed\augmented\03__hugging_happy\frame_0010_face_0_aug_1.jpg,03__hugging_happy\frame_0010_face_0_aug_1.jpg,03__hugging_happy,train
data\processed\augmented\03__hugging_happy\frame_0013_face_0_aug_2.jpg,03__hugging_happy\frame_0013_face_0_aug_2.jpg,03__hugging_happy,train
data\processed\augmented\03__meeting_serious\frame_0019_face_0_aug_2.jpg,03__meeting_serious\frame_0019_face_0_aug_2.jpg,03__meeting_serious,train
data\processed\augmented\03__meeting_serious\frame_0001_face_0_aug_0.jpg,03__meeting_serious\frame_0001_face_0_aug_0.jpg,03__meeting_serious,train
data\processed\augmented\03__meeting_serious\frame_0010_face_0_aug_0.jpg,03__meeting_serious\frame_0010_face_0_aug_0.jpg,03__meeting_serious,train
data\processed\augmented\03__meeting_serious\frame_0020_face_0_aug_2.jpg,03__meeting_serious\frame_0020_face_0_aug_2.jpg,03__meeting_serious,train
data\processed\augmented\03__meeting_serious\frame_0005_face_0_aug_2.jpg,03__meeting_serious\frame_0005_face_0_aug_2.jpg,03__meeting_serious,train
data\processed\augmented\03__meeting_serious\frame_0015_face_0_aug_0.jpg,03__meeting_serious\frame_0015_face_0_aug_0.jpg,03__meeting_serious,train
data\processed\augmented\03__meeting_serious\frame_0017_face_0_aug_2.jpg,03__meeting_serious\frame_0017_face_0_aug_2.jpg,03__meeting_serious,train
data\processed\augmented\03__meeting_serious\frame_0012_face_0_aug_0.jpg,03__meeting_serious\frame_0012_face_0_aug_0.jpg,03__meeting_serious,train
data\processed\augmented\03__meeting_serious\frame_0021_face_0_aug_1.jpg,03__meeting_serious\frame_0021_face_0_aug_1.jpg,03__meeting_serious,train
data\processed\augmented\03__meeting_serious\frame_0003_face_0_aug_0.jpg,03__meeting_serious\frame_0003_face_0_aug_0.jpg,03__meeting_serious,train
data\processed\augmented\03__meeting_serious\frame_0017_face_0_aug_1.jpg,03__meeting_serious\frame_0017_face_0_aug_1.jpg,03__meeting_serious,train
data\processed\augmented\03__meeting_serious\frame_0026_face_0_aug_1.jpg,03__meeting_serious\frame_0026_face_0_aug_1.jpg,03__meeting_serious,train
data\processed\augmented\03__meeting_serious\frame_0004_face_0_aug_1.jpg,03__meeting_serious\frame_0004_face_0_aug_1.jpg,03__meeting_serious,train
data\processed\augmented\03__meeting_serious\frame_0023_face_0_aug_0.jpg,03__meeting_serious\frame_0023_face_0_aug_0.jpg,03__meeting_serious,train
data\processed\augmented\03__meeting_serious\frame_0009_face_0_aug_2.jpg,03__meeting_serious\frame_0009_face_0_aug_2.jpg,03__meeting_serious,train
data\processed\augmented\03__meeting_serious\frame_0014_face_0_aug_1.jpg,03__meeting_serious\frame_0014_face_0_aug_1.jpg,03__meeting_serious,train
data\processed\augmented\03__meeting_serious\frame_0020_face_0_aug_0.jpg,03__meeting_serious\frame_0020_face_0_aug_0.jpg,03__meeting_serious,train
data\processed\augmented\03__meeting_serious\frame_0005_face_0_aug_0.jpg,03__meeting_serious\frame_0005_face_0_aug_0.jpg,03__meeting_serious,train
data\processed\augmented\03__meeting_serious\frame_0017_face_0_aug_0.jpg,03__meeting_serious\frame_0017_face_0_aug_0.jpg,03__meeting_serious,train
data\processed\augmented\03__meeting_serious\frame_0014_face_0_aug_0.jpg,03__meeting_serious\frame_0014_face_0_aug_0.jpg,03__meeting_serious,train
data\processed\augmented\03__meeting_serious\frame_0000_face_0_aug_1.jpg,03__meeting_serious\frame_0000_face_0_aug_1.jpg,03__meeting_serious,train
data\processed\augmented\03__meeting_serious\frame_0026_face_0_aug_0.jpg,03__meeting_serious\frame_0026_face_0_aug_0.jpg,03__meeting_serious,train
data\processed\augmented\03__meeting_serious\frame_0029_face_0_aug_2.jpg,03__meeting_serious\frame_0029_face_0_aug_2.jpg,03__meeting_serious,train
data\processed\augmented\03__meeting_serious\frame_0022_face_0_aug_1.jpg,03__meeting_serious\frame_0022_face_0_aug_1.jpg,03__meeting_serious,train
data\processed\augmented\03__meeting_serious\frame_0019_face_0_aug_0.jpg,03__meeting_serious\frame_0019_face_0_aug_0.jpg,03__meeting_serious,train
data\processed\augmented\03__meeting_serious\frame_0009_face_0_aug_1.jpg,03__meeting_serious\frame_0009_face_0_aug_1.jpg,03__meeting_serious,train
data\processed\augmented\03__meeting_serious\frame_0022_face_0_aug_2.jpg,03__meeting_serious\frame_0022_face_0_aug_2.jpg,03__meeting_serious,train
data\processed\augmented\03__meeting_serious\frame_0002_face_0_aug_0.jpg,03__meeting_serious\frame_0002_face_0_aug_0.jpg,03__meeting_serious,train
data\processed\augmented\03__meeting_serious\frame_0025_face_0_aug_1.jpg,03__meeting_serious\frame_0025_face_0_aug_1.jpg,03__meeting_serious,train
data\processed\augmented\03__meeting_serious\frame_0012_face_0_aug_1.jpg,03__meeting_serious\frame_0012_face_0_aug_1.jpg,03__meeting_serious,train
data\processed\augmented\03__meeting_serious\frame_0024_face_0_aug_1.jpg,03__meeting_serious\frame_0024_face_0_aug_1.jpg,03__meeting_serious,train
data\processed\augmented\03__meeting_serious\frame_0002_face_0_aug_2.jpg,03__meeting_serious\frame_0002_face_0_aug_2.jpg,03__meeting_serious,train
data\processed\augmented\03__meeting_serious\frame_0024_face_0_aug_2.jpg,03__meeting_serious\frame_0024_face_0_aug_2.jpg,03__meeting_serious,train
data\processed\augmented\03__meeting_serious\frame_0010_face_0_aug_2.jpg,03__meeting_serious\frame_0010_face_0_aug_2.jpg,03__meeting_serious,train
data\processed\augmented\03__meeting_serious\frame_0015_face_0_aug_1.jpg,03__meeting_serious\frame_0015_face_0_aug_1.jpg,03__meeting_serious,train
data\processed\augmented\03__meeting_serious\frame_0004_face_0_aug_2.jpg,03__meeting_serious\frame_0004_face_0_aug_2.jpg,03__meeting_serious,train
data\processed\augmented\03__meeting_serious\frame_0025_face_0_aug_0.jpg,03__meeting_serious\frame_0025_face_0_aug_0.jpg,03__meeting_serious,train
data\processed\augmented\03__meeting_serious\frame_0006_face_0_aug_1.jpg,03__meeting_serious\frame_0006_face_0_aug_1.jpg,03__meeting_serious,train
data\processed\augmented\03__meeting_serious\frame_0026_face_0_aug_2.jpg,03__meeting_serious\frame_0026_face_0_aug_2.jpg,03__meeting_serious,train
data\processed\augmented\03__meeting_serious\frame_0009_face_0_aug_0.jpg,03__meeting_serious\frame_0009_face_0_aug_0.jpg,03__meeting_serious,train
data\processed\augmented\03__meeting_serious\frame_0029_face_0_aug_1.jpg,03__meeting_serious\frame_0029_face_0_aug_1.jpg,03__meeting_serious,train
data\processed\augmented\03__meeting_serious\frame_0002_face_0_aug_1.jpg,03__meeting_serious\frame_0002_face_0_aug_1.jpg,03__meeting_serious,train
data\processed\augmented\03__meeting_serious\frame_0018_face_0_aug_0.jpg,03__meeting_serious\frame_0018_face_0_aug_0.jpg,03__meeting_serious,train
data\processed\augmented\03__meeting_serious\frame_0027_face_0_aug_2.jpg,03__meeting_serious\frame_0027_face_0_aug_2.jpg,03__meeting_serious,train
data\processed\augmented\03__meeting_serious\frame_0028_face_0_aug_1.jpg,03__meeting_serious\frame_0028_face_0_aug_1.jpg,03__meeting_serious,train
data\processed\augmented\03__meeting_serious\frame_0003_face_0_aug_2.jpg,03__meeting_serious\frame_0003_face_0_aug_2.jpg,03__meeting_serious,train
data\processed\augmented\03__meeting_serious\frame_0008_face_0_aug_0.jpg,03__meeting_serious\frame_0008_face_0_aug_0.jpg,03__meeting_serious,train
data\processed\augmented\03__meeting_serious\frame_0023_face_0_aug_2.jpg,03__meeting_serious\frame_0023_face_0_aug_2.jpg,03__meeting_serious,train
data\processed\augmented\03__meeting_serious\frame_0021_face_0_aug_0.jpg,03__meeting_serious\frame_0021_face_0_aug_0.jpg,03__meeting_serious,train
data\processed\augmented\03__meeting_serious\frame_0000_face_0_aug_2.jpg,03__meeting_serious\frame_0000_face_0_aug_2.jpg,03__meeting_serious,train
data\processed\augmented\03__meeting_serious\frame_0029_face_0_aug_0.jpg,03__meeting_serious\frame_0029_face_0_aug_0.jpg,03__meeting_serious,train
data\processed\augmented\03__meeting_serious\frame_0008_face_0_aug_1.jpg,03__meeting_serious\frame_0008_face_0_aug_1.jpg,03__meeting_serious,train
data\processed\augmented\03__meeting_serious\frame_0001_face_0_aug_1.jpg,03__meeting_serious\frame_0001_face_0_aug_1.jpg,03__meeting_serious,train
data\processed\augmented\03__meeting_serious\frame_0019_face_0_aug_1.jpg,03__meeting_serious\frame_0019_face_0_aug_1.jpg,03__meeting_serious,train
data\processed\augmented\03__meeting_serious\frame_0005_face_0_aug_1.jpg,03__meeting_serious\frame_0005_face_0_aug_1.jpg,03__meeting_serious,train
data\processed\augmented\03__meeting_serious\frame_0006_face_0_aug_0.jpg,03__meeting_serious\frame_0006_face_0_aug_0.jpg,03__meeting_serious,train
data\processed\augmented\03__meeting_serious\frame_0011_face_0_aug_1.jpg,03__meeting_serious\frame_0011_face_0_aug_1.jpg,03__meeting_serious,train
data\processed\augmented\03__meeting_serious\frame_0015_face_0_aug_2.jpg,03__meeting_serious\frame_0015_face_0_aug_2.jpg,03__meeting_serious,train
data\processed\augmented\03__meeting_serious\frame_0025_face_0_aug_2.jpg,03__meeting_serious\frame_0025_face_0_aug_2.jpg,03__meeting_serious,train
data\processed\augmented\03__meeting_serious\frame_0006_face_0_aug_2.jpg,03__meeting_serious\frame_0006_face_0_aug_2.jpg,03__meeting_serious,train
data\processed\augmented\03__meeting_serious\frame_0010_face_0_aug_1.jpg,03__meeting_serious\frame_0010_face_0_aug_1.jpg,03__meeting_serious,train
data\processed\augmented\03__meeting_serious\frame_0013_face_0_aug_2.jpg,03__meeting_serious\frame_0013_face_0_aug_2.jpg,03__meeting_serious,train
data\processed\augmented\03__outside_talking_pan_laughing\frame_0019_face_0_aug_2.jpg,03__outside_talking_pan_laughing\frame_0019_face_0_aug_2.jpg,03__outside_talking_pan_laughing,train
data\processed\augmented\03__outside_talking_pan_laughing\frame_0001_face_0_aug_0.jpg,03__outside_talking_pan_laughing\frame_0001_face_0_aug_0.jpg,03__outside_talking_pan_laughing,train
data\processed\augmented\03__outside_talking_pan_laughing\frame_0010_face_0_aug_0.jpg,03__outside_talking_pan_laughing\frame_0010_face_0_aug_0.jpg,03__outside_talking_pan_laughing,train
data\processed\augmented\03__outside_talking_pan_laughing\frame_0020_face_0_aug_2.jpg,03__outside_talking_pan_laughing\frame_0020_face_0_aug_2.jpg,03__outside_talking_pan_laughing,train
data\processed\augmented\03__outside_talking_pan_laughing\frame_0005_face_0_aug_2.jpg,03__outside_talking_pan_laughing\frame_0005_face_0_aug_2.jpg,03__outside_talking_pan_laughing,train
data\processed\augmented\03__outside_talking_pan_laughing\frame_0015_face_0_aug_0.jpg,03__outside_talking_pan_laughing\frame_0015_face_0_aug_0.jpg,03__outside_talking_pan_laughing,train
data\processed\augmented\03__outside_talking_pan_laughing\frame_0017_face_0_aug_2.jpg,03__outside_talking_pan_laughing\frame_0017_face_0_aug_2.jpg,03__outside_talking_pan_laughing,train
data\processed\augmented\03__outside_talking_pan_laughing\frame_0012_face_0_aug_0.jpg,03__outside_talking_pan_laughing\frame_0012_face_0_aug_0.jpg,03__outside_talking_pan_laughing,train
data\processed\augmented\03__outside_talking_pan_laughing\frame_0021_face_0_aug_1.jpg,03__outside_talking_pan_laughing\frame_0021_face_0_aug_1.jpg,03__outside_talking_pan_laughing,train
data\processed\augmented\03__outside_talking_pan_laughing\frame_0003_face_0_aug_0.jpg,03__outside_talking_pan_laughing\frame_0003_face_0_aug_0.jpg,03__outside_talking_pan_laughing,train
data\processed\augmented\03__outside_talking_pan_laughing\frame_0017_face_0_aug_1.jpg,03__outside_talking_pan_laughing\frame_0017_face_0_aug_1.jpg,03__outside_talking_pan_laughing,train
data\processed\augmented\03__outside_talking_pan_laughing\frame_0026_face_0_aug_1.jpg,03__outside_talking_pan_laughing\frame_0026_face_0_aug_1.jpg,03__outside_talking_pan_laughing,train
data\processed\augmented\03__outside_talking_pan_laughing\frame_0004_face_0_aug_1.jpg,03__outside_talking_pan_laughing\frame_0004_face_0_aug_1.jpg,03__outside_talking_pan_laughing,train
data\processed\augmented\03__outside_talking_pan_laughing\frame_0023_face_0_aug_0.jpg,03__outside_talking_pan_laughing\frame_0023_face_0_aug_0.jpg,03__outside_talking_pan_laughing,train
data\processed\augmented\03__outside_talking_pan_laughing\frame_0009_face_0_aug_2.jpg,03__outside_talking_pan_laughing\frame_0009_face_0_aug_2.jpg,03__outside_talking_pan_laughing,train
data\processed\augmented\03__outside_talking_pan_laughing\frame_0014_face_0_aug_1.jpg,03__outside_talking_pan_laughing\frame_0014_face_0_aug_1.jpg,03__outside_talking_pan_laughing,train
data\processed\augmented\03__outside_talking_pan_laughing\frame_0020_face_0_aug_0.jpg,03__outside_talking_pan_laughing\frame_0020_face_0_aug_0.jpg,03__outside_talking_pan_laughing,train
data\processed\augmented\03__outside_talking_pan_laughing\frame_0005_face_0_aug_0.jpg,03__outside_talking_pan_laughing\frame_0005_face_0_aug_0.jpg,03__outside_talking_pan_laughing,train
data\processed\augmented\03__outside_talking_pan_laughing\frame_0017_face_0_aug_0.jpg,03__outside_talking_pan_laughing\frame_0017_face_0_aug_0.jpg,03__outside_talking_pan_laughing,train
data\processed\augmented\03__outside_talking_pan_laughing\frame_0014_face_0_aug_0.jpg,03__outside_talking_pan_laughing\frame_0014_face_0_aug_0.jpg,03__outside_talking_pan_laughing,train
data\processed\augmented\03__outside_talking_pan_laughing\frame_0000_face_0_aug_1.jpg,03__outside_talking_pan_laughing\frame_0000_face_0_aug_1.jpg,03__outside_talking_pan_laughing,train
data\processed\augmented\03__outside_talking_pan_laughing\frame_0026_face_0_aug_0.jpg,03__outside_talking_pan_laughing\frame_0026_face_0_aug_0.jpg,03__outside_talking_pan_laughing,train
data\processed\augmented\03__outside_talking_pan_laughing\frame_0029_face_0_aug_2.jpg,03__outside_talking_pan_laughing\frame_0029_face_0_aug_2.jpg,03__outside_talking_pan_laughing,train
data\processed\augmented\03__outside_talking_pan_laughing\frame_0022_face_0_aug_1.jpg,03__outside_talking_pan_laughing\frame_0022_face_0_aug_1.jpg,03__outside_talking_pan_laughing,train
data\processed\augmented\03__outside_talking_pan_laughing\frame_0019_face_0_aug_0.jpg,03__outside_talking_pan_laughing\frame_0019_face_0_aug_0.jpg,03__outside_talking_pan_laughing,train
data\processed\augmented\03__outside_talking_pan_laughing\frame_0009_face_0_aug_1.jpg,03__outside_talking_pan_laughing\frame_0009_face_0_aug_1.jpg,03__outside_talking_pan_laughing,train
data\processed\augmented\03__outside_talking_pan_laughing\frame_0022_face_0_aug_2.jpg,03__outside_talking_pan_laughing\frame_0022_face_0_aug_2.jpg,03__outside_talking_pan_laughing,train
data\processed\augmented\03__outside_talking_pan_laughing\frame_0002_face_0_aug_0.jpg,03__outside_talking_pan_laughing\frame_0002_face_0_aug_0.jpg,03__outside_talking_pan_laughing,train
data\processed\augmented\03__outside_talking_pan_laughing\frame_0025_face_0_aug_1.jpg,03__outside_talking_pan_laughing\frame_0025_face_0_aug_1.jpg,03__outside_talking_pan_laughing,train
data\processed\augmented\03__outside_talking_pan_laughing\frame_0012_face_0_aug_1.jpg,03__outside_talking_pan_laughing\frame_0012_face_0_aug_1.jpg,03__outside_talking_pan_laughing,train
data\processed\augmented\03__outside_talking_pan_laughing\frame_0024_face_0_aug_1.jpg,03__outside_talking_pan_laughing\frame_0024_face_0_aug_1.jpg,03__outside_talking_pan_laughing,train
data\processed\augmented\03__outside_talking_pan_laughing\frame_0002_face_0_aug_2.jpg,03__outside_talking_pan_laughing\frame_0002_face_0_aug_2.jpg,03__outside_talking_pan_laughing,train
data\processed\augmented\03__outside_talking_pan_laughing\frame_0024_face_0_aug_2.jpg,03__outside_talking_pan_laughing\frame_0024_face_0_aug_2.jpg,03__outside_talking_pan_laughing,train
data\processed\augmented\03__outside_talking_pan_laughing\frame_0010_face_0_aug_2.jpg,03__outside_talking_pan_laughing\frame_0010_face_0_aug_2.jpg,03__outside_talking_pan_laughing,train
data\processed\augmented\03__outside_talking_pan_laughing\frame_0015_face_0_aug_1.jpg,03__outside_talking_pan_laughing\frame_0015_face_0_aug_1.jpg,03__outside_talking_pan_laughing,train
data\processed\augmented\03__outside_talking_pan_laughing\frame_0004_face_0_aug_2.jpg,03__outside_talking_pan_laughing\frame_0004_face_0_aug_2.jpg,03__outside_talking_pan_laughing,train
data\processed\augmented\03__outside_talking_pan_laughing\frame_0025_face_0_aug_0.jpg,03__outside_talking_pan_laughing\frame_0025_face_0_aug_0.jpg,03__outside_talking_pan_laughing,train
data\processed\augmented\03__outside_talking_pan_laughing\frame_0006_face_0_aug_1.jpg,03__outside_talking_pan_laughing\frame_0006_face_0_aug_1.jpg,03__outside_talking_pan_laughing,train
data\processed\augmented\03__outside_talking_pan_laughing\frame_0026_face_0_aug_2.jpg,03__outside_talking_pan_laughing\frame_0026_face_0_aug_2.jpg,03__outside_talking_pan_laughing,train
data\processed\augmented\03__outside_talking_pan_laughing\frame_0009_face_0_aug_0.jpg,03__outside_talking_pan_laughing\frame_0009_face_0_aug_0.jpg,03__outside_talking_pan_laughing,train
data\processed\augmented\03__outside_talking_pan_laughing\frame_0029_face_0_aug_1.jpg,03__outside_talking_pan_laughing\frame_0029_face_0_aug_1.jpg,03__outside_talking_pan_laughing,train
data\processed\augmented\03__outside_talking_pan_laughing\frame_0002_face_0_aug_1.jpg,03__outside_talking_pan_laughing\frame_0002_face_0_aug_1.jpg,03__outside_talking_pan_laughing,train
data\processed\augmented\03__outside_talking_pan_laughing\frame_0018_face_0_aug_0.jpg,03__outside_talking_pan_laughing\frame_0018_face_0_aug_0.jpg,03__outside_talking_pan_laughing,train
data\processed\augmented\03__outside_talking_pan_laughing\frame_0027_face_0_aug_2.jpg,03__outside_talking_pan_laughing\frame_0027_face_0_aug_2.jpg,03__outside_talking_pan_laughing,train
data\processed\augmented\03__outside_talking_pan_laughing\frame_0028_face_0_aug_1.jpg,03__outside_talking_pan_laughing\frame_0028_face_0_aug_1.jpg,03__outside_talking_pan_laughing,train
data\processed\augmented\03__outside_talking_pan_laughing\frame_0003_face_0_aug_2.jpg,03__outside_talking_pan_laughing\frame_0003_face_0_aug_2.jpg,03__outside_talking_pan_laughing,train
data\processed\augmented\03__outside_talking_pan_laughing\frame_0008_face_0_aug_0.jpg,03__outside_talking_pan_laughing\frame_0008_face_0_aug_0.jpg,03__outside_talking_pan_laughing,train
data\processed\augmented\03__outside_talking_pan_laughing\frame_0023_face_0_aug_2.jpg,03__outside_talking_pan_laughing\frame_0023_face_0_aug_2.jpg,03__outside_talking_pan_laughing,train
data\processed\augmented\03__outside_talking_pan_laughing\frame_0021_face_0_aug_0.jpg,03__outside_talking_pan_laughing\frame_0021_face_0_aug_0.jpg,03__outside_talking_pan_laughing,train
data\processed\augmented\03__outside_talking_pan_laughing\frame_0000_face_0_aug_2.jpg,03__outside_talking_pan_laughing\frame_0000_face_0_aug_2.jpg,03__outside_talking_pan_laughing,train
data\processed\augmented\03__outside_talking_pan_laughing\frame_0029_face_0_aug_0.jpg,03__outside_talking_pan_laughing\frame_0029_face_0_aug_0.jpg,03__outside_talking_pan_laughing,train
data\processed\augmented\03__outside_talking_pan_laughing\frame_0008_face_0_aug_1.jpg,03__outside_talking_pan_laughing\frame_0008_face_0_aug_1.jpg,03__outside_talking_pan_laughing,train
data\processed\augmented\03__outside_talking_pan_laughing\frame_0001_face_0_aug_1.jpg,03__outside_talking_pan_laughing\frame_0001_face_0_aug_1.jpg,03__outside_talking_pan_laughing,train
data\processed\augmented\03__outside_talking_pan_laughing\frame_0019_face_0_aug_1.jpg,03__outside_talking_pan_laughing\frame_0019_face_0_aug_1.jpg,03__outside_talking_pan_laughing,train
data\processed\augmented\03__outside_talking_pan_laughing\frame_0005_face_0_aug_1.jpg,03__outside_talking_pan_laughing\frame_0005_face_0_aug_1.jpg,03__outside_talking_pan_laughing,train
data\processed\augmented\03__outside_talking_pan_laughing\frame_0006_face_0_aug_0.jpg,03__outside_talking_pan_laughing\frame_0006_face_0_aug_0.jpg,03__outside_talking_pan_laughing,train
data\processed\augmented\03__outside_talking_pan_laughing\frame_0011_face_0_aug_1.jpg,03__outside_talking_pan_laughing\frame_0011_face_0_aug_1.jpg,03__outside_talking_pan_laughing,train
data\processed\augmented\03__outside_talking_pan_laughing\frame_0015_face_0_aug_2.jpg,03__outside_talking_pan_laughing\frame_0015_face_0_aug_2.jpg,03__outside_talking_pan_laughing,train
data\processed\augmented\03__outside_talking_pan_laughing\frame_0025_face_0_aug_2.jpg,03__outside_talking_pan_laughing\frame_0025_face_0_aug_2.jpg,03__outside_talking_pan_laughing,train
data\processed\augmented\03__outside_talking_pan_laughing\frame_0006_face_0_aug_2.jpg,03__outside_talking_pan_laughing\frame_0006_face_0_aug_2.jpg,03__outside_talking_pan_laughing,train
data\processed\augmented\03__outside_talking_pan_laughing\frame_0010_face_0_aug_1.jpg,03__outside_talking_pan_laughing\frame_0010_face_0_aug_1.jpg,03__outside_talking_pan_laughing,train
data\processed\augmented\03__outside_talking_pan_laughing\frame_0013_face_0_aug_2.jpg,03__outside_talking_pan_laughing\frame_0013_face_0_aug_2.jpg,03__outside_talking_pan_laughing,train
data\processed\augmented\03__outside_talking_still_laughing\frame_0019_face_0_aug_2.jpg,03__outside_talking_still_laughing\frame_0019_face_0_aug_2.jpg,03__outside_talking_still_laughing,train
data\processed\augmented\03__outside_talking_still_laughing\frame_0001_face_0_aug_0.jpg,03__outside_talking_still_laughing\frame_0001_face_0_aug_0.jpg,03__outside_talking_still_laughing,train
data\processed\augmented\03__outside_talking_still_laughing\frame_0010_face_0_aug_0.jpg,03__outside_talking_still_laughing\frame_0010_face_0_aug_0.jpg,03__outside_talking_still_laughing,train
data\processed\augmented\03__outside_talking_still_laughing\frame_0020_face_0_aug_2.jpg,03__outside_talking_still_laughing\frame_0020_face_0_aug_2.jpg,03__outside_talking_still_laughing,train
data\processed\augmented\03__outside_talking_still_laughing\frame_0005_face_0_aug_2.jpg,03__outside_talking_still_laughing\frame_0005_face_0_aug_2.jpg,03__outside_talking_still_laughing,train
data\processed\augmented\03__outside_talking_still_laughing\frame_0015_face_0_aug_0.jpg,03__outside_talking_still_laughing\frame_0015_face_0_aug_0.jpg,03__outside_talking_still_laughing,train
data\processed\augmented\03__outside_talking_still_laughing\frame_0017_face_0_aug_2.jpg,03__outside_talking_still_laughing\frame_0017_face_0_aug_2.jpg,03__outside_talking_still_laughing,train
data\processed\augmented\03__outside_talking_still_laughing\frame_0012_face_0_aug_0.jpg,03__outside_talking_still_laughing\frame_0012_face_0_aug_0.jpg,03__outside_talking_still_laughing,train
data\processed\augmented\03__outside_talking_still_laughing\frame_0021_face_0_aug_1.jpg,03__outside_talking_still_laughing\frame_0021_face_0_aug_1.jpg,03__outside_talking_still_laughing,train
data\processed\augmented\03__outside_talking_still_laughing\frame_0003_face_0_aug_0.jpg,03__outside_talking_still_laughing\frame_0003_face_0_aug_0.jpg,03__outside_talking_still_laughing,train
data\processed\augmented\03__outside_talking_still_laughing\frame_0017_face_0_aug_1.jpg,03__outside_talking_still_laughing\frame_0017_face_0_aug_1.jpg,03__outside_talking_still_laughing,train
data\processed\augmented\03__outside_talking_still_laughing\frame_0026_face_0_aug_1.jpg,03__outside_talking_still_laughing\frame_0026_face_0_aug_1.jpg,03__outside_talking_still_laughing,train
data\processed\augmented\03__outside_talking_still_laughing\frame_0004_face_0_aug_1.jpg,03__outside_talking_still_laughing\frame_0004_face_0_aug_1.jpg,03__outside_talking_still_laughing,train
data\processed\augmented\03__outside_talking_still_laughing\frame_0023_face_0_aug_0.jpg,03__outside_talking_still_laughing\frame_0023_face_0_aug_0.jpg,03__outside_talking_still_laughing,train
data\processed\augmented\03__outside_talking_still_laughing\frame_0009_face_0_aug_2.jpg,03__outside_talking_still_laughing\frame_0009_face_0_aug_2.jpg,03__outside_talking_still_laughing,train
data\processed\augmented\03__outside_talking_still_laughing\frame_0014_face_0_aug_1.jpg,03__outside_talking_still_laughing\frame_0014_face_0_aug_1.jpg,03__outside_talking_still_laughing,train
data\processed\augmented\03__outside_talking_still_laughing\frame_0020_face_0_aug_0.jpg,03__outside_talking_still_laughing\frame_0020_face_0_aug_0.jpg,03__outside_talking_still_laughing,train
data\processed\augmented\03__outside_talking_still_laughing\frame_0005_face_0_aug_0.jpg,03__outside_talking_still_laughing\frame_0005_face_0_aug_0.jpg,03__outside_talking_still_laughing,train
data\processed\augmented\03__outside_talking_still_laughing\frame_0017_face_0_aug_0.jpg,03__outside_talking_still_laughing\frame_0017_face_0_aug_0.jpg,03__outside_talking_still_laughing,train
data\processed\augmented\03__outside_talking_still_laughing\frame_0014_face_0_aug_0.jpg,03__outside_talking_still_laughing\frame_0014_face_0_aug_0.jpg,03__outside_talking_still_laughing,train
data\processed\augmented\03__outside_talking_still_laughing\frame_0000_face_0_aug_1.jpg,03__outside_talking_still_laughing\frame_0000_face_0_aug_1.jpg,03__outside_talking_still_laughing,train
data\processed\augmented\03__outside_talking_still_laughing\frame_0026_face_0_aug_0.jpg,03__outside_talking_still_laughing\frame_0026_face_0_aug_0.jpg,03__outside_talking_still_laughing,train
data\processed\augmented\03__outside_talking_still_laughing\frame_0029_face_0_aug_2.jpg,03__outside_talking_still_laughing\frame_0029_face_0_aug_2.jpg,03__outside_talking_still_laughing,train
data\processed\augmented\03__outside_talking_still_laughing\frame_0022_face_0_aug_1.jpg,03__outside_talking_still_laughing\frame_0022_face_0_aug_1.jpg,03__outside_talking_still_laughing,train
data\processed\augmented\03__outside_talking_still_laughing\frame_0019_face_0_aug_0.jpg,03__outside_talking_still_laughing\frame_0019_face_0_aug_0.jpg,03__outside_talking_still_laughing,train
data\processed\augmented\03__outside_talking_still_laughing\frame_0009_face_0_aug_1.jpg,03__outside_talking_still_laughing\frame_0009_face_0_aug_1.jpg,03__outside_talking_still_laughing,train
data\processed\augmented\03__outside_talking_still_laughing\frame_0022_face_0_aug_2.jpg,03__outside_talking_still_laughing\frame_0022_face_0_aug_2.jpg,03__outside_talking_still_laughing,train
data\processed\augmented\03__outside_talking_still_laughing\frame_0002_face_0_aug_0.jpg,03__outside_talking_still_laughing\frame_0002_face_0_aug_0.jpg,03__outside_talking_still_laughing,train
data\processed\augmented\03__outside_talking_still_laughing\frame_0025_face_0_aug_1.jpg,03__outside_talking_still_laughing\frame_0025_face_0_aug_1.jpg,03__outside_talking_still_laughing,train
data\processed\augmented\03__outside_talking_still_laughing\frame_0012_face_0_aug_1.jpg,03__outside_talking_still_laughing\frame_0012_face_0_aug_1.jpg,03__outside_talking_still_laughing,train
data\processed\augmented\03__outside_talking_still_laughing\frame_0024_face_0_aug_1.jpg,03__outside_talking_still_laughing\frame_0024_face_0_aug_1.jpg,03__outside_talking_still_laughing,train
data\processed\augmented\03__outside_talking_still_laughing\frame_0002_face_0_aug_2.jpg,03__outside_talking_still_laughing\frame_0002_face_0_aug_2.jpg,03__outside_talking_still_laughing,train
data\processed\augmented\03__outside_talking_still_laughing\frame_0024_face_0_aug_2.jpg,03__outside_talking_still_laughing\frame_0024_face_0_aug_2.jpg,03__outside_talking_still_laughing,train
data\processed\augmented\03__outside_talking_still_laughing\frame_0010_face_0_aug_2.jpg,03__outside_talking_still_laughing\frame_0010_face_0_aug_2.jpg,03__outside_talking_still_laughing,train
data\processed\augmented\03__outside_talking_still_laughing\frame_0015_face_0_aug_1.jpg,03__outside_talking_still_laughing\frame_0015_face_0_aug_1.jpg,03__outside_talking_still_laughing,train
data\processed\augmented\03__outside_talking_still_laughing\frame_0004_face_0_aug_2.jpg,03__outside_talking_still_laughing\frame_0004_face_0_aug_2.jpg,03__outside_talking_still_laughing,train
data\processed\augmented\03__outside_talking_still_laughing\frame_0025_face_0_aug_0.jpg,03__outside_talking_still_laughing\frame_0025_face_0_aug_0.jpg,03__outside_talking_still_laughing,train
data\processed\augmented\03__outside_talking_still_laughing\frame_0006_face_0_aug_1.jpg,03__outside_talking_still_laughing\frame_0006_face_0_aug_1.jpg,03__outside_talking_still_laughing,train
data\processed\augmented\03__outside_talking_still_laughing\frame_0026_face_0_aug_2.jpg,03__outside_talking_still_laughing\frame_0026_face_0_aug_2.jpg,03__outside_talking_still_laughing,train
data\processed\augmented\03__outside_talking_still_laughing\frame_0009_face_0_aug_0.jpg,03__outside_talking_still_laughing\frame_0009_face_0_aug_0.jpg,03__outside_talking_still_laughing,train
data\processed\augmented\03__outside_talking_still_laughing\frame_0029_face_0_aug_1.jpg,03__outside_talking_still_laughing\frame_0029_face_0_aug_1.jpg,03__outside_talking_still_laughing,train
data\processed\augmented\03__outside_talking_still_laughing\frame_0002_face_0_aug_1.jpg,03__outside_talking_still_laughing\frame_0002_face_0_aug_1.jpg,03__outside_talking_still_laughing,train
data\processed\augmented\03__outside_talking_still_laughing\frame_0018_face_0_aug_0.jpg,03__outside_talking_still_laughing\frame_0018_face_0_aug_0.jpg,03__outside_talking_still_laughing,train
data\processed\augmented\03__outside_talking_still_laughing\frame_0027_face_0_aug_2.jpg,03__outside_talking_still_laughing\frame_0027_face_0_aug_2.jpg,03__outside_talking_still_laughing,train
data\processed\augmented\03__outside_talking_still_laughing\frame_0028_face_0_aug_1.jpg,03__outside_talking_still_laughing\frame_0028_face_0_aug_1.jpg,03__outside_talking_still_laughing,train
data\processed\augmented\03__outside_talking_still_laughing\frame_0003_face_0_aug_2.jpg,03__outside_talking_still_laughing\frame_0003_face_0_aug_2.jpg,03__outside_talking_still_laughing,train
data\processed\augmented\03__outside_talking_still_laughing\frame_0008_face_0_aug_0.jpg,03__outside_talking_still_laughing\frame_0008_face_0_aug_0.jpg,03__outside_talking_still_laughing,train
data\processed\augmented\03__outside_talking_still_laughing\frame_0023_face_0_aug_2.jpg,03__outside_talking_still_laughing\frame_0023_face_0_aug_2.jpg,03__outside_talking_still_laughing,train
data\processed\augmented\03__outside_talking_still_laughing\frame_0021_face_0_aug_0.jpg,03__outside_talking_still_laughing\frame_0021_face_0_aug_0.jpg,03__outside_talking_still_laughing,train
data\processed\augmented\03__outside_talking_still_laughing\frame_0000_face_0_aug_2.jpg,03__outside_talking_still_laughing\frame_0000_face_0_aug_2.jpg,03__outside_talking_still_laughing,train
data\processed\augmented\03__outside_talking_still_laughing\frame_0029_face_0_aug_0.jpg,03__outside_talking_still_laughing\frame_0029_face_0_aug_0.jpg,03__outside_talking_still_laughing,train
data\processed\augmented\03__outside_talking_still_laughing\frame_0008_face_0_aug_1.jpg,03__outside_talking_still_laughing\frame_0008_face_0_aug_1.jpg,03__outside_talking_still_laughing,train
data\processed\augmented\03__outside_talking_still_laughing\frame_0001_face_0_aug_1.jpg,03__outside_talking_still_laughing\frame_0001_face_0_aug_1.jpg,03__outside_talking_still_laughing,train
data\processed\augmented\03__outside_talking_still_laughing\frame_0019_face_0_aug_1.jpg,03__outside_talking_still_laughing\frame_0019_face_0_aug_1.jpg,03__outside_talking_still_laughing,train
data\processed\augmented\03__outside_talking_still_laughing\frame_0005_face_0_aug_1.jpg,03__outside_talking_still_laughing\frame_0005_face_0_aug_1.jpg,03__outside_talking_still_laughing,train
data\processed\augmented\03__outside_talking_still_laughing\frame_0006_face_0_aug_0.jpg,03__outside_talking_still_laughing\frame_0006_face_0_aug_0.jpg,03__outside_talking_still_laughing,train
data\processed\augmented\03__outside_talking_still_laughing\frame_0011_face_0_aug_1.jpg,03__outside_talking_still_laughing\frame_0011_face_0_aug_1.jpg,03__outside_talking_still_laughing,train
data\processed\augmented\03__outside_talking_still_laughing\frame_0015_face_0_aug_2.jpg,03__outside_talking_still_laughing\frame_0015_face_0_aug_2.jpg,03__outside_talking_still_laughing,train
data\processed\augmented\03__outside_talking_still_laughing\frame_0025_face_0_aug_2.jpg,03__outside_talking_still_laughing\frame_0025_face_0_aug_2.jpg,03__outside_talking_still_laughing,train
data\processed\augmented\03__outside_talking_still_laughing\frame_0006_face_0_aug_2.jpg,03__outside_talking_still_laughing\frame_0006_face_0_aug_2.jpg,03__outside_talking_still_laughing,train
data\processed\augmented\03__outside_talking_still_laughing\frame_0010_face_0_aug_1.jpg,03__outside_talking_still_laughing\frame_0010_face_0_aug_1.jpg,03__outside_talking_still_laughing,train
data\processed\augmented\03__outside_talking_still_laughing\frame_0013_face_0_aug_2.jpg,03__outside_talking_still_laughing\frame_0013_face_0_aug_2.jpg,03__outside_talking_still_laughing,train
data\processed\augmented\03__podium_speech_happy\frame_0019_face_0_aug_2.jpg,03__podium_speech_happy\frame_0019_face_0_aug_2.jpg,03__podium_speech_happy,train
data\processed\augmented\03__podium_speech_happy\frame_0001_face_0_aug_0.jpg,03__podium_speech_happy\frame_0001_face_0_aug_0.jpg,03__podium_speech_happy,train
data\processed\augmented\03__podium_speech_happy\frame_0010_face_0_aug_0.jpg,03__podium_speech_happy\frame_0010_face_0_aug_0.jpg,03__podium_speech_happy,train
data\processed\augmented\03__podium_speech_happy\frame_0020_face_0_aug_2.jpg,03__podium_speech_happy\frame_0020_face_0_aug_2.jpg,03__podium_speech_happy,train
data\processed\augmented\03__podium_speech_happy\frame_0005_face_0_aug_2.jpg,03__podium_speech_happy\frame_0005_face_0_aug_2.jpg,03__podium_speech_happy,train
data\processed\augmented\03__podium_speech_happy\frame_0015_face_0_aug_0.jpg,03__podium_speech_happy\frame_0015_face_0_aug_0.jpg,03__podium_speech_happy,train
data\processed\augmented\03__podium_speech_happy\frame_0017_face_0_aug_2.jpg,03__podium_speech_happy\frame_0017_face_0_aug_2.jpg,03__podium_speech_happy,train
data\processed\augmented\03__podium_speech_happy\frame_0012_face_0_aug_0.jpg,03__podium_speech_happy\frame_0012_face_0_aug_0.jpg,03__podium_speech_happy,train
data\processed\augmented\03__podium_speech_happy\frame_0021_face_0_aug_1.jpg,03__podium_speech_happy\frame_0021_face_0_aug_1.jpg,03__podium_speech_happy,train
data\processed\augmented\03__podium_speech_happy\frame_0003_face_0_aug_0.jpg,03__podium_speech_happy\frame_0003_face_0_aug_0.jpg,03__podium_speech_happy,train
data\processed\augmented\03__podium_speech_happy\frame_0017_face_0_aug_1.jpg,03__podium_speech_happy\frame_0017_face_0_aug_1.jpg,03__podium_speech_happy,train
data\processed\augmented\03__podium_speech_happy\frame_0026_face_0_aug_1.jpg,03__podium_speech_happy\frame_0026_face_0_aug_1.jpg,03__podium_speech_happy,train
data\processed\augmented\03__podium_speech_happy\frame_0004_face_0_aug_1.jpg,03__podium_speech_happy\frame_0004_face_0_aug_1.jpg,03__podium_speech_happy,train
data\processed\augmented\03__podium_speech_happy\frame_0023_face_0_aug_0.jpg,03__podium_speech_happy\frame_0023_face_0_aug_0.jpg,03__podium_speech_happy,train
data\processed\augmented\03__podium_speech_happy\frame_0009_face_0_aug_2.jpg,03__podium_speech_happy\frame_0009_face_0_aug_2.jpg,03__podium_speech_happy,train
data\processed\augmented\03__podium_speech_happy\frame_0014_face_0_aug_1.jpg,03__podium_speech_happy\frame_0014_face_0_aug_1.jpg,03__podium_speech_happy,train
data\processed\augmented\03__podium_speech_happy\frame_0020_face_0_aug_0.jpg,03__podium_speech_happy\frame_0020_face_0_aug_0.jpg,03__podium_speech_happy,train
data\processed\augmented\03__podium_speech_happy\frame_0005_face_0_aug_0.jpg,03__podium_speech_happy\frame_0005_face_0_aug_0.jpg,03__podium_speech_happy,train
data\processed\augmented\03__podium_speech_happy\frame_0017_face_0_aug_0.jpg,03__podium_speech_happy\frame_0017_face_0_aug_0.jpg,03__podium_speech_happy,train
data\processed\augmented\03__podium_speech_happy\frame_0014_face_0_aug_0.jpg,03__podium_speech_happy\frame_0014_face_0_aug_0.jpg,03__podium_speech_happy,train
data\processed\augmented\03__podium_speech_happy\frame_0000_face_0_aug_1.jpg,03__podium_speech_happy\frame_0000_face_0_aug_1.jpg,03__podium_speech_happy,train
data\processed\augmented\03__podium_speech_happy\frame_0026_face_0_aug_0.jpg,03__podium_speech_happy\frame_0026_face_0_aug_0.jpg,03__podium_speech_happy,train
data\processed\augmented\03__podium_speech_happy\frame_0029_face_0_aug_2.jpg,03__podium_speech_happy\frame_0029_face_0_aug_2.jpg,03__podium_speech_happy,train
data\processed\augmented\03__podium_speech_happy\frame_0022_face_0_aug_1.jpg,03__podium_speech_happy\frame_0022_face_0_aug_1.jpg,03__podium_speech_happy,train
data\processed\augmented\03__podium_speech_happy\frame_0019_face_0_aug_0.jpg,03__podium_speech_happy\frame_0019_face_0_aug_0.jpg,03__podium_speech_happy,train
data\processed\augmented\03__podium_speech_happy\frame_0009_face_0_aug_1.jpg,03__podium_speech_happy\frame_0009_face_0_aug_1.jpg,03__podium_speech_happy,train
data\processed\augmented\03__podium_speech_happy\frame_0022_face_0_aug_2.jpg,03__podium_speech_happy\frame_0022_face_0_aug_2.jpg,03__podium_speech_happy,train
data\processed\augmented\03__podium_speech_happy\frame_0002_face_0_aug_0.jpg,03__podium_speech_happy\frame_0002_face_0_aug_0.jpg,03__podium_speech_happy,train
data\processed\augmented\03__podium_speech_happy\frame_0025_face_0_aug_1.jpg,03__podium_speech_happy\frame_0025_face_0_aug_1.jpg,03__podium_speech_happy,train
data\processed\augmented\03__podium_speech_happy\frame_0012_face_0_aug_1.jpg,03__podium_speech_happy\frame_0012_face_0_aug_1.jpg,03__podium_speech_happy,train
data\processed\augmented\03__podium_speech_happy\frame_0024_face_0_aug_1.jpg,03__podium_speech_happy\frame_0024_face_0_aug_1.jpg,03__podium_speech_happy,train
data\processed\augmented\03__podium_speech_happy\frame_0002_face_0_aug_2.jpg,03__podium_speech_happy\frame_0002_face_0_aug_2.jpg,03__podium_speech_happy,train
data\processed\augmented\03__podium_speech_happy\frame_0024_face_0_aug_2.jpg,03__podium_speech_happy\frame_0024_face_0_aug_2.jpg,03__podium_speech_happy,train
data\processed\augmented\03__podium_speech_happy\frame_0010_face_0_aug_2.jpg,03__podium_speech_happy\frame_0010_face_0_aug_2.jpg,03__podium_speech_happy,train
data\processed\augmented\03__podium_speech_happy\frame_0015_face_0_aug_1.jpg,03__podium_speech_happy\frame_0015_face_0_aug_1.jpg,03__podium_speech_happy,train
data\processed\augmented\03__podium_speech_happy\frame_0004_face_0_aug_2.jpg,03__podium_speech_happy\frame_0004_face_0_aug_2.jpg,03__podium_speech_happy,train
data\processed\augmented\03__podium_speech_happy\frame_0025_face_0_aug_0.jpg,03__podium_speech_happy\frame_0025_face_0_aug_0.jpg,03__podium_speech_happy,train
data\processed\augmented\03__podium_speech_happy\frame_0006_face_0_aug_1.jpg,03__podium_speech_happy\frame_0006_face_0_aug_1.jpg,03__podium_speech_happy,train
data\processed\augmented\03__podium_speech_happy\frame_0026_face_0_aug_2.jpg,03__podium_speech_happy\frame_0026_face_0_aug_2.jpg,03__podium_speech_happy,train
data\processed\augmented\03__podium_speech_happy\frame_0009_face_0_aug_0.jpg,03__podium_speech_happy\frame_0009_face_0_aug_0.jpg,03__podium_speech_happy,train
data\processed\augmented\03__podium_speech_happy\frame_0029_face_0_aug_1.jpg,03__podium_speech_happy\frame_0029_face_0_aug_1.jpg,03__podium_speech_happy,train
data\processed\augmented\03__podium_speech_happy\frame_0002_face_0_aug_1.jpg,03__podium_speech_happy\frame_0002_face_0_aug_1.jpg,03__podium_speech_happy,train
data\processed\augmented\03__podium_speech_happy\frame_0018_face_0_aug_0.jpg,03__podium_speech_happy\frame_0018_face_0_aug_0.jpg,03__podium_speech_happy,train
data\processed\augmented\03__podium_speech_happy\frame_0027_face_0_aug_2.jpg,03__podium_speech_happy\frame_0027_face_0_aug_2.jpg,03__podium_speech_happy,train
data\processed\augmented\03__podium_speech_happy\frame_0028_face_0_aug_1.jpg,03__podium_speech_happy\frame_0028_face_0_aug_1.jpg,03__podium_speech_happy,train
data\processed\augmented\03__podium_speech_happy\frame_0003_face_0_aug_2.jpg,03__podium_speech_happy\frame_0003_face_0_aug_2.jpg,03__podium_speech_happy,train
data\processed\augmented\03__podium_speech_happy\frame_0008_face_0_aug_0.jpg,03__podium_speech_happy\frame_0008_face_0_aug_0.jpg,03__podium_speech_happy,train
data\processed\augmented\03__podium_speech_happy\frame_0023_face_0_aug_2.jpg,03__podium_speech_happy\frame_0023_face_0_aug_2.jpg,03__podium_speech_happy,train
data\processed\augmented\03__podium_speech_happy\frame_0021_face_0_aug_0.jpg,03__podium_speech_happy\frame_0021_face_0_aug_0.jpg,03__podium_speech_happy,train
data\processed\augmented\03__podium_speech_happy\frame_0000_face_0_aug_2.jpg,03__podium_speech_happy\frame_0000_face_0_aug_2.jpg,03__podium_speech_happy,train
data\processed\augmented\03__podium_speech_happy\frame_0029_face_0_aug_0.jpg,03__podium_speech_happy\frame_0029_face_0_aug_0.jpg,03__podium_speech_happy,train
data\processed\augmented\03__podium_speech_happy\frame_0008_face_0_aug_1.jpg,03__podium_speech_happy\frame_0008_face_0_aug_1.jpg,03__podium_speech_happy,train
data\processed\augmented\03__podium_speech_happy\frame_0001_face_0_aug_1.jpg,03__podium_speech_happy\frame_0001_face_0_aug_1.jpg,03__podium_speech_happy,train
data\processed\augmented\03__podium_speech_happy\frame_0019_face_0_aug_1.jpg,03__podium_speech_happy\frame_0019_face_0_aug_1.jpg,03__podium_speech_happy,train
data\processed\augmented\03__podium_speech_happy\frame_0005_face_0_aug_1.jpg,03__podium_speech_happy\frame_0005_face_0_aug_1.jpg,03__podium_speech_happy,train
data\processed\augmented\03__podium_speech_happy\frame_0006_face_0_aug_0.jpg,03__podium_speech_happy\frame_0006_face_0_aug_0.jpg,03__podium_speech_happy,train
data\processed\augmented\03__podium_speech_happy\frame_0011_face_0_aug_1.jpg,03__podium_speech_happy\frame_0011_face_0_aug_1.jpg,03__podium_speech_happy,train
data\processed\augmented\03__podium_speech_happy\frame_0015_face_0_aug_2.jpg,03__podium_speech_happy\frame_0015_face_0_aug_2.jpg,03__podium_speech_happy,train
data\processed\augmented\03__podium_speech_happy\frame_0025_face_0_aug_2.jpg,03__podium_speech_happy\frame_0025_face_0_aug_2.jpg,03__podium_speech_happy,train
data\processed\augmented\03__podium_speech_happy\frame_0006_face_0_aug_2.jpg,03__podium_speech_happy\frame_0006_face_0_aug_2.jpg,03__podium_speech_happy,train
data\processed\augmented\03__podium_speech_happy\frame_0010_face_0_aug_1.jpg,03__podium_speech_happy\frame_0010_face_0_aug_1.jpg,03__podium_speech_happy,train
data\processed\augmented\03__podium_speech_happy\frame_0013_face_0_aug_2.jpg,03__podium_speech_happy\frame_0013_face_0_aug_2.jpg,03__podium_speech_happy,train
data\processed\augmented\03__secret_conversation\frame_0019_face_0_aug_2.jpg,03__secret_conversation\frame_0019_face_0_aug_2.jpg,03__secret_conversation,train
data\processed\augmented\03__secret_conversation\frame_0001_face_0_aug_0.jpg,03__secret_conversation\frame_0001_face_0_aug_0.jpg,03__secret_conversation,train
data\processed\augmented\03__secret_conversation\frame_0010_face_0_aug_0.jpg,03__secret_conversation\frame_0010_face_0_aug_0.jpg,03__secret_conversation,train
data\processed\augmented\03__secret_conversation\frame_0020_face_0_aug_2.jpg,03__secret_conversation\frame_0020_face_0_aug_2.jpg,03__secret_conversation,train
data\processed\augmented\03__secret_conversation\frame_0005_face_0_aug_2.jpg,03__secret_conversation\frame_0005_face_0_aug_2.jpg,03__secret_conversation,train
data\processed\augmented\03__secret_conversation\frame_0015_face_0_aug_0.jpg,03__secret_conversation\frame_0015_face_0_aug_0.jpg,03__secret_conversation,train
data\processed\augmented\03__secret_conversation\frame_0017_face_0_aug_2.jpg,03__secret_conversation\frame_0017_face_0_aug_2.jpg,03__secret_conversation,train
data\processed\augmented\03__secret_conversation\frame_0012_face_0_aug_0.jpg,03__secret_conversation\frame_0012_face_0_aug_0.jpg,03__secret_conversation,train
data\processed\augmented\03__secret_conversation\frame_0021_face_0_aug_1.jpg,03__secret_conversation\frame_0021_face_0_aug_1.jpg,03__secret_conversation,train
data\processed\augmented\03__secret_conversation\frame_0003_face_0_aug_0.jpg,03__secret_conversation\frame_0003_face_0_aug_0.jpg,03__secret_conversation,train
data\processed\augmented\03__secret_conversation\frame_0017_face_0_aug_1.jpg,03__secret_conversation\frame_0017_face_0_aug_1.jpg,03__secret_conversation,train
data\processed\augmented\03__secret_conversation\frame_0026_face_0_aug_1.jpg,03__secret_conversation\frame_0026_face_0_aug_1.jpg,03__secret_conversation,train
data\processed\augmented\03__secret_conversation\frame_0004_face_0_aug_1.jpg,03__secret_conversation\frame_0004_face_0_aug_1.jpg,03__secret_conversation,train
data\processed\augmented\03__secret_conversation\frame_0023_face_0_aug_0.jpg,03__secret_conversation\frame_0023_face_0_aug_0.jpg,03__secret_conversation,train
data\processed\augmented\03__secret_conversation\frame_0009_face_0_aug_2.jpg,03__secret_conversation\frame_0009_face_0_aug_2.jpg,03__secret_conversation,train
data\processed\augmented\03__secret_conversation\frame_0014_face_0_aug_1.jpg,03__secret_conversation\frame_0014_face_0_aug_1.jpg,03__secret_conversation,train
data\processed\augmented\03__secret_conversation\frame_0020_face_0_aug_0.jpg,03__secret_conversation\frame_0020_face_0_aug_0.jpg,03__secret_conversation,train
data\processed\augmented\03__secret_conversation\frame_0005_face_0_aug_0.jpg,03__secret_conversation\frame_0005_face_0_aug_0.jpg,03__secret_conversation,train
data\processed\augmented\03__secret_conversation\frame_0017_face_0_aug_0.jpg,03__secret_conversation\frame_0017_face_0_aug_0.jpg,03__secret_conversation,train
data\processed\augmented\03__secret_conversation\frame_0014_face_0_aug_0.jpg,03__secret_conversation\frame_0014_face_0_aug_0.jpg,03__secret_conversation,train
data\processed\augmented\03__secret_conversation\frame_0000_face_0_aug_1.jpg,03__secret_conversation\frame_0000_face_0_aug_1.jpg,03__secret_conversation,train
data\processed\augmented\03__secret_conversation\frame_0026_face_0_aug_0.jpg,03__secret_conversation\frame_0026_face_0_aug_0.jpg,03__secret_conversation,train
data\processed\augmented\03__secret_conversation\frame_0029_face_0_aug_2.jpg,03__secret_conversation\frame_0029_face_0_aug_2.jpg,03__secret_conversation,train
data\processed\augmented\03__secret_conversation\frame_0022_face_0_aug_1.jpg,03__secret_conversation\frame_0022_face_0_aug_1.jpg,03__secret_conversation,train
data\processed\augmented\03__secret_conversation\frame_0019_face_0_aug_0.jpg,03__secret_conversation\frame_0019_face_0_aug_0.jpg,03__secret_conversation,train
data\processed\augmented\03__secret_conversation\frame_0009_face_0_aug_1.jpg,03__secret_conversation\frame_0009_face_0_aug_1.jpg,03__secret_conversation,train
data\processed\augmented\03__secret_conversation\frame_0022_face_0_aug_2.jpg,03__secret_conversation\frame_0022_face_0_aug_2.jpg,03__secret_conversation,train
data\processed\augmented\03__secret_conversation\frame_0002_face_0_aug_0.jpg,03__secret_conversation\frame_0002_face_0_aug_0.jpg,03__secret_conversation,train
data\processed\augmented\03__secret_conversation\frame_0025_face_0_aug_1.jpg,03__secret_conversation\frame_0025_face_0_aug_1.jpg,03__secret_conversation,train
data\processed\augmented\03__secret_conversation\frame_0012_face_0_aug_1.jpg,03__secret_conversation\frame_0012_face_0_aug_1.jpg,03__secret_conversation,train
data\processed\augmented\03__secret_conversation\frame_0024_face_0_aug_1.jpg,03__secret_conversation\frame_0024_face_0_aug_1.jpg,03__secret_conversation,train
data\processed\augmented\03__secret_conversation\frame_0002_face_0_aug_2.jpg,03__secret_conversation\frame_0002_face_0_aug_2.jpg,03__secret_conversation,train
data\processed\augmented\03__secret_conversation\frame_0024_face_0_aug_2.jpg,03__secret_conversation\frame_0024_face_0_aug_2.jpg,03__secret_conversation,train
data\processed\augmented\03__secret_conversation\frame_0010_face_0_aug_2.jpg,03__secret_conversation\frame_0010_face_0_aug_2.jpg,03__secret_conversation,train
data\processed\augmented\03__secret_conversation\frame_0015_face_0_aug_1.jpg,03__secret_conversation\frame_0015_face_0_aug_1.jpg,03__secret_conversation,train
data\processed\augmented\03__secret_conversation\frame_0004_face_0_aug_2.jpg,03__secret_conversation\frame_0004_face_0_aug_2.jpg,03__secret_conversation,train
data\processed\augmented\03__secret_conversation\frame_0025_face_0_aug_0.jpg,03__secret_conversation\frame_0025_face_0_aug_0.jpg,03__secret_conversation,train
data\processed\augmented\03__secret_conversation\frame_0006_face_0_aug_1.jpg,03__secret_conversation\frame_0006_face_0_aug_1.jpg,03__secret_conversation,train
data\processed\augmented\03__secret_conversation\frame_0026_face_0_aug_2.jpg,03__secret_conversation\frame_0026_face_0_aug_2.jpg,03__secret_conversation,train
data\processed\augmented\03__secret_conversation\frame_0009_face_0_aug_0.jpg,03__secret_conversation\frame_0009_face_0_aug_0.jpg,03__secret_conversation,train
data\processed\augmented\03__secret_conversation\frame_0029_face_0_aug_1.jpg,03__secret_conversation\frame_0029_face_0_aug_1.jpg,03__secret_conversation,train
data\processed\augmented\03__secret_conversation\frame_0002_face_0_aug_1.jpg,03__secret_conversation\frame_0002_face_0_aug_1.jpg,03__secret_conversation,train
data\processed\augmented\03__secret_conversation\frame_0018_face_0_aug_0.jpg,03__secret_conversation\frame_0018_face_0_aug_0.jpg,03__secret_conversation,train
data\processed\augmented\03__secret_conversation\frame_0027_face_0_aug_2.jpg,03__secret_conversation\frame_0027_face_0_aug_2.jpg,03__secret_conversation,train
data\processed\augmented\03__secret_conversation\frame_0028_face_0_aug_1.jpg,03__secret_conversation\frame_0028_face_0_aug_1.jpg,03__secret_conversation,train
data\processed\augmented\03__secret_conversation\frame_0003_face_0_aug_2.jpg,03__secret_conversation\frame_0003_face_0_aug_2.jpg,03__secret_conversation,train
data\processed\augmented\03__secret_conversation\frame_0008_face_0_aug_0.jpg,03__secret_conversation\frame_0008_face_0_aug_0.jpg,03__secret_conversation,train
data\processed\augmented\03__secret_conversation\frame_0023_face_0_aug_2.jpg,03__secret_conversation\frame_0023_face_0_aug_2.jpg,03__secret_conversation,train
data\processed\augmented\03__secret_conversation\frame_0021_face_0_aug_0.jpg,03__secret_conversation\frame_0021_face_0_aug_0.jpg,03__secret_conversation,train
data\processed\augmented\03__secret_conversation\frame_0000_face_0_aug_2.jpg,03__secret_conversation\frame_0000_face_0_aug_2.jpg,03__secret_conversation,train
data\processed\augmented\03__secret_conversation\frame_0029_face_0_aug_0.jpg,03__secret_conversation\frame_0029_face_0_aug_0.jpg,03__secret_conversation,train
data\processed\augmented\03__secret_conversation\frame_0008_face_0_aug_1.jpg,03__secret_conversation\frame_0008_face_0_aug_1.jpg,03__secret_conversation,train
data\processed\augmented\03__secret_conversation\frame_0001_face_0_aug_1.jpg,03__secret_conversation\frame_0001_face_0_aug_1.jpg,03__secret_conversation,train
data\processed\augmented\03__secret_conversation\frame_0019_face_0_aug_1.jpg,03__secret_conversation\frame_0019_face_0_aug_1.jpg,03__secret_conversation,train
data\processed\augmented\03__secret_conversation\frame_0005_face_0_aug_1.jpg,03__secret_conversation\frame_0005_face_0_aug_1.jpg,03__secret_conversation,train
data\processed\augmented\03__secret_conversation\frame_0006_face_0_aug_0.jpg,03__secret_conversation\frame_0006_face_0_aug_0.jpg,03__secret_conversation,train
data\processed\augmented\03__secret_conversation\frame_0011_face_0_aug_1.jpg,03__secret_conversation\frame_0011_face_0_aug_1.jpg,03__secret_conversation,train
data\processed\augmented\03__secret_conversation\frame_0015_face_0_aug_2.jpg,03__secret_conversation\frame_0015_face_0_aug_2.jpg,03__secret_conversation,train
data\processed\augmented\03__secret_conversation\frame_0025_face_0_aug_2.jpg,03__secret_conversation\frame_0025_face_0_aug_2.jpg,03__secret_conversation,train
data\processed\augmented\03__secret_conversation\frame_0006_face_0_aug_2.jpg,03__secret_conversation\frame_0006_face_0_aug_2.jpg,03__secret_conversation,train
data\processed\augmented\03__secret_conversation\frame_0010_face_0_aug_1.jpg,03__secret_conversation\frame_0010_face_0_aug_1.jpg,03__secret_conversation,train
data\processed\augmented\03__secret_conversation\frame_0013_face_0_aug_2.jpg,03__secret_conversation\frame_0013_face_0_aug_2.jpg,03__secret_conversation,train
data\processed\augmented\03__walking_and_outside_surprised\frame_0019_face_0_aug_2.jpg,03__walking_and_outside_surprised\frame_0019_face_0_aug_2.jpg,03__walking_and_outside_surprised,train
data\processed\augmented\03__walking_and_outside_surprised\frame_0001_face_0_aug_0.jpg,03__walking_and_outside_surprised\frame_0001_face_0_aug_0.jpg,03__walking_and_outside_surprised,train
data\processed\augmented\03__walking_and_outside_surprised\frame_0010_face_0_aug_0.jpg,03__walking_and_outside_surprised\frame_0010_face_0_aug_0.jpg,03__walking_and_outside_surprised,train
data\processed\augmented\03__walking_and_outside_surprised\frame_0020_face_0_aug_2.jpg,03__walking_and_outside_surprised\frame_0020_face_0_aug_2.jpg,03__walking_and_outside_surprised,train
data\processed\augmented\03__walking_and_outside_surprised\frame_0005_face_0_aug_2.jpg,03__walking_and_outside_surprised\frame_0005_face_0_aug_2.jpg,03__walking_and_outside_surprised,train
data\processed\augmented\03__walking_and_outside_surprised\frame_0015_face_0_aug_0.jpg,03__walking_and_outside_surprised\frame_0015_face_0_aug_0.jpg,03__walking_and_outside_surprised,train
data\processed\augmented\03__walking_and_outside_surprised\frame_0017_face_0_aug_2.jpg,03__walking_and_outside_surprised\frame_0017_face_0_aug_2.jpg,03__walking_and_outside_surprised,train
data\processed\augmented\03__walking_and_outside_surprised\frame_0012_face_0_aug_0.jpg,03__walking_and_outside_surprised\frame_0012_face_0_aug_0.jpg,03__walking_and_outside_surprised,train
data\processed\augmented\03__walking_and_outside_surprised\frame_0021_face_0_aug_1.jpg,03__walking_and_outside_surprised\frame_0021_face_0_aug_1.jpg,03__walking_and_outside_surprised,train
data\processed\augmented\03__walking_and_outside_surprised\frame_0003_face_0_aug_0.jpg,03__walking_and_outside_surprised\frame_0003_face_0_aug_0.jpg,03__walking_and_outside_surprised,train
data\processed\augmented\03__walking_and_outside_surprised\frame_0017_face_0_aug_1.jpg,03__walking_and_outside_surprised\frame_0017_face_0_aug_1.jpg,03__walking_and_outside_surprised,train
data\processed\augmented\03__walking_and_outside_surprised\frame_0026_face_0_aug_1.jpg,03__walking_and_outside_surprised\frame_0026_face_0_aug_1.jpg,03__walking_and_outside_surprised,train
data\processed\augmented\03__walking_and_outside_surprised\frame_0004_face_0_aug_1.jpg,03__walking_and_outside_surprised\frame_0004_face_0_aug_1.jpg,03__walking_and_outside_surprised,train
data\processed\augmented\03__walking_and_outside_surprised\frame_0023_face_0_aug_0.jpg,03__walking_and_outside_surprised\frame_0023_face_0_aug_0.jpg,03__walking_and_outside_surprised,train
data\processed\augmented\03__walking_and_outside_surprised\frame_0009_face_0_aug_2.jpg,03__walking_and_outside_surprised\frame_0009_face_0_aug_2.jpg,03__walking_and_outside_surprised,train
data\processed\augmented\03__walking_and_outside_surprised\frame_0014_face_0_aug_1.jpg,03__walking_and_outside_surprised\frame_0014_face_0_aug_1.jpg,03__walking_and_outside_surprised,train
data\processed\augmented\03__walking_and_outside_surprised\frame_0020_face_0_aug_0.jpg,03__walking_and_outside_surprised\frame_0020_face_0_aug_0.jpg,03__walking_and_outside_surprised,train
data\processed\augmented\03__walking_and_outside_surprised\frame_0005_face_0_aug_0.jpg,03__walking_and_outside_surprised\frame_0005_face_0_aug_0.jpg,03__walking_and_outside_surprised,train
data\processed\augmented\03__walking_and_outside_surprised\frame_0017_face_0_aug_0.jpg,03__walking_and_outside_surprised\frame_0017_face_0_aug_0.jpg,03__walking_and_outside_surprised,train
data\processed\augmented\03__walking_and_outside_surprised\frame_0014_face_0_aug_0.jpg,03__walking_and_outside_surprised\frame_0014_face_0_aug_0.jpg,03__walking_and_outside_surprised,train
data\processed\augmented\03__walking_and_outside_surprised\frame_0000_face_0_aug_1.jpg,03__walking_and_outside_surprised\frame_0000_face_0_aug_1.jpg,03__walking_and_outside_surprised,train
data\processed\augmented\03__walking_and_outside_surprised\frame_0026_face_0_aug_0.jpg,03__walking_and_outside_surprised\frame_0026_face_0_aug_0.jpg,03__walking_and_outside_surprised,train
data\processed\augmented\03__walking_and_outside_surprised\frame_0029_face_0_aug_2.jpg,03__walking_and_outside_surprised\frame_0029_face_0_aug_2.jpg,03__walking_and_outside_surprised,train
data\processed\augmented\03__walking_and_outside_surprised\frame_0022_face_0_aug_1.jpg,03__walking_and_outside_surprised\frame_0022_face_0_aug_1.jpg,03__walking_and_outside_surprised,train
data\processed\augmented\03__walking_and_outside_surprised\frame_0019_face_0_aug_0.jpg,03__walking_and_outside_surprised\frame_0019_face_0_aug_0.jpg,03__walking_and_outside_surprised,train
data\processed\augmented\03__walking_and_outside_surprised\frame_0009_face_0_aug_1.jpg,03__walking_and_outside_surprised\frame_0009_face_0_aug_1.jpg,03__walking_and_outside_surprised,train
data\processed\augmented\03__walking_and_outside_surprised\frame_0022_face_0_aug_2.jpg,03__walking_and_outside_surprised\frame_0022_face_0_aug_2.jpg,03__walking_and_outside_surprised,train
data\processed\augmented\03__walking_and_outside_surprised\frame_0002_face_0_aug_0.jpg,03__walking_and_outside_surprised\frame_0002_face_0_aug_0.jpg,03__walking_and_outside_surprised,train
data\processed\augmented\03__walking_and_outside_surprised\frame_0025_face_0_aug_1.jpg,03__walking_and_outside_surprised\frame_0025_face_0_aug_1.jpg,03__walking_and_outside_surprised,train
data\processed\augmented\03__walking_and_outside_surprised\frame_0012_face_0_aug_1.jpg,03__walking_and_outside_surprised\frame_0012_face_0_aug_1.jpg,03__walking_and_outside_surprised,train
data\processed\augmented\03__walking_and_outside_surprised\frame_0024_face_0_aug_1.jpg,03__walking_and_outside_surprised\frame_0024_face_0_aug_1.jpg,03__walking_and_outside_surprised,train
data\processed\augmented\03__walking_and_outside_surprised\frame_0002_face_0_aug_2.jpg,03__walking_and_outside_surprised\frame_0002_face_0_aug_2.jpg,03__walking_and_outside_surprised,train
data\processed\augmented\03__walking_and_outside_surprised\frame_0024_face_0_aug_2.jpg,03__walking_and_outside_surprised\frame_0024_face_0_aug_2.jpg,03__walking_and_outside_surprised,train
data\processed\augmented\03__walking_and_outside_surprised\frame_0010_face_0_aug_2.jpg,03__walking_and_outside_surprised\frame_0010_face_0_aug_2.jpg,03__walking_and_outside_surprised,train
data\processed\augmented\03__walking_and_outside_surprised\frame_0015_face_0_aug_1.jpg,03__walking_and_outside_surprised\frame_0015_face_0_aug_1.jpg,03__walking_and_outside_surprised,train
data\processed\augmented\03__walking_and_outside_surprised\frame_0004_face_0_aug_2.jpg,03__walking_and_outside_surprised\frame_0004_face_0_aug_2.jpg,03__walking_and_outside_surprised,train
data\processed\augmented\03__walking_and_outside_surprised\frame_0025_face_0_aug_0.jpg,03__walking_and_outside_surprised\frame_0025_face_0_aug_0.jpg,03__walking_and_outside_surprised,train
data\processed\augmented\03__walking_and_outside_surprised\frame_0006_face_0_aug_1.jpg,03__walking_and_outside_surprised\frame_0006_face_0_aug_1.jpg,03__walking_and_outside_surprised,train
data\processed\augmented\03__walking_and_outside_surprised\frame_0026_face_0_aug_2.jpg,03__walking_and_outside_surprised\frame_0026_face_0_aug_2.jpg,03__walking_and_outside_surprised,train
data\processed\augmented\03__walking_and_outside_surprised\frame_0009_face_0_aug_0.jpg,03__walking_and_outside_surprised\frame_0009_face_0_aug_0.jpg,03__walking_and_outside_surprised,train
data\processed\augmented\03__walking_and_outside_surprised\frame_0029_face_0_aug_1.jpg,03__walking_and_outside_surprised\frame_0029_face_0_aug_1.jpg,03__walking_and_outside_surprised,train
data\processed\augmented\03__walking_and_outside_surprised\frame_0002_face_0_aug_1.jpg,03__walking_and_outside_surprised\frame_0002_face_0_aug_1.jpg,03__walking_and_outside_surprised,train
data\processed\augmented\03__walking_and_outside_surprised\frame_0018_face_0_aug_0.jpg,03__walking_and_outside_surprised\frame_0018_face_0_aug_0.jpg,03__walking_and_outside_surprised,train
data\processed\augmented\03__walking_and_outside_surprised\frame_0027_face_0_aug_2.jpg,03__walking_and_outside_surprised\frame_0027_face_0_aug_2.jpg,03__walking_and_outside_surprised,train
data\processed\augmented\03__walking_and_outside_surprised\frame_0028_face_0_aug_1.jpg,03__walking_and_outside_surprised\frame_0028_face_0_aug_1.jpg,03__walking_and_outside_surprised,train
data\processed\augmented\03__walking_and_outside_surprised\frame_0003_face_0_aug_2.jpg,03__walking_and_outside_surprised\frame_0003_face_0_aug_2.jpg,03__walking_and_outside_surprised,train
data\processed\augmented\03__walking_and_outside_surprised\frame_0008_face_0_aug_0.jpg,03__walking_and_outside_surprised\frame_0008_face_0_aug_0.jpg,03__walking_and_outside_surprised,train
data\processed\augmented\03__walking_and_outside_surprised\frame_0023_face_0_aug_2.jpg,03__walking_and_outside_surprised\frame_0023_face_0_aug_2.jpg,03__walking_and_outside_surprised,train
data\processed\augmented\03__walking_and_outside_surprised\frame_0021_face_0_aug_0.jpg,03__walking_and_outside_surprised\frame_0021_face_0_aug_0.jpg,03__walking_and_outside_surprised,train
data\processed\augmented\03__walking_and_outside_surprised\frame_0000_face_0_aug_2.jpg,03__walking_and_outside_surprised\frame_0000_face_0_aug_2.jpg,03__walking_and_outside_surprised,train
data\processed\augmented\03__walking_and_outside_surprised\frame_0029_face_0_aug_0.jpg,03__walking_and_outside_surprised\frame_0029_face_0_aug_0.jpg,03__walking_and_outside_surprised,train
data\processed\augmented\03__walking_and_outside_surprised\frame_0008_face_0_aug_1.jpg,03__walking_and_outside_surprised\frame_0008_face_0_aug_1.jpg,03__walking_and_outside_surprised,train
data\processed\augmented\03__walking_and_outside_surprised\frame_0001_face_0_aug_1.jpg,03__walking_and_outside_surprised\frame_0001_face_0_aug_1.jpg,03__walking_and_outside_surprised,train
data\processed\augmented\03__walking_and_outside_surprised\frame_0019_face_0_aug_1.jpg,03__walking_and_outside_surprised\frame_0019_face_0_aug_1.jpg,03__walking_and_outside_surprised,train
data\processed\augmented\03__walking_and_outside_surprised\frame_0005_face_0_aug_1.jpg,03__walking_and_outside_surprised\frame_0005_face_0_aug_1.jpg,03__walking_and_outside_surprised,train
data\processed\augmented\03__walking_and_outside_surprised\frame_0006_face_0_aug_0.jpg,03__walking_and_outside_surprised\frame_0006_face_0_aug_0.jpg,03__walking_and_outside_surprised,train
data\processed\augmented\03__walking_and_outside_surprised\frame_0011_face_0_aug_1.jpg,03__walking_and_outside_surprised\frame_0011_face_0_aug_1.jpg,03__walking_and_outside_surprised,train
data\processed\augmented\03__walking_and_outside_surprised\frame_0015_face_0_aug_2.jpg,03__walking_and_outside_surprised\frame_0015_face_0_aug_2.jpg,03__walking_and_outside_surprised,train
data\processed\augmented\03__walking_and_outside_surprised\frame_0025_face_0_aug_2.jpg,03__walking_and_outside_surprised\frame_0025_face_0_aug_2.jpg,03__walking_and_outside_surprised,train
data\processed\augmented\03__walking_and_outside_surprised\frame_0006_face_0_aug_2.jpg,03__walking_and_outside_surprised\frame_0006_face_0_aug_2.jpg,03__walking_and_outside_surprised,train
data\processed\augmented\03__walking_and_outside_surprised\frame_0010_face_0_aug_1.jpg,03__walking_and_outside_surprised\frame_0010_face_0_aug_1.jpg,03__walking_and_outside_surprised,train
data\processed\augmented\03__walking_and_outside_surprised\frame_0013_face_0_aug_2.jpg,03__walking_and_outside_surprised\frame_0013_face_0_aug_2.jpg,03__walking_and_outside_surprised,train
data\processed\augmented\03__walking_outside_cafe_disgusted\frame_0015_face_0_aug_0.jpg,03__walking_outside_cafe_disgusted\frame_0015_face_0_aug_0.jpg,03__walking_outside_cafe_disgusted,train
data\processed\augmented\03__walking_outside_cafe_disgusted\frame_0027_face_0_aug_1.jpg,03__walking_outside_cafe_disgusted\frame_0027_face_0_aug_1.jpg,03__walking_outside_cafe_disgusted,train
data\processed\augmented\03__walking_outside_cafe_disgusted\frame_0002_face_0_aug_0.jpg,03__walking_outside_cafe_disgusted\frame_0002_face_0_aug_0.jpg,03__walking_outside_cafe_disgusted,train
data\processed\augmented\03__walking_outside_cafe_disgusted\frame_0001_face_0_aug_1.jpg,03__walking_outside_cafe_disgusted\frame_0001_face_0_aug_1.jpg,03__walking_outside_cafe_disgusted,train
data\processed\augmented\03__walking_outside_cafe_disgusted\frame_0003_face_0_aug_0.jpg,03__walking_outside_cafe_disgusted\frame_0003_face_0_aug_0.jpg,03__walking_outside_cafe_disgusted,train
data\processed\augmented\03__walking_outside_cafe_disgusted\frame_0010_face_0_aug_2.jpg,03__walking_outside_cafe_disgusted\frame_0010_face_0_aug_2.jpg,03__walking_outside_cafe_disgusted,train
data\processed\augmented\03__walking_outside_cafe_disgusted\frame_0006_face_0_aug_0.jpg,03__walking_outside_cafe_disgusted\frame_0006_face_0_aug_0.jpg,03__walking_outside_cafe_disgusted,train
data\processed\augmented\03__walking_outside_cafe_disgusted\frame_0012_face_0_aug_1.jpg,03__walking_outside_cafe_disgusted\frame_0012_face_0_aug_1.jpg,03__walking_outside_cafe_disgusted,train
data\processed\augmented\03__walking_outside_cafe_disgusted\frame_0023_face_0_aug_0.jpg,03__walking_outside_cafe_disgusted\frame_0023_face_0_aug_0.jpg,03__walking_outside_cafe_disgusted,train
data\processed\augmented\03__walking_outside_cafe_disgusted\frame_0014_face_0_aug_2.jpg,03__walking_outside_cafe_disgusted\frame_0014_face_0_aug_2.jpg,03__walking_outside_cafe_disgusted,train
data\processed\augmented\03__walking_outside_cafe_disgusted\frame_0005_face_0_aug_1.jpg,03__walking_outside_cafe_disgusted\frame_0005_face_0_aug_1.jpg,03__walking_outside_cafe_disgusted,train
data\processed\augmented\03__walking_outside_cafe_disgusted\frame_0004_face_0_aug_2.jpg,03__walking_outside_cafe_disgusted\frame_0004_face_0_aug_2.jpg,03__walking_outside_cafe_disgusted,train
data\processed\augmented\03__walking_outside_cafe_disgusted\frame_0020_face_0_aug_2.jpg,03__walking_outside_cafe_disgusted\frame_0020_face_0_aug_2.jpg,03__walking_outside_cafe_disgusted,train
data\processed\augmented\03__walking_outside_cafe_disgusted\frame_0026_face_0_aug_2.jpg,03__walking_outside_cafe_disgusted\frame_0026_face_0_aug_2.jpg,03__walking_outside_cafe_disgusted,train
data\processed\augmented\03__walking_outside_cafe_disgusted\frame_0009_face_0_aug_2.jpg,03__walking_outside_cafe_disgusted\frame_0009_face_0_aug_2.jpg,03__walking_outside_cafe_disgusted,train
data\processed\augmented\03__walking_outside_cafe_disgusted\frame_0009_face_0_aug_0.jpg,03__walking_outside_cafe_disgusted\frame_0009_face_0_aug_0.jpg,03__walking_outside_cafe_disgusted,train
data\processed\augmented\03__walking_outside_cafe_disgusted\frame_0006_face_0_aug_1.jpg,03__walking_outside_cafe_disgusted\frame_0006_face_0_aug_1.jpg,03__walking_outside_cafe_disgusted,train
data\processed\augmented\03__walking_outside_cafe_disgusted\frame_0013_face_0_aug_1.jpg,03__walking_outside_cafe_disgusted\frame_0013_face_0_aug_1.jpg,03__walking_outside_cafe_disgusted,train
data\processed\augmented\03__walking_outside_cafe_disgusted\frame_0016_face_0_aug_1.jpg,03__walking_outside_cafe_disgusted\frame_0016_face_0_aug_1.jpg,03__walking_outside_cafe_disgusted,train
data\processed\augmented\03__walking_outside_cafe_disgusted\frame_0024_face_0_aug_0.jpg,03__walking_outside_cafe_disgusted\frame_0024_face_0_aug_0.jpg,03__walking_outside_cafe_disgusted,train
data\processed\augmented\03__walking_outside_cafe_disgusted\frame_0017_face_0_aug_2.jpg,03__walking_outside_cafe_disgusted\frame_0017_face_0_aug_2.jpg,03__walking_outside_cafe_disgusted,train
data\processed\augmented\03__walking_outside_cafe_disgusted\frame_0002_face_0_aug_2.jpg,03__walking_outside_cafe_disgusted\frame_0002_face_0_aug_2.jpg,03__walking_outside_cafe_disgusted,train
data\processed\augmented\03__walking_outside_cafe_disgusted\frame_0018_face_0_aug_0.jpg,03__walking_outside_cafe_disgusted\frame_0018_face_0_aug_0.jpg,03__walking_outside_cafe_disgusted,train
data\processed\augmented\03__walking_outside_cafe_disgusted\frame_0012_face_0_aug_0.jpg,03__walking_outside_cafe_disgusted\frame_0012_face_0_aug_0.jpg,03__walking_outside_cafe_disgusted,train
data\processed\augmented\03__walking_outside_cafe_disgusted\frame_0015_face_0_aug_2.jpg,03__walking_outside_cafe_disgusted\frame_0015_face_0_aug_2.jpg,03__walking_outside_cafe_disgusted,train
data\processed\augmented\03__walking_outside_cafe_disgusted\frame_0021_face_0_aug_1.jpg,03__walking_outside_cafe_disgusted\frame_0021_face_0_aug_1.jpg,03__walking_outside_cafe_disgusted,train
data\processed\augmented\03__walking_outside_cafe_disgusted\frame_0011_face_0_aug_0.jpg,03__walking_outside_cafe_disgusted\frame_0011_face_0_aug_0.jpg,03__walking_outside_cafe_disgusted,train
data\processed\augmented\03__walking_outside_cafe_disgusted\frame_0025_face_0_aug_0.jpg,03__walking_outside_cafe_disgusted\frame_0025_face_0_aug_0.jpg,03__walking_outside_cafe_disgusted,train
data\processed\augmented\03__walking_outside_cafe_disgusted\frame_0017_face_0_aug_1.jpg,03__walking_outside_cafe_disgusted\frame_0017_face_0_aug_1.jpg,03__walking_outside_cafe_disgusted,train
data\processed\augmented\03__walking_outside_cafe_disgusted\frame_0013_face_0_aug_0.jpg,03__walking_outside_cafe_disgusted\frame_0013_face_0_aug_0.jpg,03__walking_outside_cafe_disgusted,train
data\processed\augmented\03__walking_outside_cafe_disgusted\frame_0025_face_0_aug_2.jpg,03__walking_outside_cafe_disgusted\frame_0025_face_0_aug_2.jpg,03__walking_outside_cafe_disgusted,train
data\processed\augmented\03__walking_outside_cafe_disgusted\frame_0008_face_0_aug_2.jpg,03__walking_outside_cafe_disgusted\frame_0008_face_0_aug_2.jpg,03__walking_outside_cafe_disgusted,train
data\processed\augmented\03__walking_outside_cafe_disgusted\frame_0005_face_0_aug_2.jpg,03__walking_outside_cafe_disgusted\frame_0005_face_0_aug_2.jpg,03__walking_outside_cafe_disgusted,train
data\processed\augmented\03__walking_outside_cafe_disgusted\frame_0011_face_0_aug_1.jpg,03__walking_outside_cafe_disgusted\frame_0011_face_0_aug_1.jpg,03__walking_outside_cafe_disgusted,train
data\processed\augmented\03__walking_outside_cafe_disgusted\frame_0018_face_0_aug_2.jpg,03__walking_outside_cafe_disgusted\frame_0018_face_0_aug_2.jpg,03__walking_outside_cafe_disgusted,train
data\processed\augmented\03__walking_outside_cafe_disgusted\frame_0028_face_0_aug_1.jpg,03__walking_outside_cafe_disgusted\frame_0028_face_0_aug_1.jpg,03__walking_outside_cafe_disgusted,train
data\processed\augmented\03__walking_outside_cafe_disgusted\frame_0009_face_0_aug_1.jpg,03__walking_outside_cafe_disgusted\frame_0009_face_0_aug_1.jpg,03__walking_outside_cafe_disgusted,train
data\processed\augmented\03__walking_outside_cafe_disgusted\frame_0015_face_0_aug_1.jpg,03__walking_outside_cafe_disgusted\frame_0015_face_0_aug_1.jpg,03__walking_outside_cafe_disgusted,train
data\processed\augmented\03__walking_outside_cafe_disgusted\frame_0007_face_0_aug_1.jpg,03__walking_outside_cafe_disgusted\frame_0007_face_0_aug_1.jpg,03__walking_outside_cafe_disgusted,train
data\processed\augmented\03__walking_outside_cafe_disgusted\frame_0024_face_0_aug_2.jpg,03__walking_outside_cafe_disgusted\frame_0024_face_0_aug_2.jpg,03__walking_outside_cafe_disgusted,train
data\processed\augmented\03__walking_outside_cafe_disgusted\frame_0027_face_0_aug_0.jpg,03__walking_outside_cafe_disgusted\frame_0027_face_0_aug_0.jpg,03__walking_outside_cafe_disgusted,train
data\processed\augmented\03__walking_outside_cafe_disgusted\frame_0004_face_0_aug_0.jpg,03__walking_outside_cafe_disgusted\frame_0004_face_0_aug_0.jpg,03__walking_outside_cafe_disgusted,train
data\processed\augmented\03__walking_outside_cafe_disgusted\frame_0013_face_0_aug_2.jpg,03__walking_outside_cafe_disgusted\frame_0013_face_0_aug_2.jpg,03__walking_outside_cafe_disgusted,train
data\processed\augmented\03__walking_outside_cafe_disgusted\frame_0021_face_0_aug_0.jpg,03__walking_outside_cafe_disgusted\frame_0021_face_0_aug_0.jpg,03__walking_outside_cafe_disgusted,train
data\processed\augmented\03__walking_outside_cafe_disgusted\frame_0001_face_0_aug_2.jpg,03__walking_outside_cafe_disgusted\frame_0001_face_0_aug_2.jpg,03__walking_outside_cafe_disgusted,train
data\processed\augmented\03__walking_outside_cafe_disgusted\frame_0026_face_0_aug_0.jpg,03__walking_outside_cafe_disgusted\frame_0026_face_0_aug_0.jpg,03__walking_outside_cafe_disgusted,train
data\processed\augmented\03__walking_outside_cafe_disgusted\frame_0021_face_0_aug_2.jpg,03__walking_outside_cafe_disgusted\frame_0021_face_0_aug_2.jpg,03__walking_outside_cafe_disgusted,train
data\processed\augmented\03__walking_outside_cafe_disgusted\frame_0010_face_0_aug_0.jpg,03__walking_outside_cafe_disgusted\frame_0010_face_0_aug_0.jpg,03__walking_outside_cafe_disgusted,train
data\processed\augmented\03__walking_outside_cafe_disgusted\frame_0007_face_0_aug_2.jpg,03__walking_outside_cafe_disgusted\frame_0007_face_0_aug_2.jpg,03__walking_outside_cafe_disgusted,train
data\processed\augmented\03__walking_outside_cafe_disgusted\frame_0019_face_0_aug_1.jpg,03__walking_outside_cafe_disgusted\frame_0019_face_0_aug_1.jpg,03__walking_outside_cafe_disgusted,train
data\processed\augmented\03__walking_outside_cafe_disgusted\frame_0011_face_0_aug_2.jpg,03__walking_outside_cafe_disgusted\frame_0011_face_0_aug_2.jpg,03__walking_outside_cafe_disgusted,train
data\processed\augmented\03__walking_outside_cafe_disgusted\frame_0003_face_0_aug_1.jpg,03__walking_outside_cafe_disgusted\frame_0003_face_0_aug_1.jpg,03__walking_outside_cafe_disgusted,train
data\processed\augmented\03__walking_outside_cafe_disgusted\frame_0019_face_0_aug_0.jpg,03__walking_outside_cafe_disgusted\frame_0019_face_0_aug_0.jpg,03__walking_outside_cafe_disgusted,train
data\processed\augmented\03__walking_outside_cafe_disgusted\frame_0019_face_0_aug_2.jpg,03__walking_outside_cafe_disgusted\frame_0019_face_0_aug_2.jpg,03__walking_outside_cafe_disgusted,train
data\processed\augmented\03__walking_outside_cafe_disgusted\frame_0022_face_0_aug_1.jpg,03__walking_outside_cafe_disgusted\frame_0022_face_0_aug_1.jpg,03__walking_outside_cafe_disgusted,train
data\processed\augmented\03__walking_outside_cafe_disgusted\frame_0018_face_0_aug_1.jpg,03__walking_outside_cafe_disgusted\frame_0018_face_0_aug_1.jpg,03__walking_outside_cafe_disgusted,train
data\processed\augmented\03__walking_outside_cafe_disgusted\frame_0016_face_0_aug_0.jpg,03__walking_outside_cafe_disgusted\frame_0016_face_0_aug_0.jpg,03__walking_outside_cafe_disgusted,train
data\processed\augmented\03__walking_outside_cafe_disgusted\frame_0020_face_0_aug_0.jpg,03__walking_outside_cafe_disgusted\frame_0020_face_0_aug_0.jpg,03__walking_outside_cafe_disgusted,train
data\processed\augmented\03__walk_down_hall_angry\frame_0021_face_0_aug_2.jpg,03__walk_down_hall_angry\frame_0021_face_0_aug_2.jpg,03__walk_down_hall_angry,train
data\processed\augmented\03__walk_down_hall_angry\frame_0006_face_0_aug_1.jpg,03__walk_down_hall_angry\frame_0006_face_0_aug_1.jpg,03__walk_down_hall_angry,train
data\processed\augmented\03__walk_down_hall_angry\frame_0019_face_0_aug_1.jpg,03__walk_down_hall_angry\frame_0019_face_0_aug_1.jpg,03__walk_down_hall_angry,train
data\processed\augmented\03__walk_down_hall_angry\frame_0010_face_0_aug_2.jpg,03__walk_down_hall_angry\frame_0010_face_0_aug_2.jpg,03__walk_down_hall_angry,train
data\processed\augmented\03__walk_down_hall_angry\frame_0011_face_0_aug_0.jpg,03__walk_down_hall_angry\frame_0011_face_0_aug_0.jpg,03__walk_down_hall_angry,train
data\processed\augmented\03__walk_down_hall_angry\frame_0018_face_0_aug_0.jpg,03__walk_down_hall_angry\frame_0018_face_0_aug_0.jpg,03__walk_down_hall_angry,train
data\processed\augmented\03__walk_down_hall_angry\frame_0017_face_0_aug_1.jpg,03__walk_down_hall_angry\frame_0017_face_0_aug_1.jpg,03__walk_down_hall_angry,train
data\processed\augmented\03__walk_down_hall_angry\frame_0010_face_0_aug_1.jpg,03__walk_down_hall_angry\frame_0010_face_0_aug_1.jpg,03__walk_down_hall_angry,train
data\processed\augmented\03__walk_down_hall_angry\frame_0014_face_0_aug_1.jpg,03__walk_down_hall_angry\frame_0014_face_0_aug_1.jpg,03__walk_down_hall_angry,train
data\processed\augmented\03__walk_down_hall_angry\frame_0010_face_0_aug_0.jpg,03__walk_down_hall_angry\frame_0010_face_0_aug_0.jpg,03__walk_down_hall_angry,train
data\processed\augmented\03__walk_down_hall_angry\frame_0018_face_0_aug_1.jpg,03__walk_down_hall_angry\frame_0018_face_0_aug_1.jpg,03__walk_down_hall_angry,train
data\processed\augmented\03__walk_down_hall_angry\frame_0008_face_0_aug_0.jpg,03__walk_down_hall_angry\frame_0008_face_0_aug_0.jpg,03__walk_down_hall_angry,train
data\processed\augmented\03__walk_down_hall_angry\frame_0005_face_0_aug_1.jpg,03__walk_down_hall_angry\frame_0005_face_0_aug_1.jpg,03__walk_down_hall_angry,train
data\processed\augmented\03__walk_down_hall_angry\frame_0019_face_0_aug_2.jpg,03__walk_down_hall_angry\frame_0019_face_0_aug_2.jpg,03__walk_down_hall_angry,train
data\processed\augmented\03__walk_down_hall_angry\frame_0022_face_0_aug_0.jpg,03__walk_down_hall_angry\frame_0022_face_0_aug_0.jpg,03__walk_down_hall_angry,train
data\processed\augmented\03__walk_down_hall_angry\frame_0009_face_0_aug_0.jpg,03__walk_down_hall_angry\frame_0009_face_0_aug_0.jpg,03__walk_down_hall_angry,train
data\processed\augmented\03__walk_down_hall_angry\frame_0005_face_0_aug_2.jpg,03__walk_down_hall_angry\frame_0005_face_0_aug_2.jpg,03__walk_down_hall_angry,train
data\processed\augmented\03__walk_down_hall_angry\frame_0012_face_0_aug_0.jpg,03__walk_down_hall_angry\frame_0012_face_0_aug_0.jpg,03__walk_down_hall_angry,train
data\processed\augmented\03__walk_down_hall_angry\frame_0007_face_0_aug_2.jpg,03__walk_down_hall_angry\frame_0007_face_0_aug_2.jpg,03__walk_down_hall_angry,train
data\processed\augmented\03__walk_down_hall_angry\frame_0017_face_0_aug_0.jpg,03__walk_down_hall_angry\frame_0017_face_0_aug_0.jpg,03__walk_down_hall_angry,train
data\processed\augmented\03__walk_down_hall_angry\frame_0016_face_0_aug_2.jpg,03__walk_down_hall_angry\frame_0016_face_0_aug_2.jpg,03__walk_down_hall_angry,train
data\processed\augmented\03__walk_down_hall_angry\frame_0020_face_0_aug_2.jpg,03__walk_down_hall_angry\frame_0020_face_0_aug_2.jpg,03__walk_down_hall_angry,train
data\processed\augmented\03__walk_down_hall_angry\frame_0009_face_0_aug_2.jpg,03__walk_down_hall_angry\frame_0009_face_0_aug_2.jpg,03__walk_down_hall_angry,train
data\processed\augmented\03__walk_down_hall_angry\frame_0022_face_0_aug_1.jpg,03__walk_down_hall_angry\frame_0022_face_0_aug_1.jpg,03__walk_down_hall_angry,train
data\processed\augmented\03__walk_down_hall_angry\frame_0006_face_0_aug_0.jpg,03__walk_down_hall_angry\frame_0006_face_0_aug_0.jpg,03__walk_down_hall_angry,train
data\processed\augmented\03__walk_down_hall_angry\frame_0020_face_0_aug_1.jpg,03__walk_down_hall_angry\frame_0020_face_0_aug_1.jpg,03__walk_down_hall_angry,train
data\processed\augmented\03__walk_down_hall_angry\frame_0012_face_0_aug_2.jpg,03__walk_down_hall_angry\frame_0012_face_0_aug_2.jpg,03__walk_down_hall_angry,train
data\processed\augmented\03__walk_down_hall_angry\frame_0008_face_0_aug_2.jpg,03__walk_down_hall_angry\frame_0008_face_0_aug_2.jpg,03__walk_down_hall_angry,train
data\processed\augmented\03__walk_down_hall_angry\frame_0011_face_0_aug_2.jpg,03__walk_down_hall_angry\frame_0011_face_0_aug_2.jpg,03__walk_down_hall_angry,train
data\processed\augmented\03__walk_down_hall_angry\frame_0011_face_0_aug_1.jpg,03__walk_down_hall_angry\frame_0011_face_0_aug_1.jpg,03__walk_down_hall_angry,train
data\processed\augmented\03__walk_down_hall_angry\frame_0013_face_0_aug_1.jpg,03__walk_down_hall_angry\frame_0013_face_0_aug_1.jpg,03__walk_down_hall_angry,train
data\processed\augmented\03__walk_down_hall_angry\frame_0013_face_0_aug_0.jpg,03__walk_down_hall_angry\frame_0013_face_0_aug_0.jpg,03__walk_down_hall_angry,train
data\processed\augmented\03__walk_down_hall_angry\frame_0017_face_0_aug_2.jpg,03__walk_down_hall_angry\frame_0017_face_0_aug_2.jpg,03__walk_down_hall_angry,train
data\processed\augmented\03__walk_down_hall_angry\frame_0023_face_0_aug_0.jpg,03__walk_down_hall_angry\frame_0023_face_0_aug_0.jpg,03__walk_down_hall_angry,train
data\processed\augmented\03__walk_down_hall_angry\frame_0007_face_0_aug_0.jpg,03__walk_down_hall_angry\frame_0007_face_0_aug_0.jpg,03__walk_down_hall_angry,train
data\processed\augmented\03__walk_down_hall_angry\frame_0007_face_0_aug_1.jpg,03__walk_down_hall_angry\frame_0007_face_0_aug_1.jpg,03__walk_down_hall_angry,train
data\processed\augmented\03__walk_down_hall_angry\frame_0022_face_0_aug_2.jpg,03__walk_down_hall_angry\frame_0022_face_0_aug_2.jpg,03__walk_down_hall_angry,train
data\processed\augmented\03__walk_down_hall_angry\frame_0018_face_0_aug_2.jpg,03__walk_down_hall_angry\frame_0018_face_0_aug_2.jpg,03__walk_down_hall_angry,train
data\processed\augmented\03__walk_down_hall_angry\frame_0012_face_0_aug_1.jpg,03__walk_down_hall_angry\frame_0012_face_0_aug_1.jpg,03__walk_down_hall_angry,train
data\processed\augmented\04__podium_speech_happy\frame_0019_face_0_aug_2.jpg,04__podium_speech_happy\frame_0019_face_0_aug_2.jpg,04__podium_speech_happy,train
data\processed\augmented\04__podium_speech_happy\frame_0001_face_0_aug_0.jpg,04__podium_speech_happy\frame_0001_face_0_aug_0.jpg,04__podium_speech_happy,train
data\processed\augmented\04__podium_speech_happy\frame_0010_face_0_aug_0.jpg,04__podium_speech_happy\frame_0010_face_0_aug_0.jpg,04__podium_speech_happy,train
data\processed\augmented\04__podium_speech_happy\frame_0020_face_0_aug_2.jpg,04__podium_speech_happy\frame_0020_face_0_aug_2.jpg,04__podium_speech_happy,train
data\processed\augmented\04__podium_speech_happy\frame_0005_face_0_aug_2.jpg,04__podium_speech_happy\frame_0005_face_0_aug_2.jpg,04__podium_speech_happy,train
data\processed\augmented\04__podium_speech_happy\frame_0015_face_0_aug_0.jpg,04__podium_speech_happy\frame_0015_face_0_aug_0.jpg,04__podium_speech_happy,train
data\processed\augmented\04__podium_speech_happy\frame_0017_face_0_aug_2.jpg,04__podium_speech_happy\frame_0017_face_0_aug_2.jpg,04__podium_speech_happy,train
data\processed\augmented\04__podium_speech_happy\frame_0012_face_0_aug_0.jpg,04__podium_speech_happy\frame_0012_face_0_aug_0.jpg,04__podium_speech_happy,train
data\processed\augmented\04__podium_speech_happy\frame_0021_face_0_aug_1.jpg,04__podium_speech_happy\frame_0021_face_0_aug_1.jpg,04__podium_speech_happy,train
data\processed\augmented\04__podium_speech_happy\frame_0003_face_0_aug_0.jpg,04__podium_speech_happy\frame_0003_face_0_aug_0.jpg,04__podium_speech_happy,train
data\processed\augmented\04__podium_speech_happy\frame_0017_face_0_aug_1.jpg,04__podium_speech_happy\frame_0017_face_0_aug_1.jpg,04__podium_speech_happy,train
data\processed\augmented\04__podium_speech_happy\frame_0026_face_0_aug_1.jpg,04__podium_speech_happy\frame_0026_face_0_aug_1.jpg,04__podium_speech_happy,train
data\processed\augmented\04__podium_speech_happy\frame_0004_face_0_aug_1.jpg,04__podium_speech_happy\frame_0004_face_0_aug_1.jpg,04__podium_speech_happy,train
data\processed\augmented\04__podium_speech_happy\frame_0023_face_0_aug_0.jpg,04__podium_speech_happy\frame_0023_face_0_aug_0.jpg,04__podium_speech_happy,train
data\processed\augmented\04__podium_speech_happy\frame_0009_face_0_aug_2.jpg,04__podium_speech_happy\frame_0009_face_0_aug_2.jpg,04__podium_speech_happy,train
data\processed\augmented\04__podium_speech_happy\frame_0014_face_0_aug_1.jpg,04__podium_speech_happy\frame_0014_face_0_aug_1.jpg,04__podium_speech_happy,train
data\processed\augmented\04__podium_speech_happy\frame_0020_face_0_aug_0.jpg,04__podium_speech_happy\frame_0020_face_0_aug_0.jpg,04__podium_speech_happy,train
data\processed\augmented\04__podium_speech_happy\frame_0005_face_0_aug_0.jpg,04__podium_speech_happy\frame_0005_face_0_aug_0.jpg,04__podium_speech_happy,train
data\processed\augmented\04__podium_speech_happy\frame_0017_face_0_aug_0.jpg,04__podium_speech_happy\frame_0017_face_0_aug_0.jpg,04__podium_speech_happy,train
data\processed\augmented\04__podium_speech_happy\frame_0014_face_0_aug_0.jpg,04__podium_speech_happy\frame_0014_face_0_aug_0.jpg,04__podium_speech_happy,train
data\processed\augmented\04__podium_speech_happy\frame_0000_face_0_aug_1.jpg,04__podium_speech_happy\frame_0000_face_0_aug_1.jpg,04__podium_speech_happy,train
data\processed\augmented\04__podium_speech_happy\frame_0026_face_0_aug_0.jpg,04__podium_speech_happy\frame_0026_face_0_aug_0.jpg,04__podium_speech_happy,train
data\processed\augmented\04__podium_speech_happy\frame_0029_face_0_aug_2.jpg,04__podium_speech_happy\frame_0029_face_0_aug_2.jpg,04__podium_speech_happy,train
data\processed\augmented\04__podium_speech_happy\frame_0022_face_0_aug_1.jpg,04__podium_speech_happy\frame_0022_face_0_aug_1.jpg,04__podium_speech_happy,train
data\processed\augmented\04__podium_speech_happy\frame_0019_face_0_aug_0.jpg,04__podium_speech_happy\frame_0019_face_0_aug_0.jpg,04__podium_speech_happy,train
data\processed\augmented\04__podium_speech_happy\frame_0009_face_0_aug_1.jpg,04__podium_speech_happy\frame_0009_face_0_aug_1.jpg,04__podium_speech_happy,train
data\processed\augmented\04__podium_speech_happy\frame_0022_face_0_aug_2.jpg,04__podium_speech_happy\frame_0022_face_0_aug_2.jpg,04__podium_speech_happy,train
data\processed\augmented\04__podium_speech_happy\frame_0002_face_0_aug_0.jpg,04__podium_speech_happy\frame_0002_face_0_aug_0.jpg,04__podium_speech_happy,train
data\processed\augmented\04__podium_speech_happy\frame_0025_face_0_aug_1.jpg,04__podium_speech_happy\frame_0025_face_0_aug_1.jpg,04__podium_speech_happy,train
data\processed\augmented\04__podium_speech_happy\frame_0012_face_0_aug_1.jpg,04__podium_speech_happy\frame_0012_face_0_aug_1.jpg,04__podium_speech_happy,train
data\processed\augmented\04__podium_speech_happy\frame_0024_face_0_aug_1.jpg,04__podium_speech_happy\frame_0024_face_0_aug_1.jpg,04__podium_speech_happy,train
data\processed\augmented\04__podium_speech_happy\frame_0002_face_0_aug_2.jpg,04__podium_speech_happy\frame_0002_face_0_aug_2.jpg,04__podium_speech_happy,train
data\processed\augmented\04__podium_speech_happy\frame_0024_face_0_aug_2.jpg,04__podium_speech_happy\frame_0024_face_0_aug_2.jpg,04__podium_speech_happy,train
data\processed\augmented\04__podium_speech_happy\frame_0010_face_0_aug_2.jpg,04__podium_speech_happy\frame_0010_face_0_aug_2.jpg,04__podium_speech_happy,train
data\processed\augmented\04__podium_speech_happy\frame_0015_face_0_aug_1.jpg,04__podium_speech_happy\frame_0015_face_0_aug_1.jpg,04__podium_speech_happy,train
data\processed\augmented\04__podium_speech_happy\frame_0004_face_0_aug_2.jpg,04__podium_speech_happy\frame_0004_face_0_aug_2.jpg,04__podium_speech_happy,train
data\processed\augmented\04__podium_speech_happy\frame_0025_face_0_aug_0.jpg,04__podium_speech_happy\frame_0025_face_0_aug_0.jpg,04__podium_speech_happy,train
data\processed\augmented\04__podium_speech_happy\frame_0006_face_0_aug_1.jpg,04__podium_speech_happy\frame_0006_face_0_aug_1.jpg,04__podium_speech_happy,train
data\processed\augmented\04__podium_speech_happy\frame_0026_face_0_aug_2.jpg,04__podium_speech_happy\frame_0026_face_0_aug_2.jpg,04__podium_speech_happy,train
data\processed\augmented\04__podium_speech_happy\frame_0009_face_0_aug_0.jpg,04__podium_speech_happy\frame_0009_face_0_aug_0.jpg,04__podium_speech_happy,train
data\processed\augmented\04__podium_speech_happy\frame_0029_face_0_aug_1.jpg,04__podium_speech_happy\frame_0029_face_0_aug_1.jpg,04__podium_speech_happy,train
data\processed\augmented\04__podium_speech_happy\frame_0002_face_0_aug_1.jpg,04__podium_speech_happy\frame_0002_face_0_aug_1.jpg,04__podium_speech_happy,train
data\processed\augmented\04__podium_speech_happy\frame_0018_face_0_aug_0.jpg,04__podium_speech_happy\frame_0018_face_0_aug_0.jpg,04__podium_speech_happy,train
data\processed\augmented\04__podium_speech_happy\frame_0027_face_0_aug_2.jpg,04__podium_speech_happy\frame_0027_face_0_aug_2.jpg,04__podium_speech_happy,train
data\processed\augmented\04__podium_speech_happy\frame_0028_face_0_aug_1.jpg,04__podium_speech_happy\frame_0028_face_0_aug_1.jpg,04__podium_speech_happy,train
data\processed\augmented\04__podium_speech_happy\frame_0003_face_0_aug_2.jpg,04__podium_speech_happy\frame_0003_face_0_aug_2.jpg,04__podium_speech_happy,train
data\processed\augmented\04__podium_speech_happy\frame_0008_face_0_aug_0.jpg,04__podium_speech_happy\frame_0008_face_0_aug_0.jpg,04__podium_speech_happy,train
data\processed\augmented\04__podium_speech_happy\frame_0023_face_0_aug_2.jpg,04__podium_speech_happy\frame_0023_face_0_aug_2.jpg,04__podium_speech_happy,train
data\processed\augmented\04__podium_speech_happy\frame_0021_face_0_aug_0.jpg,04__podium_speech_happy\frame_0021_face_0_aug_0.jpg,04__podium_speech_happy,train
data\processed\augmented\04__podium_speech_happy\frame_0000_face_0_aug_2.jpg,04__podium_speech_happy\frame_0000_face_0_aug_2.jpg,04__podium_speech_happy,train
data\processed\augmented\04__podium_speech_happy\frame_0029_face_0_aug_0.jpg,04__podium_speech_happy\frame_0029_face_0_aug_0.jpg,04__podium_speech_happy,train
data\processed\augmented\04__podium_speech_happy\frame_0008_face_0_aug_1.jpg,04__podium_speech_happy\frame_0008_face_0_aug_1.jpg,04__podium_speech_happy,train
data\processed\augmented\04__podium_speech_happy\frame_0001_face_0_aug_1.jpg,04__podium_speech_happy\frame_0001_face_0_aug_1.jpg,04__podium_speech_happy,train
data\processed\augmented\04__podium_speech_happy\frame_0019_face_0_aug_1.jpg,04__podium_speech_happy\frame_0019_face_0_aug_1.jpg,04__podium_speech_happy,train
data\processed\augmented\04__podium_speech_happy\frame_0005_face_0_aug_1.jpg,04__podium_speech_happy\frame_0005_face_0_aug_1.jpg,04__podium_speech_happy,train
data\processed\augmented\04__podium_speech_happy\frame_0006_face_0_aug_0.jpg,04__podium_speech_happy\frame_0006_face_0_aug_0.jpg,04__podium_speech_happy,train
data\processed\augmented\04__podium_speech_happy\frame_0011_face_0_aug_1.jpg,04__podium_speech_happy\frame_0011_face_0_aug_1.jpg,04__podium_speech_happy,train
data\processed\augmented\04__podium_speech_happy\frame_0015_face_0_aug_2.jpg,04__podium_speech_happy\frame_0015_face_0_aug_2.jpg,04__podium_speech_happy,train
data\processed\augmented\04__podium_speech_happy\frame_0025_face_0_aug_2.jpg,04__podium_speech_happy\frame_0025_face_0_aug_2.jpg,04__podium_speech_happy,train
data\processed\augmented\04__podium_speech_happy\frame_0006_face_0_aug_2.jpg,04__podium_speech_happy\frame_0006_face_0_aug_2.jpg,04__podium_speech_happy,train
data\processed\augmented\04__podium_speech_happy\frame_0010_face_0_aug_1.jpg,04__podium_speech_happy\frame_0010_face_0_aug_1.jpg,04__podium_speech_happy,train
data\processed\augmented\04__podium_speech_happy\frame_0013_face_0_aug_2.jpg,04__podium_speech_happy\frame_0013_face_0_aug_2.jpg,04__podium_speech_happy,train
data\processed\augmented\04__walk_down_hall_angry\frame_0011_face_0_aug_0.jpg,04__walk_down_hall_angry\frame_0011_face_0_aug_0.jpg,04__walk_down_hall_angry,train
data\processed\augmented\04__walk_down_hall_angry\frame_0007_face_0_aug_2.jpg,04__walk_down_hall_angry\frame_0007_face_0_aug_2.jpg,04__walk_down_hall_angry,train
data\processed\augmented\04__walk_down_hall_angry\frame_0013_face_0_aug_1.jpg,04__walk_down_hall_angry\frame_0013_face_0_aug_1.jpg,04__walk_down_hall_angry,train
data\processed\augmented\04__walk_down_hall_angry\frame_0006_face_0_aug_1.jpg,04__walk_down_hall_angry\frame_0006_face_0_aug_1.jpg,04__walk_down_hall_angry,train
data\processed\augmented\04__walk_down_hall_angry\frame_0012_face_0_aug_1.jpg,04__walk_down_hall_angry\frame_0012_face_0_aug_1.jpg,04__walk_down_hall_angry,train
data\processed\augmented\04__walk_down_hall_angry\frame_0009_face_0_aug_1.jpg,04__walk_down_hall_angry\frame_0009_face_0_aug_1.jpg,04__walk_down_hall_angry,train
data\processed\augmented\04__walk_down_hall_angry\frame_0012_face_0_aug_2.jpg,04__walk_down_hall_angry\frame_0012_face_0_aug_2.jpg,04__walk_down_hall_angry,train
data\processed\augmented\04__walk_down_hall_angry\frame_0010_face_0_aug_1.jpg,04__walk_down_hall_angry\frame_0010_face_0_aug_1.jpg,04__walk_down_hall_angry,train
data\processed\augmented\04__walk_down_hall_angry\frame_0007_face_0_aug_0.jpg,04__walk_down_hall_angry\frame_0007_face_0_aug_0.jpg,04__walk_down_hall_angry,train
data\processed\augmented\04__walk_down_hall_angry\frame_0008_face_0_aug_0.jpg,04__walk_down_hall_angry\frame_0008_face_0_aug_0.jpg,04__walk_down_hall_angry,train
data\processed\augmented\04__walk_down_hall_angry\frame_0013_face_0_aug_0.jpg,04__walk_down_hall_angry\frame_0013_face_0_aug_0.jpg,04__walk_down_hall_angry,train
data\processed\augmented\04__walk_down_hall_angry\frame_0011_face_0_aug_2.jpg,04__walk_down_hall_angry\frame_0011_face_0_aug_2.jpg,04__walk_down_hall_angry,train
data\processed\augmented\04__walk_down_hall_angry\frame_0010_face_0_aug_0.jpg,04__walk_down_hall_angry\frame_0010_face_0_aug_0.jpg,04__walk_down_hall_angry,train
data\processed\augmented\04__walk_down_hall_angry\frame_0007_face_0_aug_1.jpg,04__walk_down_hall_angry\frame_0007_face_0_aug_1.jpg,04__walk_down_hall_angry,train
data\processed\augmented\04__walk_down_hall_angry\frame_0013_face_0_aug_2.jpg,04__walk_down_hall_angry\frame_0013_face_0_aug_2.jpg,04__walk_down_hall_angry,train
data\processed\augmented\04__walk_down_hall_angry\frame_0006_face_0_aug_2.jpg,04__walk_down_hall_angry\frame_0006_face_0_aug_2.jpg,04__walk_down_hall_angry,train
data\processed\augmented\000\frame_0001_face_0_aug_2.jpg,000\frame_0001_face_0_aug_2.jpg,000,val
data\processed\augmented\000\frame_0000_face_0_aug_0.jpg,000\frame_0000_face_0_aug_0.jpg,000,val
data\processed\augmented\000\frame_0015_face_0_aug_1.jpg,000\frame_0015_face_0_aug_1.jpg,000,val
data\processed\augmented\000\frame_0012_face_0_aug_0.jpg,000\frame_0012_face_0_aug_0.jpg,000,val
data\processed\augmented\000\frame_0002_face_0_aug_0.jpg,000\frame_0002_face_0_aug_0.jpg,000,val
data\processed\augmented\000\frame_0005_face_0_aug_1.jpg,000\frame_0005_face_0_aug_1.jpg,000,val
data\processed\augmented\000\frame_0004_face_0_aug_2.jpg,000\frame_0004_face_0_aug_2.jpg,000,val
data\processed\augmented\000\frame_0011_face_0_aug_2.jpg,000\frame_0011_face_0_aug_2.jpg,000,val
data\processed\augmented\001\frame_0009_face_0_aug_2.jpg,001\frame_0009_face_0_aug_2.jpg,001,val
data\processed\augmented\001\frame_0018_face_0_aug_2.jpg,001\frame_0018_face_0_aug_2.jpg,001,val
data\processed\augmented\001\frame_0016_face_0_aug_1.jpg,001\frame_0016_face_0_aug_1.jpg,001,val
data\processed\augmented\001\frame_0014_face_0_aug_0.jpg,001\frame_0014_face_0_aug_0.jpg,001,val
data\processed\augmented\001\frame_0010_face_0_aug_2.jpg,001\frame_0010_face_0_aug_2.jpg,001,val
data\processed\augmented\001\frame_0003_face_0_aug_1.jpg,001\frame_0003_face_0_aug_1.jpg,001,val
data\processed\augmented\001\frame_0016_face_0_aug_0.jpg,001\frame_0016_face_0_aug_0.jpg,001,val
data\processed\augmented\001\frame_0011_face_0_aug_0.jpg,001\frame_0011_face_0_aug_0.jpg,001,val
data\processed\augmented\001\frame_0008_face_0_aug_2.jpg,001\frame_0008_face_0_aug_2.jpg,001,val
data\processed\augmented\002\frame_0022_face_0_aug_1.jpg,002\frame_0022_face_0_aug_1.jpg,002,val
data\processed\augmented\002\frame_0027_face_0_aug_0.jpg,002\frame_0027_face_0_aug_0.jpg,002,val
data\processed\augmented\002\frame_0026_face_0_aug_2.jpg,002\frame_0026_face_0_aug_2.jpg,002,val
data\processed\augmented\002\frame_0025_face_0_aug_1.jpg,002\frame_0025_face_0_aug_1.jpg,002,val
data\processed\augmented\002\frame_0021_face_0_aug_0.jpg,002\frame_0021_face_0_aug_0.jpg,002,val
data\processed\augmented\002\frame_0027_face_0_aug_2.jpg,002\frame_0027_face_0_aug_2.jpg,002,val
data\processed\augmented\002\frame_0009_face_0_aug_1.jpg,002\frame_0009_face_0_aug_1.jpg,002,val
data\processed\augmented\002\frame_0002_face_0_aug_2.jpg,002\frame_0002_face_0_aug_2.jpg,002,val
data\processed\augmented\002\frame_0016_face_0_aug_0.jpg,002\frame_0016_face_0_aug_0.jpg,002,val
data\processed\augmented\002\frame_0022_face_0_aug_2.jpg,002\frame_0022_face_0_aug_2.jpg,002,val
data\processed\augmented\002\frame_0005_face_0_aug_2.jpg,002\frame_0005_face_0_aug_2.jpg,002,val
data\processed\augmented\002\frame_0013_face_0_aug_0.jpg,002\frame_0013_face_0_aug_0.jpg,002,val
data\processed\augmented\002\frame_0007_face_0_aug_0.jpg,002\frame_0007_face_0_aug_0.jpg,002,val
data\processed\augmented\003\frame_0002_face_0_aug_1.jpg,003\frame_0002_face_0_aug_1.jpg,003,val
data\processed\augmented\003\frame_0000_face_0_aug_2.jpg,003\frame_0000_face_0_aug_2.jpg,003,val
data\processed\augmented\003\frame_0006_face_0_aug_0.jpg,003\frame_0006_face_0_aug_0.jpg,003,val
data\processed\augmented\003\frame_0001_face_0_aug_0.jpg,003\frame_0001_face_0_aug_0.jpg,003,val
data\processed\augmented\003\frame_0009_face_0_aug_2.jpg,003\frame_0009_face_0_aug_2.jpg,003,val
data\processed\augmented\003\frame_0005_face_0_aug_0.jpg,003\frame_0005_face_0_aug_0.jpg,003,val
data\processed\augmented\004\frame_0002_face_0_aug_1.jpg,004\frame_0002_face_0_aug_1.jpg,004,val
data\processed\augmented\004\frame_0000_face_0_aug_2.jpg,004\frame_0000_face_0_aug_2.jpg,004,val
data\processed\augmented\004\frame_0006_face_0_aug_0.jpg,004\frame_0006_face_0_aug_0.jpg,004,val
data\processed\augmented\004\frame_0001_face_0_aug_0.jpg,004\frame_0001_face_0_aug_0.jpg,004,val
data\processed\augmented\004\frame_0009_face_0_aug_2.jpg,004\frame_0009_face_0_aug_2.jpg,004,val
data\processed\augmented\004\frame_0005_face_0_aug_0.jpg,004\frame_0005_face_0_aug_0.jpg,004,val
data\processed\augmented\005\frame_0001_face_0_aug_2.jpg,005\frame_0001_face_0_aug_2.jpg,005,val
data\processed\augmented\005\frame_0000_face_0_aug_0.jpg,005\frame_0000_face_0_aug_0.jpg,005,val
data\processed\augmented\005\frame_0015_face_0_aug_1.jpg,005\frame_0015_face_0_aug_1.jpg,005,val
data\processed\augmented\005\frame_0012_face_0_aug_0.jpg,005\frame_0012_face_0_aug_0.jpg,005,val
data\processed\augmented\005\frame_0002_face_0_aug_0.jpg,005\frame_0002_face_0_aug_0.jpg,005,val
data\processed\augmented\005\frame_0005_face_0_aug_1.jpg,005\frame_0005_face_0_aug_1.jpg,005,val
data\processed\augmented\005\frame_0004_face_0_aug_2.jpg,005\frame_0004_face_0_aug_2.jpg,005,val
data\processed\augmented\005\frame_0011_face_0_aug_2.jpg,005\frame_0011_face_0_aug_2.jpg,005,val
data\processed\augmented\006\frame_0002_face_0_aug_1.jpg,006\frame_0002_face_0_aug_1.jpg,006,val
data\processed\augmented\006\frame_0000_face_0_aug_2.jpg,006\frame_0000_face_0_aug_2.jpg,006,val
data\processed\augmented\006\frame_0006_face_0_aug_0.jpg,006\frame_0006_face_0_aug_0.jpg,006,val
data\processed\augmented\006\frame_0001_face_0_aug_0.jpg,006\frame_0001_face_0_aug_0.jpg,006,val
data\processed\augmented\006\frame_0009_face_0_aug_2.jpg,006\frame_0009_face_0_aug_2.jpg,006,val
data\processed\augmented\006\frame_0005_face_0_aug_0.jpg,006\frame_0005_face_0_aug_0.jpg,006,val
data\processed\augmented\007\frame_0010_face_0_aug_0.jpg,007\frame_0010_face_0_aug_0.jpg,007,val
data\processed\augmented\007\frame_0017_face_0_aug_1.jpg,007\frame_0017_face_0_aug_1.jpg,007,val
data\processed\augmented\007\frame_0002_face_0_aug_1.jpg,007\frame_0002_face_0_aug_1.jpg,007,val
data\processed\augmented\007\frame_0001_face_0_aug_1.jpg,007\frame_0001_face_0_aug_1.jpg,007,val
data\processed\augmented\007\frame_0007_face_0_aug_1.jpg,007\frame_0007_face_0_aug_1.jpg,007,val
data\processed\augmented\007\frame_0016_face_0_aug_1.jpg,007\frame_0016_face_0_aug_1.jpg,007,val
data\processed\augmented\007\frame_0018_face_0_aug_0.jpg,007\frame_0018_face_0_aug_0.jpg,007,val
data\processed\augmented\007\frame_0009_face_0_aug_1.jpg,007\frame_0009_face_0_aug_1.jpg,007,val
data\processed\augmented\007\frame_0004_face_0_aug_1.jpg,007\frame_0004_face_0_aug_1.jpg,007,val
data\processed\augmented\007\frame_0009_face_0_aug_2.jpg,007\frame_0009_face_0_aug_2.jpg,007,val
data\processed\augmented\008\frame_0010_face_0_aug_1.jpg,008\frame_0010_face_0_aug_1.jpg,008,val
data\processed\augmented\008\frame_0018_face_0_aug_2.jpg,008\frame_0018_face_0_aug_2.jpg,008,val
data\processed\augmented\008\frame_0023_face_0_aug_2.jpg,008\frame_0023_face_0_aug_2.jpg,008,val
data\processed\augmented\008\frame_0002_face_0_aug_0.jpg,008\frame_0002_face_0_aug_0.jpg,008,val
data\processed\augmented\008\frame_0024_face_0_aug_0.jpg,008\frame_0024_face_0_aug_0.jpg,008,val
data\processed\augmented\008\frame_0000_face_0_aug_2.jpg,008\frame_0000_face_0_aug_2.jpg,008,val
data\processed\augmented\008\frame_0017_face_0_aug_2.jpg,008\frame_0017_face_0_aug_2.jpg,008,val
data\processed\augmented\008\frame_0009_face_0_aug_2.jpg,008\frame_0009_face_0_aug_2.jpg,008,val
data\processed\augmented\008\frame_0014_face_0_aug_2.jpg,008\frame_0014_face_0_aug_2.jpg,008,val
data\processed\augmented\008\frame_0016_face_0_aug_0.jpg,008\frame_0016_face_0_aug_0.jpg,008,val
data\processed\augmented\008\frame_0023_face_0_aug_0.jpg,008\frame_0023_face_0_aug_0.jpg,008,val
data\processed\augmented\009\frame_0010_face_0_aug_1.jpg,009\frame_0010_face_0_aug_1.jpg,009,val
data\processed\augmented\009\frame_0018_face_0_aug_2.jpg,009\frame_0018_face_0_aug_2.jpg,009,val
data\processed\augmented\009\frame_0022_face_0_aug_2.jpg,009\frame_0022_face_0_aug_2.jpg,009,val
data\processed\augmented\009\frame_0002_face_0_aug_0.jpg,009\frame_0002_face_0_aug_0.jpg,009,val
data\processed\augmented\009\frame_0023_face_0_aug_0.jpg,009\frame_0023_face_0_aug_0.jpg,009,val
data\processed\augmented\009\frame_0000_face_0_aug_2.jpg,009\frame_0000_face_0_aug_2.jpg,009,val
data\processed\augmented\009\frame_0017_face_0_aug_2.jpg,009\frame_0017_face_0_aug_2.jpg,009,val
data\processed\augmented\009\frame_0009_face_0_aug_2.jpg,009\frame_0009_face_0_aug_2.jpg,009,val
data\processed\augmented\009\frame_0014_face_0_aug_2.jpg,009\frame_0014_face_0_aug_2.jpg,009,val
data\processed\augmented\009\frame_0016_face_0_aug_0.jpg,009\frame_0016_face_0_aug_0.jpg,009,val
data\processed\augmented\009\frame_0022_face_0_aug_0.jpg,009\frame_0022_face_0_aug_0.jpg,009,val
data\processed\augmented\010\frame_0009_face_0_aug_2.jpg,010\frame_0009_face_0_aug_2.jpg,010,val
data\processed\augmented\010\frame_0018_face_0_aug_2.jpg,010\frame_0018_face_0_aug_2.jpg,010,val
data\processed\augmented\010\frame_0016_face_0_aug_1.jpg,010\frame_0016_face_0_aug_1.jpg,010,val
data\processed\augmented\010\frame_0014_face_0_aug_0.jpg,010\frame_0014_face_0_aug_0.jpg,010,val
data\processed\augmented\010\frame_0010_face_0_aug_2.jpg,010\frame_0010_face_0_aug_2.jpg,010,val
data\processed\augmented\010\frame_0003_face_0_aug_1.jpg,010\frame_0003_face_0_aug_1.jpg,010,val
data\processed\augmented\010\frame_0016_face_0_aug_0.jpg,010\frame_0016_face_0_aug_0.jpg,010,val
data\processed\augmented\010\frame_0011_face_0_aug_0.jpg,010\frame_0011_face_0_aug_0.jpg,010,val
data\processed\augmented\010\frame_0008_face_0_aug_2.jpg,010\frame_0008_face_0_aug_2.jpg,010,val
data\processed\augmented\011\frame_0012_face_0_aug_1.jpg,011\frame_0012_face_0_aug_1.jpg,011,val
data\processed\augmented\011\frame_0020_face_0_aug_0.jpg,011\frame_0020_face_0_aug_0.jpg,011,val
data\processed\augmented\011\frame_0024_face_0_aug_0.jpg,011\frame_0024_face_0_aug_0.jpg,011,val
data\processed\augmented\011\frame_0014_face_0_aug_1.jpg,011\frame_0014_face_0_aug_1.jpg,011,val
data\processed\augmented\011\frame_0019_face_0_aug_1.jpg,011\frame_0019_face_0_aug_1.jpg,011,val
data\processed\augmented\011\frame_0023_face_0_aug_2.jpg,011\frame_0023_face_0_aug_2.jpg,011,val
data\processed\augmented\011\frame_0016_face_0_aug_2.jpg,011\frame_0016_face_0_aug_2.jpg,011,val
data\processed\augmented\011\frame_0013_face_0_aug_1.jpg,011\frame_0013_face_0_aug_1.jpg,011,val
data\processed\augmented\011\frame_0017_face_0_aug_0.jpg,011\frame_0017_face_0_aug_0.jpg,011,val
data\processed\augmented\011\frame_0012_face_0_aug_2.jpg,011\frame_0012_face_0_aug_2.jpg,011,val
data\processed\augmented\011\frame_0002_face_0_aug_0.jpg,011\frame_0002_face_0_aug_0.jpg,011,val
data\processed\augmented\011\frame_0013_face_0_aug_0.jpg,011\frame_0013_face_0_aug_0.jpg,011,val
data\processed\augmented\012\frame_0006_face_0_aug_2.jpg,012\frame_0006_face_0_aug_2.jpg,012,val
data\processed\augmented\012\frame_0009_face_0_aug_1.jpg,012\frame_0009_face_0_aug_1.jpg,012,val
data\processed\augmented\012\frame_0008_face_0_aug_0.jpg,012\frame_0008_face_0_aug_0.jpg,012,val
data\processed\augmented\012\frame_0012_face_0_aug_1.jpg,012\frame_0012_face_0_aug_1.jpg,012,val
data\processed\augmented\012\frame_0007_face_0_aug_1.jpg,012\frame_0007_face_0_aug_1.jpg,012,val
data\processed\augmented\012\frame_0011_face_0_aug_1.jpg,012\frame_0011_face_0_aug_1.jpg,012,val
data\processed\augmented\012\frame_0006_face_0_aug_1.jpg,012\frame_0006_face_0_aug_1.jpg,012,val
data\processed\augmented\013\frame_0009_face_0_aug_1.jpg,013\frame_0009_face_0_aug_1.jpg,013,val
data\processed\augmented\013\frame_0000_face_0_aug_1.jpg,013\frame_0000_face_0_aug_1.jpg,013,val
data\processed\augmented\013\frame_0007_face_0_aug_1.jpg,013\frame_0007_face_0_aug_1.jpg,013,val
data\processed\augmented\013\frame_0007_face_0_aug_0.jpg,013\frame_0007_face_0_aug_0.jpg,013,val
data\processed\augmented\013\frame_0006_face_0_aug_1.jpg,013\frame_0006_face_0_aug_1.jpg,013,val
data\processed\augmented\013\frame_0003_face_0_aug_0.jpg,013\frame_0003_face_0_aug_0.jpg,013,val
data\processed\augmented\014\frame_0013_face_0_aug_1.jpg,014\frame_0013_face_0_aug_1.jpg,014,val
data\processed\augmented\014\frame_0021_face_0_aug_0.jpg,014\frame_0021_face_0_aug_0.jpg,014,val
data\processed\augmented\014\frame_0025_face_0_aug_0.jpg,014\frame_0025_face_0_aug_0.jpg,014,val
data\processed\augmented\014\frame_0015_face_0_aug_1.jpg,014\frame_0015_face_0_aug_1.jpg,014,val
data\processed\augmented\014\frame_0020_face_0_aug_1.jpg,014\frame_0020_face_0_aug_1.jpg,014,val
data\processed\augmented\014\frame_0024_face_0_aug_2.jpg,014\frame_0024_face_0_aug_2.jpg,014,val
data\processed\augmented\014\frame_0017_face_0_aug_2.jpg,014\frame_0017_face_0_aug_2.jpg,014,val
data\processed\augmented\014\frame_0014_face_0_aug_1.jpg,014\frame_0014_face_0_aug_1.jpg,014,val
data\processed\augmented\014\frame_0018_face_0_aug_0.jpg,014\frame_0018_face_0_aug_0.jpg,014,val
data\processed\augmented\014\frame_0013_face_0_aug_2.jpg,014\frame_0013_face_0_aug_2.jpg,014,val
data\processed\augmented\014\frame_0002_face_0_aug_0.jpg,014\frame_0002_face_0_aug_0.jpg,014,val
data\processed\augmented\014\frame_0014_face_0_aug_0.jpg,014\frame_0014_face_0_aug_0.jpg,014,val
data\processed\augmented\015\frame_0002_face_0_aug_1.jpg,015\frame_0002_face_0_aug_1.jpg,015,val
data\processed\augmented\015\frame_0015_face_0_aug_1.jpg,015\frame_0015_face_0_aug_1.jpg,015,val
data\processed\augmented\015\frame_0000_face_0_aug_1.jpg,015\frame_0000_face_0_aug_1.jpg,015,val
data\processed\augmented\015\frame_0017_face_0_aug_0.jpg,015\frame_0017_face_0_aug_0.jpg,015,val
data\processed\augmented\015\frame_0007_face_0_aug_1.jpg,015\frame_0007_face_0_aug_1.jpg,015,val
data\processed\augmented\015\frame_0004_face_0_aug_2.jpg,015\frame_0004_face_0_aug_2.jpg,015,val
data\processed\augmented\015\frame_0002_face_0_aug_0.jpg,015\frame_0002_face_0_aug_0.jpg,015,val
data\processed\augmented\015\frame_0005_face_0_aug_0.jpg,015\frame_0005_face_0_aug_0.jpg,015,val
data\processed\augmented\016\frame_0022_face_0_aug_1.jpg,016\frame_0022_face_0_aug_1.jpg,016,val
data\processed\augmented\016\frame_0027_face_0_aug_0.jpg,016\frame_0027_face_0_aug_0.jpg,016,val
data\processed\augmented\016\frame_0026_face_0_aug_2.jpg,016\frame_0026_face_0_aug_2.jpg,016,val
data\processed\augmented\016\frame_0025_face_0_aug_1.jpg,016\frame_0025_face_0_aug_1.jpg,016,val
data\processed\augmented\016\frame_0021_face_0_aug_0.jpg,016\frame_0021_face_0_aug_0.jpg,016,val
data\processed\augmented\016\frame_0027_face_0_aug_2.jpg,016\frame_0027_face_0_aug_2.jpg,016,val
data\processed\augmented\016\frame_0009_face_0_aug_1.jpg,016\frame_0009_face_0_aug_1.jpg,016,val
data\processed\augmented\016\frame_0002_face_0_aug_2.jpg,016\frame_0002_face_0_aug_2.jpg,016,val
data\processed\augmented\016\frame_0016_face_0_aug_0.jpg,016\frame_0016_face_0_aug_0.jpg,016,val
data\processed\augmented\016\frame_0022_face_0_aug_2.jpg,016\frame_0022_face_0_aug_2.jpg,016,val
data\processed\augmented\016\frame_0005_face_0_aug_2.jpg,016\frame_0005_face_0_aug_2.jpg,016,val
data\processed\augmented\016\frame_0013_face_0_aug_0.jpg,016\frame_0013_face_0_aug_0.jpg,016,val
data\processed\augmented\016\frame_0007_face_0_aug_0.jpg,016\frame_0007_face_0_aug_0.jpg,016,val
data\processed\augmented\017\frame_0001_face_0_aug_2.jpg,017\frame_0001_face_0_aug_2.jpg,017,val
data\processed\augmented\017\frame_0000_face_0_aug_0.jpg,017\frame_0000_face_0_aug_0.jpg,017,val
data\processed\augmented\017\frame_0015_face_0_aug_1.jpg,017\frame_0015_face_0_aug_1.jpg,017,val
data\processed\augmented\017\frame_0012_face_0_aug_0.jpg,017\frame_0012_face_0_aug_0.jpg,017,val
data\processed\augmented\017\frame_0002_face_0_aug_0.jpg,017\frame_0002_face_0_aug_0.jpg,017,val
data\processed\augmented\017\frame_0005_face_0_aug_1.jpg,017\frame_0005_face_0_aug_1.jpg,017,val
data\processed\augmented\017\frame_0004_face_0_aug_2.jpg,017\frame_0004_face_0_aug_2.jpg,017,val
data\processed\augmented\017\frame_0011_face_0_aug_2.jpg,017\frame_0011_face_0_aug_2.jpg,017,val
data\processed\augmented\018\frame_0002_face_0_aug_1.jpg,018\frame_0002_face_0_aug_1.jpg,018,val
data\processed\augmented\018\frame_0015_face_0_aug_1.jpg,018\frame_0015_face_0_aug_1.jpg,018,val
data\processed\augmented\018\frame_0000_face_0_aug_1.jpg,018\frame_0000_face_0_aug_1.jpg,018,val
data\processed\augmented\018\frame_0017_face_0_aug_0.jpg,018\frame_0017_face_0_aug_0.jpg,018,val
data\processed\augmented\018\frame_0007_face_0_aug_1.jpg,018\frame_0007_face_0_aug_1.jpg,018,val
data\processed\augmented\018\frame_0004_face_0_aug_2.jpg,018\frame_0004_face_0_aug_2.jpg,018,val
data\processed\augmented\018\frame_0002_face_0_aug_0.jpg,018\frame_0002_face_0_aug_0.jpg,018,val
data\processed\augmented\018\frame_0005_face_0_aug_0.jpg,018\frame_0005_face_0_aug_0.jpg,018,val
data\processed\augmented\019\frame_0016_face_0_aug_1.jpg,019\frame_0016_face_0_aug_1.jpg,019,val
data\processed\augmented\019\frame_0012_face_0_aug_2.jpg,019\frame_0012_face_0_aug_2.jpg,019,val
data\processed\augmented\019\frame_0011_face_0_aug_0.jpg,019\frame_0011_face_0_aug_0.jpg,019,val
data\processed\augmented\019\frame_0004_face_0_aug_0.jpg,019\frame_0004_face_0_aug_0.jpg,019,val
data\processed\augmented\019\frame_0016_face_0_aug_2.jpg,019\frame_0016_face_0_aug_2.jpg,019,val
data\processed\augmented\019\frame_0020_face_0_aug_1.jpg,019\frame_0020_face_0_aug_1.jpg,019,val
data\processed\augmented\019\frame_0007_face_0_aug_0.jpg,019\frame_0007_face_0_aug_0.jpg,019,val
data\processed\augmented\019\frame_0016_face_0_aug_0.jpg,019\frame_0016_face_0_aug_0.jpg,019,val
data\processed\augmented\019\frame_0024_face_0_aug_0.jpg,019\frame_0024_face_0_aug_0.jpg,019,val
data\processed\augmented\019\frame_0028_face_0_aug_0.jpg,019\frame_0028_face_0_aug_0.jpg,019,val
data\processed\augmented\019\frame_0007_face_0_aug_2.jpg,019\frame_0007_face_0_aug_2.jpg,019,val
data\processed\augmented\019\frame_0027_face_0_aug_1.jpg,019\frame_0027_face_0_aug_1.jpg,019,val
data\processed\augmented\019\frame_0001_face_0_aug_2.jpg,019\frame_0001_face_0_aug_2.jpg,019,val
data\processed\augmented\019\frame_0022_face_0_aug_0.jpg,019\frame_0022_face_0_aug_0.jpg,019,val
data\processed\augmented\01__hugging_happy\frame_0016_face_0_aug_1.jpg,01__hugging_happy\frame_0016_face_0_aug_1.jpg,01__hugging_happy,val
data\processed\augmented\01__hugging_happy\frame_0012_face_0_aug_2.jpg,01__hugging_happy\frame_0012_face_0_aug_2.jpg,01__hugging_happy,val
data\processed\augmented\01__hugging_happy\frame_0011_face_0_aug_0.jpg,01__hugging_happy\frame_0011_face_0_aug_0.jpg,01__hugging_happy,val
data\processed\augmented\01__hugging_happy\frame_0004_face_0_aug_0.jpg,01__hugging_happy\frame_0004_face_0_aug_0.jpg,01__hugging_happy,val
data\processed\augmented\01__hugging_happy\frame_0016_face_0_aug_2.jpg,01__hugging_happy\frame_0016_face_0_aug_2.jpg,01__hugging_happy,val
data\processed\augmented\01__hugging_happy\frame_0020_face_0_aug_1.jpg,01__hugging_happy\frame_0020_face_0_aug_1.jpg,01__hugging_happy,val
data\processed\augmented\01__hugging_happy\frame_0007_face_0_aug_0.jpg,01__hugging_happy\frame_0007_face_0_aug_0.jpg,01__hugging_happy,val
data\processed\augmented\01__hugging_happy\frame_0016_face_0_aug_0.jpg,01__hugging_happy\frame_0016_face_0_aug_0.jpg,01__hugging_happy,val
data\processed\augmented\01__hugging_happy\frame_0024_face_0_aug_0.jpg,01__hugging_happy\frame_0024_face_0_aug_0.jpg,01__hugging_happy,val
data\processed\augmented\01__hugging_happy\frame_0028_face_0_aug_0.jpg,01__hugging_happy\frame_0028_face_0_aug_0.jpg,01__hugging_happy,val
data\processed\augmented\01__hugging_happy\frame_0007_face_0_aug_2.jpg,01__hugging_happy\frame_0007_face_0_aug_2.jpg,01__hugging_happy,val
data\processed\augmented\01__hugging_happy\frame_0027_face_0_aug_1.jpg,01__hugging_happy\frame_0027_face_0_aug_1.jpg,01__hugging_happy,val
data\processed\augmented\01__hugging_happy\frame_0001_face_0_aug_2.jpg,01__hugging_happy\frame_0001_face_0_aug_2.jpg,01__hugging_happy,val
data\processed\augmented\01__hugging_happy\frame_0022_face_0_aug_0.jpg,01__hugging_happy\frame_0022_face_0_aug_0.jpg,01__hugging_happy,val
data\processed\augmented\01__kitchen_pan\frame_0011_face_0_aug_0.jpg,01__kitchen_pan\frame_0011_face_0_aug_0.jpg,01__kitchen_pan,val
data\processed\augmented\01__kitchen_pan\frame_0008_face_0_aug_1.jpg,01__kitchen_pan\frame_0008_face_0_aug_1.jpg,01__kitchen_pan,val
data\processed\augmented\01__kitchen_pan\frame_0009_face_0_aug_2.jpg,01__kitchen_pan\frame_0009_face_0_aug_2.jpg,01__kitchen_pan,val
data\processed\augmented\01__kitchen_pan\frame_0016_face_0_aug_0.jpg,01__kitchen_pan\frame_0016_face_0_aug_0.jpg,01__kitchen_pan,val
data\processed\augmented\01__kitchen_pan\frame_0016_face_0_aug_2.jpg,01__kitchen_pan\frame_0016_face_0_aug_2.jpg,01__kitchen_pan,val
data\processed\augmented\01__kitchen_pan\frame_0006_face_0_aug_2.jpg,01__kitchen_pan\frame_0006_face_0_aug_2.jpg,01__kitchen_pan,val
data\processed\augmented\01__kitchen_pan\frame_0000_face_0_aug_1.jpg,01__kitchen_pan\frame_0000_face_0_aug_1.jpg,01__kitchen_pan,val
data\processed\augmented\01__kitchen_pan\frame_0008_face_0_aug_0.jpg,01__kitchen_pan\frame_0008_face_0_aug_0.jpg,01__kitchen_pan,val
data\processed\augmented\01__kitchen_pan\frame_0018_face_0_aug_1.jpg,01__kitchen_pan\frame_0018_face_0_aug_1.jpg,01__kitchen_pan,val
data\processed\augmented\01__kitchen_pan\frame_0001_face_0_aug_1.jpg,01__kitchen_pan\frame_0001_face_0_aug_1.jpg,01__kitchen_pan,val
data\processed\augmented\01__kitchen_still\frame_0016_face_0_aug_1.jpg,01__kitchen_still\frame_0016_face_0_aug_1.jpg,01__kitchen_still,val
data\processed\augmented\01__kitchen_still\frame_0012_face_0_aug_2.jpg,01__kitchen_still\frame_0012_face_0_aug_2.jpg,01__kitchen_still,val
data\processed\augmented\01__kitchen_still\frame_0011_face_0_aug_0.jpg,01__kitchen_still\frame_0011_face_0_aug_0.jpg,01__kitchen_still,val
data\processed\augmented\01__kitchen_still\frame_0004_face_0_aug_0.jpg,01__kitchen_still\frame_0004_face_0_aug_0.jpg,01__kitchen_still,val
data\processed\augmented\01__kitchen_still\frame_0016_face_0_aug_2.jpg,01__kitchen_still\frame_0016_face_0_aug_2.jpg,01__kitchen_still,val
data\processed\augmented\01__kitchen_still\frame_0020_face_0_aug_1.jpg,01__kitchen_still\frame_0020_face_0_aug_1.jpg,01__kitchen_still,val
data\processed\augmented\01__kitchen_still\frame_0007_face_0_aug_0.jpg,01__kitchen_still\frame_0007_face_0_aug_0.jpg,01__kitchen_still,val
data\processed\augmented\01__kitchen_still\frame_0016_face_0_aug_0.jpg,01__kitchen_still\frame_0016_face_0_aug_0.jpg,01__kitchen_still,val
data\processed\augmented\01__kitchen_still\frame_0024_face_0_aug_0.jpg,01__kitchen_still\frame_0024_face_0_aug_0.jpg,01__kitchen_still,val
data\processed\augmented\01__kitchen_still\frame_0028_face_0_aug_0.jpg,01__kitchen_still\frame_0028_face_0_aug_0.jpg,01__kitchen_still,val
data\processed\augmented\01__kitchen_still\frame_0007_face_0_aug_2.jpg,01__kitchen_still\frame_0007_face_0_aug_2.jpg,01__kitchen_still,val
data\processed\augmented\01__kitchen_still\frame_0027_face_0_aug_1.jpg,01__kitchen_still\frame_0027_face_0_aug_1.jpg,01__kitchen_still,val
data\processed\augmented\01__kitchen_still\frame_0001_face_0_aug_2.jpg,01__kitchen_still\frame_0001_face_0_aug_2.jpg,01__kitchen_still,val
data\processed\augmented\01__kitchen_still\frame_0022_face_0_aug_0.jpg,01__kitchen_still\frame_0022_face_0_aug_0.jpg,01__kitchen_still,val
data\processed\augmented\01__outside_talking_pan_laughing\frame_0004_face_0_aug_2.jpg,01__outside_talking_pan_laughing\frame_0004_face_0_aug_2.jpg,01__outside_talking_pan_laughing,val
data\processed\augmented\01__outside_talking_pan_laughing\frame_0007_face_0_aug_2.jpg,01__outside_talking_pan_laughing\frame_0007_face_0_aug_2.jpg,01__outside_talking_pan_laughing,val
data\processed\augmented\01__outside_talking_pan_laughing\frame_0016_face_0_aug_1.jpg,01__outside_talking_pan_laughing\frame_0016_face_0_aug_1.jpg,01__outside_talking_pan_laughing,val
data\processed\augmented\01__outside_talking_pan_laughing\frame_0014_face_0_aug_1.jpg,01__outside_talking_pan_laughing\frame_0014_face_0_aug_1.jpg,01__outside_talking_pan_laughing,val
data\processed\augmented\01__outside_talking_pan_laughing\frame_0011_face_0_aug_0.jpg,01__outside_talking_pan_laughing\frame_0011_face_0_aug_0.jpg,01__outside_talking_pan_laughing,val
data\processed\augmented\01__outside_talking_pan_laughing\frame_0024_face_0_aug_1.jpg,01__outside_talking_pan_laughing\frame_0024_face_0_aug_1.jpg,01__outside_talking_pan_laughing,val
data\processed\augmented\01__outside_talking_pan_laughing\frame_0015_face_0_aug_2.jpg,01__outside_talking_pan_laughing\frame_0015_face_0_aug_2.jpg,01__outside_talking_pan_laughing,val
data\processed\augmented\01__outside_talking_pan_laughing\frame_0015_face_0_aug_0.jpg,01__outside_talking_pan_laughing\frame_0015_face_0_aug_0.jpg,01__outside_talking_pan_laughing,val
data\processed\augmented\01__outside_talking_pan_laughing\frame_0018_face_0_aug_0.jpg,01__outside_talking_pan_laughing\frame_0018_face_0_aug_0.jpg,01__outside_talking_pan_laughing,val
data\processed\augmented\01__outside_talking_pan_laughing\frame_0023_face_0_aug_2.jpg,01__outside_talking_pan_laughing\frame_0023_face_0_aug_2.jpg,01__outside_talking_pan_laughing,val
data\processed\augmented\01__outside_talking_pan_laughing\frame_0007_face_0_aug_0.jpg,01__outside_talking_pan_laughing\frame_0007_face_0_aug_0.jpg,01__outside_talking_pan_laughing,val
data\processed\augmented\01__outside_talking_pan_laughing\frame_0013_face_0_aug_1.jpg,01__outside_talking_pan_laughing\frame_0013_face_0_aug_1.jpg,01__outside_talking_pan_laughing,val
data\processed\augmented\01__outside_talking_still_laughing\frame_0016_face_0_aug_1.jpg,01__outside_talking_still_laughing\frame_0016_face_0_aug_1.jpg,01__outside_talking_still_laughing,val
data\processed\augmented\01__outside_talking_still_laughing\frame_0012_face_0_aug_2.jpg,01__outside_talking_still_laughing\frame_0012_face_0_aug_2.jpg,01__outside_talking_still_laughing,val
data\processed\augmented\01__outside_talking_still_laughing\frame_0011_face_0_aug_0.jpg,01__outside_talking_still_laughing\frame_0011_face_0_aug_0.jpg,01__outside_talking_still_laughing,val
data\processed\augmented\01__outside_talking_still_laughing\frame_0004_face_0_aug_0.jpg,01__outside_talking_still_laughing\frame_0004_face_0_aug_0.jpg,01__outside_talking_still_laughing,val
data\processed\augmented\01__outside_talking_still_laughing\frame_0016_face_0_aug_2.jpg,01__outside_talking_still_laughing\frame_0016_face_0_aug_2.jpg,01__outside_talking_still_laughing,val
data\processed\augmented\01__outside_talking_still_laughing\frame_0020_face_0_aug_1.jpg,01__outside_talking_still_laughing\frame_0020_face_0_aug_1.jpg,01__outside_talking_still_laughing,val
data\processed\augmented\01__outside_talking_still_laughing\frame_0007_face_0_aug_0.jpg,01__outside_talking_still_laughing\frame_0007_face_0_aug_0.jpg,01__outside_talking_still_laughing,val
data\processed\augmented\01__outside_talking_still_laughing\frame_0016_face_0_aug_0.jpg,01__outside_talking_still_laughing\frame_0016_face_0_aug_0.jpg,01__outside_talking_still_laughing,val
data\processed\augmented\01__outside_talking_still_laughing\frame_0024_face_0_aug_0.jpg,01__outside_talking_still_laughing\frame_0024_face_0_aug_0.jpg,01__outside_talking_still_laughing,val
data\processed\augmented\01__outside_talking_still_laughing\frame_0028_face_0_aug_0.jpg,01__outside_talking_still_laughing\frame_0028_face_0_aug_0.jpg,01__outside_talking_still_laughing,val
data\processed\augmented\01__outside_talking_still_laughing\frame_0007_face_0_aug_2.jpg,01__outside_talking_still_laughing\frame_0007_face_0_aug_2.jpg,01__outside_talking_still_laughing,val
data\processed\augmented\01__outside_talking_still_laughing\frame_0027_face_0_aug_1.jpg,01__outside_talking_still_laughing\frame_0027_face_0_aug_1.jpg,01__outside_talking_still_laughing,val
data\processed\augmented\01__outside_talking_still_laughing\frame_0001_face_0_aug_2.jpg,01__outside_talking_still_laughing\frame_0001_face_0_aug_2.jpg,01__outside_talking_still_laughing,val
data\processed\augmented\01__outside_talking_still_laughing\frame_0022_face_0_aug_0.jpg,01__outside_talking_still_laughing\frame_0022_face_0_aug_0.jpg,01__outside_talking_still_laughing,val
data\processed\augmented\01__walking_outside_cafe_disgusted\frame_0004_face_0_aug_2.jpg,01__walking_outside_cafe_disgusted\frame_0004_face_0_aug_2.jpg,01__walking_outside_cafe_disgusted,val
data\processed\augmented\01__walking_outside_cafe_disgusted\frame_0004_face_0_aug_1.jpg,01__walking_outside_cafe_disgusted\frame_0004_face_0_aug_1.jpg,01__walking_outside_cafe_disgusted,val
data\processed\augmented\01__walking_outside_cafe_disgusted\frame_0005_face_0_aug_1.jpg,01__walking_outside_cafe_disgusted\frame_0005_face_0_aug_1.jpg,01__walking_outside_cafe_disgusted,val
data\processed\augmented\01__walking_outside_cafe_disgusted\frame_0003_face_0_aug_0.jpg,01__walking_outside_cafe_disgusted\frame_0003_face_0_aug_0.jpg,01__walking_outside_cafe_disgusted,val
data\processed\augmented\01__walking_outside_cafe_disgusted\frame_0004_face_0_aug_0.jpg,01__walking_outside_cafe_disgusted\frame_0004_face_0_aug_0.jpg,01__walking_outside_cafe_disgusted,val
data\processed\augmented\020\frame_0001_face_0_aug_2.jpg,020\frame_0001_face_0_aug_2.jpg,020,val
data\processed\augmented\020\frame_0000_face_0_aug_0.jpg,020\frame_0000_face_0_aug_0.jpg,020,val
data\processed\augmented\020\frame_0015_face_0_aug_1.jpg,020\frame_0015_face_0_aug_1.jpg,020,val
data\processed\augmented\020\frame_0012_face_0_aug_0.jpg,020\frame_0012_face_0_aug_0.jpg,020,val
data\processed\augmented\020\frame_0002_face_0_aug_0.jpg,020\frame_0002_face_0_aug_0.jpg,020,val
data\processed\augmented\020\frame_0005_face_0_aug_1.jpg,020\frame_0005_face_0_aug_1.jpg,020,val
data\processed\augmented\020\frame_0004_face_0_aug_2.jpg,020\frame_0004_face_0_aug_2.jpg,020,val
data\processed\augmented\020\frame_0011_face_0_aug_2.jpg,020\frame_0011_face_0_aug_2.jpg,020,val
data\processed\augmented\021\frame_0012_face_0_aug_0.jpg,021\frame_0012_face_0_aug_0.jpg,021,val
data\processed\augmented\021\frame_0013_face_0_aug_2.jpg,021\frame_0013_face_0_aug_2.jpg,021,val
data\processed\augmented\022\frame_0009_face_0_aug_1.jpg,022\frame_0009_face_0_aug_1.jpg,022,val
data\processed\augmented\022\frame_0000_face_0_aug_1.jpg,022\frame_0000_face_0_aug_1.jpg,022,val
data\processed\augmented\022\frame_0007_face_0_aug_1.jpg,022\frame_0007_face_0_aug_1.jpg,022,val
data\processed\augmented\022\frame_0007_face_0_aug_0.jpg,022\frame_0007_face_0_aug_0.jpg,022,val
data\processed\augmented\022\frame_0006_face_0_aug_1.jpg,022\frame_0006_face_0_aug_1.jpg,022,val
data\processed\augmented\022\frame_0003_face_0_aug_0.jpg,022\frame_0003_face_0_aug_0.jpg,022,val
data\processed\augmented\023\frame_0003_face_0_aug_0.jpg,023\frame_0003_face_0_aug_0.jpg,023,val
data\processed\augmented\023\frame_0019_face_0_aug_0.jpg,023\frame_0019_face_0_aug_0.jpg,023,val
data\processed\augmented\023\frame_0009_face_0_aug_0.jpg,023\frame_0009_face_0_aug_0.jpg,023,val
data\processed\augmented\023\frame_0002_face_0_aug_1.jpg,023\frame_0002_face_0_aug_1.jpg,023,val
data\processed\augmented\023\frame_0022_face_0_aug_0.jpg,023\frame_0022_face_0_aug_0.jpg,023,val
data\processed\augmented\023\frame_0000_face_0_aug_2.jpg,023\frame_0000_face_0_aug_2.jpg,023,val
data\processed\augmented\023\frame_0016_face_0_aug_0.jpg,023\frame_0016_face_0_aug_0.jpg,023,val
data\processed\augmented\023\frame_0001_face_0_aug_0.jpg,023\frame_0001_face_0_aug_0.jpg,023,val
data\processed\augmented\023\frame_0009_face_0_aug_2.jpg,023\frame_0009_face_0_aug_2.jpg,023,val
data\processed\augmented\023\frame_0009_face_0_aug_1.jpg,023\frame_0009_face_0_aug_1.jpg,023,val
data\processed\augmented\023\frame_0021_face_0_aug_1.jpg,023\frame_0021_face_0_aug_1.jpg,023,val
data\processed\augmented\024\frame_0002_face_0_aug_1.jpg,024\frame_0002_face_0_aug_1.jpg,024,val
data\processed\augmented\024\frame_0000_face_0_aug_2.jpg,024\frame_0000_face_0_aug_2.jpg,024,val
data\processed\augmented\024\frame_0006_face_0_aug_0.jpg,024\frame_0006_face_0_aug_0.jpg,024,val
data\processed\augmented\024\frame_0001_face_0_aug_0.jpg,024\frame_0001_face_0_aug_0.jpg,024,val
data\processed\augmented\024\frame_0009_face_0_aug_2.jpg,024\frame_0009_face_0_aug_2.jpg,024,val
data\processed\augmented\024\frame_0005_face_0_aug_0.jpg,024\frame_0005_face_0_aug_0.jpg,024,val
data\processed\augmented\02__exit_phone_room\frame_0005_face_0_aug_1.jpg,02__exit_phone_room\frame_0005_face_0_aug_1.jpg,02__exit_phone_room,val
data\processed\augmented\02__exit_phone_room\frame_0003_face_0_aug_2.jpg,02__exit_phone_room\frame_0003_face_0_aug_2.jpg,02__exit_phone_room,val
data\processed\augmented\02__exit_phone_room\frame_0009_face_0_aug_0.jpg,02__exit_phone_room\frame_0009_face_0_aug_0.jpg,02__exit_phone_room,val
data\processed\augmented\02__exit_phone_room\frame_0004_face_0_aug_0.jpg,02__exit_phone_room\frame_0004_face_0_aug_0.jpg,02__exit_phone_room,val
data\processed\augmented\02__exit_phone_room\frame_0012_face_0_aug_2.jpg,02__exit_phone_room\frame_0012_face_0_aug_2.jpg,02__exit_phone_room,val
data\processed\augmented\02__exit_phone_room\frame_0008_face_0_aug_0.jpg,02__exit_phone_room\frame_0008_face_0_aug_0.jpg,02__exit_phone_room,val
data\processed\augmented\02__meeting_serious\frame_0016_face_0_aug_1.jpg,02__meeting_serious\frame_0016_face_0_aug_1.jpg,02__meeting_serious,val
data\processed\augmented\02__meeting_serious\frame_0012_face_0_aug_2.jpg,02__meeting_serious\frame_0012_face_0_aug_2.jpg,02__meeting_serious,val
data\processed\augmented\02__meeting_serious\frame_0011_face_0_aug_0.jpg,02__meeting_serious\frame_0011_face_0_aug_0.jpg,02__meeting_serious,val
data\processed\augmented\02__meeting_serious\frame_0004_face_0_aug_0.jpg,02__meeting_serious\frame_0004_face_0_aug_0.jpg,02__meeting_serious,val
data\processed\augmented\02__meeting_serious\frame_0016_face_0_aug_2.jpg,02__meeting_serious\frame_0016_face_0_aug_2.jpg,02__meeting_serious,val
data\processed\augmented\02__meeting_serious\frame_0020_face_0_aug_1.jpg,02__meeting_serious\frame_0020_face_0_aug_1.jpg,02__meeting_serious,val
data\processed\augmented\02__meeting_serious\frame_0007_face_0_aug_0.jpg,02__meeting_serious\frame_0007_face_0_aug_0.jpg,02__meeting_serious,val
data\processed\augmented\02__meeting_serious\frame_0016_face_0_aug_0.jpg,02__meeting_serious\frame_0016_face_0_aug_0.jpg,02__meeting_serious,val
data\processed\augmented\02__meeting_serious\frame_0024_face_0_aug_0.jpg,02__meeting_serious\frame_0024_face_0_aug_0.jpg,02__meeting_serious,val
data\processed\augmented\02__meeting_serious\frame_0028_face_0_aug_0.jpg,02__meeting_serious\frame_0028_face_0_aug_0.jpg,02__meeting_serious,val
data\processed\augmented\02__meeting_serious\frame_0007_face_0_aug_2.jpg,02__meeting_serious\frame_0007_face_0_aug_2.jpg,02__meeting_serious,val
data\processed\augmented\02__meeting_serious\frame_0027_face_0_aug_1.jpg,02__meeting_serious\frame_0027_face_0_aug_1.jpg,02__meeting_serious,val
data\processed\augmented\02__meeting_serious\frame_0001_face_0_aug_2.jpg,02__meeting_serious\frame_0001_face_0_aug_2.jpg,02__meeting_serious,val
data\processed\augmented\02__meeting_serious\frame_0022_face_0_aug_0.jpg,02__meeting_serious\frame_0022_face_0_aug_0.jpg,02__meeting_serious,val
data\processed\augmented\02__podium_speech_happy\frame_0016_face_0_aug_1.jpg,02__podium_speech_happy\frame_0016_face_0_aug_1.jpg,02__podium_speech_happy,val
data\processed\augmented\02__podium_speech_happy\frame_0012_face_0_aug_2.jpg,02__podium_speech_happy\frame_0012_face_0_aug_2.jpg,02__podium_speech_happy,val
data\processed\augmented\02__podium_speech_happy\frame_0011_face_0_aug_0.jpg,02__podium_speech_happy\frame_0011_face_0_aug_0.jpg,02__podium_speech_happy,val
data\processed\augmented\02__podium_speech_happy\frame_0004_face_0_aug_0.jpg,02__podium_speech_happy\frame_0004_face_0_aug_0.jpg,02__podium_speech_happy,val
data\processed\augmented\02__podium_speech_happy\frame_0016_face_0_aug_2.jpg,02__podium_speech_happy\frame_0016_face_0_aug_2.jpg,02__podium_speech_happy,val
data\processed\augmented\02__podium_speech_happy\frame_0020_face_0_aug_1.jpg,02__podium_speech_happy\frame_0020_face_0_aug_1.jpg,02__podium_speech_happy,val
data\processed\augmented\02__podium_speech_happy\frame_0007_face_0_aug_0.jpg,02__podium_speech_happy\frame_0007_face_0_aug_0.jpg,02__podium_speech_happy,val
data\processed\augmented\02__podium_speech_happy\frame_0016_face_0_aug_0.jpg,02__podium_speech_happy\frame_0016_face_0_aug_0.jpg,02__podium_speech_happy,val
data\processed\augmented\02__podium_speech_happy\frame_0024_face_0_aug_0.jpg,02__podium_speech_happy\frame_0024_face_0_aug_0.jpg,02__podium_speech_happy,val
data\processed\augmented\02__podium_speech_happy\frame_0028_face_0_aug_0.jpg,02__podium_speech_happy\frame_0028_face_0_aug_0.jpg,02__podium_speech_happy,val
data\processed\augmented\02__podium_speech_happy\frame_0007_face_0_aug_2.jpg,02__podium_speech_happy\frame_0007_face_0_aug_2.jpg,02__podium_speech_happy,val
data\processed\augmented\02__podium_speech_happy\frame_0027_face_0_aug_1.jpg,02__podium_speech_happy\frame_0027_face_0_aug_1.jpg,02__podium_speech_happy,val
data\processed\augmented\02__podium_speech_happy\frame_0001_face_0_aug_2.jpg,02__podium_speech_happy\frame_0001_face_0_aug_2.jpg,02__podium_speech_happy,val
data\processed\augmented\02__podium_speech_happy\frame_0022_face_0_aug_0.jpg,02__podium_speech_happy\frame_0022_face_0_aug_0.jpg,02__podium_speech_happy,val
data\processed\augmented\02__talking_against_wall\frame_0016_face_0_aug_1.jpg,02__talking_against_wall\frame_0016_face_0_aug_1.jpg,02__talking_against_wall,val
data\processed\augmented\02__talking_against_wall\frame_0012_face_0_aug_2.jpg,02__talking_against_wall\frame_0012_face_0_aug_2.jpg,02__talking_against_wall,val
data\processed\augmented\02__talking_against_wall\frame_0011_face_0_aug_0.jpg,02__talking_against_wall\frame_0011_face_0_aug_0.jpg,02__talking_against_wall,val
data\processed\augmented\02__talking_against_wall\frame_0004_face_0_aug_0.jpg,02__talking_against_wall\frame_0004_face_0_aug_0.jpg,02__talking_against_wall,val
data\processed\augmented\02__talking_against_wall\frame_0016_face_0_aug_2.jpg,02__talking_against_wall\frame_0016_face_0_aug_2.jpg,02__talking_against_wall,val
data\processed\augmented\02__talking_against_wall\frame_0020_face_0_aug_1.jpg,02__talking_against_wall\frame_0020_face_0_aug_1.jpg,02__talking_against_wall,val
data\processed\augmented\02__talking_against_wall\frame_0007_face_0_aug_0.jpg,02__talking_against_wall\frame_0007_face_0_aug_0.jpg,02__talking_against_wall,val
data\processed\augmented\02__talking_against_wall\frame_0016_face_0_aug_0.jpg,02__talking_against_wall\frame_0016_face_0_aug_0.jpg,02__talking_against_wall,val
data\processed\augmented\02__talking_against_wall\frame_0024_face_0_aug_0.jpg,02__talking_against_wall\frame_0024_face_0_aug_0.jpg,02__talking_against_wall,val
data\processed\augmented\02__talking_against_wall\frame_0028_face_0_aug_0.jpg,02__talking_against_wall\frame_0028_face_0_aug_0.jpg,02__talking_against_wall,val
data\processed\augmented\02__talking_against_wall\frame_0007_face_0_aug_2.jpg,02__talking_against_wall\frame_0007_face_0_aug_2.jpg,02__talking_against_wall,val
data\processed\augmented\02__talking_against_wall\frame_0027_face_0_aug_1.jpg,02__talking_against_wall\frame_0027_face_0_aug_1.jpg,02__talking_against_wall,val
data\processed\augmented\02__talking_against_wall\frame_0001_face_0_aug_2.jpg,02__talking_against_wall\frame_0001_face_0_aug_2.jpg,02__talking_against_wall,val
data\processed\augmented\02__talking_against_wall\frame_0022_face_0_aug_0.jpg,02__talking_against_wall\frame_0022_face_0_aug_0.jpg,02__talking_against_wall,val
data\processed\augmented\02__walking_and_outside_surprised\frame_0016_face_0_aug_1.jpg,02__walking_and_outside_surprised\frame_0016_face_0_aug_1.jpg,02__walking_and_outside_surprised,val
data\processed\augmented\02__walking_and_outside_surprised\frame_0012_face_0_aug_2.jpg,02__walking_and_outside_surprised\frame_0012_face_0_aug_2.jpg,02__walking_and_outside_surprised,val
data\processed\augmented\02__walking_and_outside_surprised\frame_0011_face_0_aug_0.jpg,02__walking_and_outside_surprised\frame_0011_face_0_aug_0.jpg,02__walking_and_outside_surprised,val
data\processed\augmented\02__walking_and_outside_surprised\frame_0004_face_0_aug_0.jpg,02__walking_and_outside_surprised\frame_0004_face_0_aug_0.jpg,02__walking_and_outside_surprised,val
data\processed\augmented\02__walking_and_outside_surprised\frame_0016_face_0_aug_2.jpg,02__walking_and_outside_surprised\frame_0016_face_0_aug_2.jpg,02__walking_and_outside_surprised,val
data\processed\augmented\02__walking_and_outside_surprised\frame_0020_face_0_aug_1.jpg,02__walking_and_outside_surprised\frame_0020_face_0_aug_1.jpg,02__walking_and_outside_surprised,val
data\processed\augmented\02__walking_and_outside_surprised\frame_0007_face_0_aug_0.jpg,02__walking_and_outside_surprised\frame_0007_face_0_aug_0.jpg,02__walking_and_outside_surprised,val
data\processed\augmented\02__walking_and_outside_surprised\frame_0016_face_0_aug_0.jpg,02__walking_and_outside_surprised\frame_0016_face_0_aug_0.jpg,02__walking_and_outside_surprised,val
data\processed\augmented\02__walking_and_outside_surprised\frame_0024_face_0_aug_0.jpg,02__walking_and_outside_surprised\frame_0024_face_0_aug_0.jpg,02__walking_and_outside_surprised,val
data\processed\augmented\02__walking_and_outside_surprised\frame_0028_face_0_aug_0.jpg,02__walking_and_outside_surprised\frame_0028_face_0_aug_0.jpg,02__walking_and_outside_surprised,val
data\processed\augmented\02__walking_and_outside_surprised\frame_0007_face_0_aug_2.jpg,02__walking_and_outside_surprised\frame_0007_face_0_aug_2.jpg,02__walking_and_outside_surprised,val
data\processed\augmented\02__walking_and_outside_surprised\frame_0027_face_0_aug_1.jpg,02__walking_and_outside_surprised\frame_0027_face_0_aug_1.jpg,02__walking_and_outside_surprised,val
data\processed\augmented\02__walking_and_outside_surprised\frame_0001_face_0_aug_2.jpg,02__walking_and_outside_surprised\frame_0001_face_0_aug_2.jpg,02__walking_and_outside_surprised,val
data\processed\augmented\02__walking_and_outside_surprised\frame_0022_face_0_aug_0.jpg,02__walking_and_outside_surprised\frame_0022_face_0_aug_0.jpg,02__walking_and_outside_surprised,val
data\processed\augmented\02__walking_down_indoor_hall_disgust\frame_0016_face_0_aug_1.jpg,02__walking_down_indoor_hall_disgust\frame_0016_face_0_aug_1.jpg,02__walking_down_indoor_hall_disgust,val
data\processed\augmented\02__walking_down_indoor_hall_disgust\frame_0012_face_0_aug_2.jpg,02__walking_down_indoor_hall_disgust\frame_0012_face_0_aug_2.jpg,02__walking_down_indoor_hall_disgust,val
data\processed\augmented\02__walking_down_indoor_hall_disgust\frame_0011_face_0_aug_0.jpg,02__walking_down_indoor_hall_disgust\frame_0011_face_0_aug_0.jpg,02__walking_down_indoor_hall_disgust,val
data\processed\augmented\02__walking_down_indoor_hall_disgust\frame_0004_face_0_aug_0.jpg,02__walking_down_indoor_hall_disgust\frame_0004_face_0_aug_0.jpg,02__walking_down_indoor_hall_disgust,val
data\processed\augmented\02__walking_down_indoor_hall_disgust\frame_0016_face_0_aug_2.jpg,02__walking_down_indoor_hall_disgust\frame_0016_face_0_aug_2.jpg,02__walking_down_indoor_hall_disgust,val
data\processed\augmented\02__walking_down_indoor_hall_disgust\frame_0020_face_0_aug_1.jpg,02__walking_down_indoor_hall_disgust\frame_0020_face_0_aug_1.jpg,02__walking_down_indoor_hall_disgust,val
data\processed\augmented\02__walking_down_indoor_hall_disgust\frame_0007_face_0_aug_0.jpg,02__walking_down_indoor_hall_disgust\frame_0007_face_0_aug_0.jpg,02__walking_down_indoor_hall_disgust,val
data\processed\augmented\02__walking_down_indoor_hall_disgust\frame_0016_face_0_aug_0.jpg,02__walking_down_indoor_hall_disgust\frame_0016_face_0_aug_0.jpg,02__walking_down_indoor_hall_disgust,val
data\processed\augmented\02__walking_down_indoor_hall_disgust\frame_0024_face_0_aug_0.jpg,02__walking_down_indoor_hall_disgust\frame_0024_face_0_aug_0.jpg,02__walking_down_indoor_hall_disgust,val
data\processed\augmented\02__walking_down_indoor_hall_disgust\frame_0028_face_0_aug_0.jpg,02__walking_down_indoor_hall_disgust\frame_0028_face_0_aug_0.jpg,02__walking_down_indoor_hall_disgust,val
data\processed\augmented\02__walking_down_indoor_hall_disgust\frame_0007_face_0_aug_2.jpg,02__walking_down_indoor_hall_disgust\frame_0007_face_0_aug_2.jpg,02__walking_down_indoor_hall_disgust,val
data\processed\augmented\02__walking_down_indoor_hall_disgust\frame_0027_face_0_aug_1.jpg,02__walking_down_indoor_hall_disgust\frame_0027_face_0_aug_1.jpg,02__walking_down_indoor_hall_disgust,val
data\processed\augmented\02__walking_down_indoor_hall_disgust\frame_0001_face_0_aug_2.jpg,02__walking_down_indoor_hall_disgust\frame_0001_face_0_aug_2.jpg,02__walking_down_indoor_hall_disgust,val
data\processed\augmented\02__walking_down_indoor_hall_disgust\frame_0022_face_0_aug_0.jpg,02__walking_down_indoor_hall_disgust\frame_0022_face_0_aug_0.jpg,02__walking_down_indoor_hall_disgust,val
data\processed\augmented\02__walking_down_street_outside_angry\frame_0019_face_0_aug_0.jpg,02__walking_down_street_outside_angry\frame_0019_face_0_aug_0.jpg,02__walking_down_street_outside_angry,val
data\processed\augmented\02__walking_down_street_outside_angry\frame_0026_face_0_aug_1.jpg,02__walking_down_street_outside_angry\frame_0026_face_0_aug_1.jpg,02__walking_down_street_outside_angry,val
data\processed\augmented\02__walking_down_street_outside_angry\frame_0011_face_0_aug_1.jpg,02__walking_down_street_outside_angry\frame_0011_face_0_aug_1.jpg,02__walking_down_street_outside_angry,val
data\processed\augmented\02__walking_down_street_outside_angry\frame_0010_face_0_aug_1.jpg,02__walking_down_street_outside_angry\frame_0010_face_0_aug_1.jpg,02__walking_down_street_outside_angry,val
data\processed\augmented\02__walking_down_street_outside_angry\frame_0016_face_0_aug_1.jpg,02__walking_down_street_outside_angry\frame_0016_face_0_aug_1.jpg,02__walking_down_street_outside_angry,val
data\processed\augmented\02__walking_down_street_outside_angry\frame_0025_face_0_aug_1.jpg,02__walking_down_street_outside_angry\frame_0025_face_0_aug_1.jpg,02__walking_down_street_outside_angry,val
data\processed\augmented\02__walking_down_street_outside_angry\frame_0027_face_0_aug_0.jpg,02__walking_down_street_outside_angry\frame_0027_face_0_aug_0.jpg,02__walking_down_street_outside_angry,val
data\processed\augmented\02__walking_down_street_outside_angry\frame_0018_face_0_aug_1.jpg,02__walking_down_street_outside_angry\frame_0018_face_0_aug_1.jpg,02__walking_down_street_outside_angry,val
data\processed\augmented\02__walking_down_street_outside_angry\frame_0013_face_0_aug_1.jpg,02__walking_down_street_outside_angry\frame_0013_face_0_aug_1.jpg,02__walking_down_street_outside_angry,val
data\processed\augmented\02__walking_down_street_outside_angry\frame_0018_face_0_aug_2.jpg,02__walking_down_street_outside_angry\frame_0018_face_0_aug_2.jpg,02__walking_down_street_outside_angry,val
data\processed\augmented\03__exit_phone_room\frame_0005_face_0_aug_0.jpg,03__exit_phone_room\frame_0005_face_0_aug_0.jpg,03__exit_phone_room,val
data\processed\augmented\03__exit_phone_room\frame_0021_face_0_aug_0.jpg,03__exit_phone_room\frame_0021_face_0_aug_0.jpg,03__exit_phone_room,val
data\processed\augmented\03__exit_phone_room\frame_0011_face_0_aug_0.jpg,03__exit_phone_room\frame_0011_face_0_aug_0.jpg,03__exit_phone_room,val
data\processed\augmented\03__exit_phone_room\frame_0004_face_0_aug_1.jpg,03__exit_phone_room\frame_0004_face_0_aug_1.jpg,03__exit_phone_room,val
data\processed\augmented\03__exit_phone_room\frame_0024_face_0_aug_0.jpg,03__exit_phone_room\frame_0024_face_0_aug_0.jpg,03__exit_phone_room,val
data\processed\augmented\03__exit_phone_room\frame_0002_face_0_aug_2.jpg,03__exit_phone_room\frame_0002_face_0_aug_2.jpg,03__exit_phone_room,val
data\processed\augmented\03__exit_phone_room\frame_0018_face_0_aug_0.jpg,03__exit_phone_room\frame_0018_face_0_aug_0.jpg,03__exit_phone_room,val
data\processed\augmented\03__exit_phone_room\frame_0003_face_0_aug_0.jpg,03__exit_phone_room\frame_0003_face_0_aug_0.jpg,03__exit_phone_room,val
data\processed\augmented\03__exit_phone_room\frame_0011_face_0_aug_2.jpg,03__exit_phone_room\frame_0011_face_0_aug_2.jpg,03__exit_phone_room,val
data\processed\augmented\03__exit_phone_room\frame_0011_face_0_aug_1.jpg,03__exit_phone_room\frame_0011_face_0_aug_1.jpg,03__exit_phone_room,val
data\processed\augmented\03__exit_phone_room\frame_0023_face_0_aug_1.jpg,03__exit_phone_room\frame_0023_face_0_aug_1.jpg,03__exit_phone_room,val
data\processed\augmented\03__hugging_happy\frame_0016_face_0_aug_1.jpg,03__hugging_happy\frame_0016_face_0_aug_1.jpg,03__hugging_happy,val
data\processed\augmented\03__hugging_happy\frame_0012_face_0_aug_2.jpg,03__hugging_happy\frame_0012_face_0_aug_2.jpg,03__hugging_happy,val
data\processed\augmented\03__hugging_happy\frame_0011_face_0_aug_0.jpg,03__hugging_happy\frame_0011_face_0_aug_0.jpg,03__hugging_happy,val
data\processed\augmented\03__hugging_happy\frame_0004_face_0_aug_0.jpg,03__hugging_happy\frame_0004_face_0_aug_0.jpg,03__hugging_happy,val
data\processed\augmented\03__hugging_happy\frame_0016_face_0_aug_2.jpg,03__hugging_happy\frame_0016_face_0_aug_2.jpg,03__hugging_happy,val
data\processed\augmented\03__hugging_happy\frame_0020_face_0_aug_1.jpg,03__hugging_happy\frame_0020_face_0_aug_1.jpg,03__hugging_happy,val
data\processed\augmented\03__hugging_happy\frame_0007_face_0_aug_0.jpg,03__hugging_happy\frame_0007_face_0_aug_0.jpg,03__hugging_happy,val
data\processed\augmented\03__hugging_happy\frame_0016_face_0_aug_0.jpg,03__hugging_happy\frame_0016_face_0_aug_0.jpg,03__hugging_happy,val
data\processed\augmented\03__hugging_happy\frame_0024_face_0_aug_0.jpg,03__hugging_happy\frame_0024_face_0_aug_0.jpg,03__hugging_happy,val
data\processed\augmented\03__hugging_happy\frame_0028_face_0_aug_0.jpg,03__hugging_happy\frame_0028_face_0_aug_0.jpg,03__hugging_happy,val
data\processed\augmented\03__hugging_happy\frame_0007_face_0_aug_2.jpg,03__hugging_happy\frame_0007_face_0_aug_2.jpg,03__hugging_happy,val
data\processed\augmented\03__hugging_happy\frame_0027_face_0_aug_1.jpg,03__hugging_happy\frame_0027_face_0_aug_1.jpg,03__hugging_happy,val
data\processed\augmented\03__hugging_happy\frame_0001_face_0_aug_2.jpg,03__hugging_happy\frame_0001_face_0_aug_2.jpg,03__hugging_happy,val
data\processed\augmented\03__hugging_happy\frame_0022_face_0_aug_0.jpg,03__hugging_happy\frame_0022_face_0_aug_0.jpg,03__hugging_happy,val
data\processed\augmented\03__meeting_serious\frame_0016_face_0_aug_1.jpg,03__meeting_serious\frame_0016_face_0_aug_1.jpg,03__meeting_serious,val
data\processed\augmented\03__meeting_serious\frame_0012_face_0_aug_2.jpg,03__meeting_serious\frame_0012_face_0_aug_2.jpg,03__meeting_serious,val
data\processed\augmented\03__meeting_serious\frame_0011_face_0_aug_0.jpg,03__meeting_serious\frame_0011_face_0_aug_0.jpg,03__meeting_serious,val
data\processed\augmented\03__meeting_serious\frame_0004_face_0_aug_0.jpg,03__meeting_serious\frame_0004_face_0_aug_0.jpg,03__meeting_serious,val
data\processed\augmented\03__meeting_serious\frame_0016_face_0_aug_2.jpg,03__meeting_serious\frame_0016_face_0_aug_2.jpg,03__meeting_serious,val
data\processed\augmented\03__meeting_serious\frame_0020_face_0_aug_1.jpg,03__meeting_serious\frame_0020_face_0_aug_1.jpg,03__meeting_serious,val
data\processed\augmented\03__meeting_serious\frame_0007_face_0_aug_0.jpg,03__meeting_serious\frame_0007_face_0_aug_0.jpg,03__meeting_serious,val
data\processed\augmented\03__meeting_serious\frame_0016_face_0_aug_0.jpg,03__meeting_serious\frame_0016_face_0_aug_0.jpg,03__meeting_serious,val
data\processed\augmented\03__meeting_serious\frame_0024_face_0_aug_0.jpg,03__meeting_serious\frame_0024_face_0_aug_0.jpg,03__meeting_serious,val
data\processed\augmented\03__meeting_serious\frame_0028_face_0_aug_0.jpg,03__meeting_serious\frame_0028_face_0_aug_0.jpg,03__meeting_serious,val
data\processed\augmented\03__meeting_serious\frame_0007_face_0_aug_2.jpg,03__meeting_serious\frame_0007_face_0_aug_2.jpg,03__meeting_serious,val
data\processed\augmented\03__meeting_serious\frame_0027_face_0_aug_1.jpg,03__meeting_serious\frame_0027_face_0_aug_1.jpg,03__meeting_serious,val
data\processed\augmented\03__meeting_serious\frame_0001_face_0_aug_2.jpg,03__meeting_serious\frame_0001_face_0_aug_2.jpg,03__meeting_serious,val
data\processed\augmented\03__meeting_serious\frame_0022_face_0_aug_0.jpg,03__meeting_serious\frame_0022_face_0_aug_0.jpg,03__meeting_serious,val
data\processed\augmented\03__outside_talking_pan_laughing\frame_0016_face_0_aug_1.jpg,03__outside_talking_pan_laughing\frame_0016_face_0_aug_1.jpg,03__outside_talking_pan_laughing,val
data\processed\augmented\03__outside_talking_pan_laughing\frame_0012_face_0_aug_2.jpg,03__outside_talking_pan_laughing\frame_0012_face_0_aug_2.jpg,03__outside_talking_pan_laughing,val
data\processed\augmented\03__outside_talking_pan_laughing\frame_0011_face_0_aug_0.jpg,03__outside_talking_pan_laughing\frame_0011_face_0_aug_0.jpg,03__outside_talking_pan_laughing,val
data\processed\augmented\03__outside_talking_pan_laughing\frame_0004_face_0_aug_0.jpg,03__outside_talking_pan_laughing\frame_0004_face_0_aug_0.jpg,03__outside_talking_pan_laughing,val
data\processed\augmented\03__outside_talking_pan_laughing\frame_0016_face_0_aug_2.jpg,03__outside_talking_pan_laughing\frame_0016_face_0_aug_2.jpg,03__outside_talking_pan_laughing,val
data\processed\augmented\03__outside_talking_pan_laughing\frame_0020_face_0_aug_1.jpg,03__outside_talking_pan_laughing\frame_0020_face_0_aug_1.jpg,03__outside_talking_pan_laughing,val
data\processed\augmented\03__outside_talking_pan_laughing\frame_0007_face_0_aug_0.jpg,03__outside_talking_pan_laughing\frame_0007_face_0_aug_0.jpg,03__outside_talking_pan_laughing,val
data\processed\augmented\03__outside_talking_pan_laughing\frame_0016_face_0_aug_0.jpg,03__outside_talking_pan_laughing\frame_0016_face_0_aug_0.jpg,03__outside_talking_pan_laughing,val
data\processed\augmented\03__outside_talking_pan_laughing\frame_0024_face_0_aug_0.jpg,03__outside_talking_pan_laughing\frame_0024_face_0_aug_0.jpg,03__outside_talking_pan_laughing,val
data\processed\augmented\03__outside_talking_pan_laughing\frame_0028_face_0_aug_0.jpg,03__outside_talking_pan_laughing\frame_0028_face_0_aug_0.jpg,03__outside_talking_pan_laughing,val
data\processed\augmented\03__outside_talking_pan_laughing\frame_0007_face_0_aug_2.jpg,03__outside_talking_pan_laughing\frame_0007_face_0_aug_2.jpg,03__outside_talking_pan_laughing,val
data\processed\augmented\03__outside_talking_pan_laughing\frame_0027_face_0_aug_1.jpg,03__outside_talking_pan_laughing\frame_0027_face_0_aug_1.jpg,03__outside_talking_pan_laughing,val
data\processed\augmented\03__outside_talking_pan_laughing\frame_0001_face_0_aug_2.jpg,03__outside_talking_pan_laughing\frame_0001_face_0_aug_2.jpg,03__outside_talking_pan_laughing,val
data\processed\augmented\03__outside_talking_pan_laughing\frame_0022_face_0_aug_0.jpg,03__outside_talking_pan_laughing\frame_0022_face_0_aug_0.jpg,03__outside_talking_pan_laughing,val
data\processed\augmented\03__outside_talking_still_laughing\frame_0016_face_0_aug_1.jpg,03__outside_talking_still_laughing\frame_0016_face_0_aug_1.jpg,03__outside_talking_still_laughing,val
data\processed\augmented\03__outside_talking_still_laughing\frame_0012_face_0_aug_2.jpg,03__outside_talking_still_laughing\frame_0012_face_0_aug_2.jpg,03__outside_talking_still_laughing,val
data\processed\augmented\03__outside_talking_still_laughing\frame_0011_face_0_aug_0.jpg,03__outside_talking_still_laughing\frame_0011_face_0_aug_0.jpg,03__outside_talking_still_laughing,val
data\processed\augmented\03__outside_talking_still_laughing\frame_0004_face_0_aug_0.jpg,03__outside_talking_still_laughing\frame_0004_face_0_aug_0.jpg,03__outside_talking_still_laughing,val
data\processed\augmented\03__outside_talking_still_laughing\frame_0016_face_0_aug_2.jpg,03__outside_talking_still_laughing\frame_0016_face_0_aug_2.jpg,03__outside_talking_still_laughing,val
data\processed\augmented\03__outside_talking_still_laughing\frame_0020_face_0_aug_1.jpg,03__outside_talking_still_laughing\frame_0020_face_0_aug_1.jpg,03__outside_talking_still_laughing,val
data\processed\augmented\03__outside_talking_still_laughing\frame_0007_face_0_aug_0.jpg,03__outside_talking_still_laughing\frame_0007_face_0_aug_0.jpg,03__outside_talking_still_laughing,val
data\processed\augmented\03__outside_talking_still_laughing\frame_0016_face_0_aug_0.jpg,03__outside_talking_still_laughing\frame_0016_face_0_aug_0.jpg,03__outside_talking_still_laughing,val
data\processed\augmented\03__outside_talking_still_laughing\frame_0024_face_0_aug_0.jpg,03__outside_talking_still_laughing\frame_0024_face_0_aug_0.jpg,03__outside_talking_still_laughing,val
data\processed\augmented\03__outside_talking_still_laughing\frame_0028_face_0_aug_0.jpg,03__outside_talking_still_laughing\frame_0028_face_0_aug_0.jpg,03__outside_talking_still_laughing,val
data\processed\augmented\03__outside_talking_still_laughing\frame_0007_face_0_aug_2.jpg,03__outside_talking_still_laughing\frame_0007_face_0_aug_2.jpg,03__outside_talking_still_laughing,val
data\processed\augmented\03__outside_talking_still_laughing\frame_0027_face_0_aug_1.jpg,03__outside_talking_still_laughing\frame_0027_face_0_aug_1.jpg,03__outside_talking_still_laughing,val
data\processed\augmented\03__outside_talking_still_laughing\frame_0001_face_0_aug_2.jpg,03__outside_talking_still_laughing\frame_0001_face_0_aug_2.jpg,03__outside_talking_still_laughing,val
data\processed\augmented\03__outside_talking_still_laughing\frame_0022_face_0_aug_0.jpg,03__outside_talking_still_laughing\frame_0022_face_0_aug_0.jpg,03__outside_talking_still_laughing,val
data\processed\augmented\03__podium_speech_happy\frame_0016_face_0_aug_1.jpg,03__podium_speech_happy\frame_0016_face_0_aug_1.jpg,03__podium_speech_happy,val
data\processed\augmented\03__podium_speech_happy\frame_0012_face_0_aug_2.jpg,03__podium_speech_happy\frame_0012_face_0_aug_2.jpg,03__podium_speech_happy,val
data\processed\augmented\03__podium_speech_happy\frame_0011_face_0_aug_0.jpg,03__podium_speech_happy\frame_0011_face_0_aug_0.jpg,03__podium_speech_happy,val
data\processed\augmented\03__podium_speech_happy\frame_0004_face_0_aug_0.jpg,03__podium_speech_happy\frame_0004_face_0_aug_0.jpg,03__podium_speech_happy,val
data\processed\augmented\03__podium_speech_happy\frame_0016_face_0_aug_2.jpg,03__podium_speech_happy\frame_0016_face_0_aug_2.jpg,03__podium_speech_happy,val
data\processed\augmented\03__podium_speech_happy\frame_0020_face_0_aug_1.jpg,03__podium_speech_happy\frame_0020_face_0_aug_1.jpg,03__podium_speech_happy,val
data\processed\augmented\03__podium_speech_happy\frame_0007_face_0_aug_0.jpg,03__podium_speech_happy\frame_0007_face_0_aug_0.jpg,03__podium_speech_happy,val
data\processed\augmented\03__podium_speech_happy\frame_0016_face_0_aug_0.jpg,03__podium_speech_happy\frame_0016_face_0_aug_0.jpg,03__podium_speech_happy,val
data\processed\augmented\03__podium_speech_happy\frame_0024_face_0_aug_0.jpg,03__podium_speech_happy\frame_0024_face_0_aug_0.jpg,03__podium_speech_happy,val
data\processed\augmented\03__podium_speech_happy\frame_0028_face_0_aug_0.jpg,03__podium_speech_happy\frame_0028_face_0_aug_0.jpg,03__podium_speech_happy,val
data\processed\augmented\03__podium_speech_happy\frame_0007_face_0_aug_2.jpg,03__podium_speech_happy\frame_0007_face_0_aug_2.jpg,03__podium_speech_happy,val
data\processed\augmented\03__podium_speech_happy\frame_0027_face_0_aug_1.jpg,03__podium_speech_happy\frame_0027_face_0_aug_1.jpg,03__podium_speech_happy,val
data\processed\augmented\03__podium_speech_happy\frame_0001_face_0_aug_2.jpg,03__podium_speech_happy\frame_0001_face_0_aug_2.jpg,03__podium_speech_happy,val
data\processed\augmented\03__podium_speech_happy\frame_0022_face_0_aug_0.jpg,03__podium_speech_happy\frame_0022_face_0_aug_0.jpg,03__podium_speech_happy,val
data\processed\augmented\03__secret_conversation\frame_0016_face_0_aug_1.jpg,03__secret_conversation\frame_0016_face_0_aug_1.jpg,03__secret_conversation,val
data\processed\augmented\03__secret_conversation\frame_0012_face_0_aug_2.jpg,03__secret_conversation\frame_0012_face_0_aug_2.jpg,03__secret_conversation,val
data\processed\augmented\03__secret_conversation\frame_0011_face_0_aug_0.jpg,03__secret_conversation\frame_0011_face_0_aug_0.jpg,03__secret_conversation,val
data\processed\augmented\03__secret_conversation\frame_0004_face_0_aug_0.jpg,03__secret_conversation\frame_0004_face_0_aug_0.jpg,03__secret_conversation,val
data\processed\augmented\03__secret_conversation\frame_0016_face_0_aug_2.jpg,03__secret_conversation\frame_0016_face_0_aug_2.jpg,03__secret_conversation,val
data\processed\augmented\03__secret_conversation\frame_0020_face_0_aug_1.jpg,03__secret_conversation\frame_0020_face_0_aug_1.jpg,03__secret_conversation,val
data\processed\augmented\03__secret_conversation\frame_0007_face_0_aug_0.jpg,03__secret_conversation\frame_0007_face_0_aug_0.jpg,03__secret_conversation,val
data\processed\augmented\03__secret_conversation\frame_0016_face_0_aug_0.jpg,03__secret_conversation\frame_0016_face_0_aug_0.jpg,03__secret_conversation,val
data\processed\augmented\03__secret_conversation\frame_0024_face_0_aug_0.jpg,03__secret_conversation\frame_0024_face_0_aug_0.jpg,03__secret_conversation,val
data\processed\augmented\03__secret_conversation\frame_0028_face_0_aug_0.jpg,03__secret_conversation\frame_0028_face_0_aug_0.jpg,03__secret_conversation,val
data\processed\augmented\03__secret_conversation\frame_0007_face_0_aug_2.jpg,03__secret_conversation\frame_0007_face_0_aug_2.jpg,03__secret_conversation,val
data\processed\augmented\03__secret_conversation\frame_0027_face_0_aug_1.jpg,03__secret_conversation\frame_0027_face_0_aug_1.jpg,03__secret_conversation,val
data\processed\augmented\03__secret_conversation\frame_0001_face_0_aug_2.jpg,03__secret_conversation\frame_0001_face_0_aug_2.jpg,03__secret_conversation,val
data\processed\augmented\03__secret_conversation\frame_0022_face_0_aug_0.jpg,03__secret_conversation\frame_0022_face_0_aug_0.jpg,03__secret_conversation,val
data\processed\augmented\03__walking_and_outside_surprised\frame_0016_face_0_aug_1.jpg,03__walking_and_outside_surprised\frame_0016_face_0_aug_1.jpg,03__walking_and_outside_surprised,val
data\processed\augmented\03__walking_and_outside_surprised\frame_0012_face_0_aug_2.jpg,03__walking_and_outside_surprised\frame_0012_face_0_aug_2.jpg,03__walking_and_outside_surprised,val
data\processed\augmented\03__walking_and_outside_surprised\frame_0011_face_0_aug_0.jpg,03__walking_and_outside_surprised\frame_0011_face_0_aug_0.jpg,03__walking_and_outside_surprised,val
data\processed\augmented\03__walking_and_outside_surprised\frame_0004_face_0_aug_0.jpg,03__walking_and_outside_surprised\frame_0004_face_0_aug_0.jpg,03__walking_and_outside_surprised,val
data\processed\augmented\03__walking_and_outside_surprised\frame_0016_face_0_aug_2.jpg,03__walking_and_outside_surprised\frame_0016_face_0_aug_2.jpg,03__walking_and_outside_surprised,val
data\processed\augmented\03__walking_and_outside_surprised\frame_0020_face_0_aug_1.jpg,03__walking_and_outside_surprised\frame_0020_face_0_aug_1.jpg,03__walking_and_outside_surprised,val
data\processed\augmented\03__walking_and_outside_surprised\frame_0007_face_0_aug_0.jpg,03__walking_and_outside_surprised\frame_0007_face_0_aug_0.jpg,03__walking_and_outside_surprised,val
data\processed\augmented\03__walking_and_outside_surprised\frame_0016_face_0_aug_0.jpg,03__walking_and_outside_surprised\frame_0016_face_0_aug_0.jpg,03__walking_and_outside_surprised,val
data\processed\augmented\03__walking_and_outside_surprised\frame_0024_face_0_aug_0.jpg,03__walking_and_outside_surprised\frame_0024_face_0_aug_0.jpg,03__walking_and_outside_surprised,val
data\processed\augmented\03__walking_and_outside_surprised\frame_0028_face_0_aug_0.jpg,03__walking_and_outside_surprised\frame_0028_face_0_aug_0.jpg,03__walking_and_outside_surprised,val
data\processed\augmented\03__walking_and_outside_surprised\frame_0007_face_0_aug_2.jpg,03__walking_and_outside_surprised\frame_0007_face_0_aug_2.jpg,03__walking_and_outside_surprised,val
data\processed\augmented\03__walking_and_outside_surprised\frame_0027_face_0_aug_1.jpg,03__walking_and_outside_surprised\frame_0027_face_0_aug_1.jpg,03__walking_and_outside_surprised,val
data\processed\augmented\03__walking_and_outside_surprised\frame_0001_face_0_aug_2.jpg,03__walking_and_outside_surprised\frame_0001_face_0_aug_2.jpg,03__walking_and_outside_surprised,val
data\processed\augmented\03__walking_and_outside_surprised\frame_0022_face_0_aug_0.jpg,03__walking_and_outside_surprised\frame_0022_face_0_aug_0.jpg,03__walking_and_outside_surprised,val
data\processed\augmented\03__walking_outside_cafe_disgusted\frame_0023_face_0_aug_1.jpg,03__walking_outside_cafe_disgusted\frame_0023_face_0_aug_1.jpg,03__walking_outside_cafe_disgusted,val
data\processed\augmented\03__walking_outside_cafe_disgusted\frame_0028_face_0_aug_0.jpg,03__walking_outside_cafe_disgusted\frame_0028_face_0_aug_0.jpg,03__walking_outside_cafe_disgusted,val
data\processed\augmented\03__walking_outside_cafe_disgusted\frame_0027_face_0_aug_2.jpg,03__walking_outside_cafe_disgusted\frame_0027_face_0_aug_2.jpg,03__walking_outside_cafe_disgusted,val
data\processed\augmented\03__walking_outside_cafe_disgusted\frame_0026_face_0_aug_1.jpg,03__walking_outside_cafe_disgusted\frame_0026_face_0_aug_1.jpg,03__walking_outside_cafe_disgusted,val
data\processed\augmented\03__walking_outside_cafe_disgusted\frame_0022_face_0_aug_0.jpg,03__walking_outside_cafe_disgusted\frame_0022_face_0_aug_0.jpg,03__walking_outside_cafe_disgusted,val
data\processed\augmented\03__walking_outside_cafe_disgusted\frame_0028_face_0_aug_2.jpg,03__walking_outside_cafe_disgusted\frame_0028_face_0_aug_2.jpg,03__walking_outside_cafe_disgusted,val
data\processed\augmented\03__walking_outside_cafe_disgusted\frame_0010_face_0_aug_1.jpg,03__walking_outside_cafe_disgusted\frame_0010_face_0_aug_1.jpg,03__walking_outside_cafe_disgusted,val
data\processed\augmented\03__walking_outside_cafe_disgusted\frame_0003_face_0_aug_2.jpg,03__walking_outside_cafe_disgusted\frame_0003_face_0_aug_2.jpg,03__walking_outside_cafe_disgusted,val
data\processed\augmented\03__walking_outside_cafe_disgusted\frame_0017_face_0_aug_0.jpg,03__walking_outside_cafe_disgusted\frame_0017_face_0_aug_0.jpg,03__walking_outside_cafe_disgusted,val
data\processed\augmented\03__walking_outside_cafe_disgusted\frame_0023_face_0_aug_2.jpg,03__walking_outside_cafe_disgusted\frame_0023_face_0_aug_2.jpg,03__walking_outside_cafe_disgusted,val
data\processed\augmented\03__walking_outside_cafe_disgusted\frame_0006_face_0_aug_2.jpg,03__walking_outside_cafe_disgusted\frame_0006_face_0_aug_2.jpg,03__walking_outside_cafe_disgusted,val
data\processed\augmented\03__walking_outside_cafe_disgusted\frame_0014_face_0_aug_0.jpg,03__walking_outside_cafe_disgusted\frame_0014_face_0_aug_0.jpg,03__walking_outside_cafe_disgusted,val
data\processed\augmented\03__walking_outside_cafe_disgusted\frame_0008_face_0_aug_0.jpg,03__walking_outside_cafe_disgusted\frame_0008_face_0_aug_0.jpg,03__walking_outside_cafe_disgusted,val
data\processed\augmented\03__walk_down_hall_angry\frame_0014_face_0_aug_2.jpg,03__walk_down_hall_angry\frame_0014_face_0_aug_2.jpg,03__walk_down_hall_angry,val
data\processed\augmented\03__walk_down_hall_angry\frame_0023_face_0_aug_2.jpg,03__walk_down_hall_angry\frame_0023_face_0_aug_2.jpg,03__walk_down_hall_angry,val
data\processed\augmented\03__walk_down_hall_angry\frame_0021_face_0_aug_1.jpg,03__walk_down_hall_angry\frame_0021_face_0_aug_1.jpg,03__walk_down_hall_angry,val
data\processed\augmented\03__walk_down_hall_angry\frame_0019_face_0_aug_0.jpg,03__walk_down_hall_angry\frame_0019_face_0_aug_0.jpg,03__walk_down_hall_angry,val
data\processed\augmented\03__walk_down_hall_angry\frame_0015_face_0_aug_2.jpg,03__walk_down_hall_angry\frame_0015_face_0_aug_2.jpg,03__walk_down_hall_angry,val
data\processed\augmented\03__walk_down_hall_angry\frame_0008_face_0_aug_1.jpg,03__walk_down_hall_angry\frame_0008_face_0_aug_1.jpg,03__walk_down_hall_angry,val
data\processed\augmented\03__walk_down_hall_angry\frame_0021_face_0_aug_0.jpg,03__walk_down_hall_angry\frame_0021_face_0_aug_0.jpg,03__walk_down_hall_angry,val
data\processed\augmented\03__walk_down_hall_angry\frame_0016_face_0_aug_0.jpg,03__walk_down_hall_angry\frame_0016_face_0_aug_0.jpg,03__walk_down_hall_angry,val
data\processed\augmented\03__walk_down_hall_angry\frame_0013_face_0_aug_2.jpg,03__walk_down_hall_angry\frame_0013_face_0_aug_2.jpg,03__walk_down_hall_angry,val
data\processed\augmented\04__podium_speech_happy\frame_0016_face_0_aug_1.jpg,04__podium_speech_happy\frame_0016_face_0_aug_1.jpg,04__podium_speech_happy,val
data\processed\augmented\04__podium_speech_happy\frame_0012_face_0_aug_2.jpg,04__podium_speech_happy\frame_0012_face_0_aug_2.jpg,04__podium_speech_happy,val
data\processed\augmented\04__podium_speech_happy\frame_0011_face_0_aug_0.jpg,04__podium_speech_happy\frame_0011_face_0_aug_0.jpg,04__podium_speech_happy,val
data\processed\augmented\04__podium_speech_happy\frame_0004_face_0_aug_0.jpg,04__podium_speech_happy\frame_0004_face_0_aug_0.jpg,04__podium_speech_happy,val
data\processed\augmented\04__podium_speech_happy\frame_0016_face_0_aug_2.jpg,04__podium_speech_happy\frame_0016_face_0_aug_2.jpg,04__podium_speech_happy,val
data\processed\augmented\04__podium_speech_happy\frame_0020_face_0_aug_1.jpg,04__podium_speech_happy\frame_0020_face_0_aug_1.jpg,04__podium_speech_happy,val
data\processed\augmented\04__podium_speech_happy\frame_0007_face_0_aug_0.jpg,04__podium_speech_happy\frame_0007_face_0_aug_0.jpg,04__podium_speech_happy,val
data\processed\augmented\04__podium_speech_happy\frame_0016_face_0_aug_0.jpg,04__podium_speech_happy\frame_0016_face_0_aug_0.jpg,04__podium_speech_happy,val
data\processed\augmented\04__podium_speech_happy\frame_0024_face_0_aug_0.jpg,04__podium_speech_happy\frame_0024_face_0_aug_0.jpg,04__podium_speech_happy,val
data\processed\augmented\04__podium_speech_happy\frame_0028_face_0_aug_0.jpg,04__podium_speech_happy\frame_0028_face_0_aug_0.jpg,04__podium_speech_happy,val
data\processed\augmented\04__podium_speech_happy\frame_0007_face_0_aug_2.jpg,04__podium_speech_happy\frame_0007_face_0_aug_2.jpg,04__podium_speech_happy,val
data\processed\augmented\04__podium_speech_happy\frame_0027_face_0_aug_1.jpg,04__podium_speech_happy\frame_0027_face_0_aug_1.jpg,04__podium_speech_happy,val
data\processed\augmented\04__podium_speech_happy\frame_0001_face_0_aug_2.jpg,04__podium_speech_happy\frame_0001_face_0_aug_2.jpg,04__podium_speech_happy,val
data\processed\augmented\04__podium_speech_happy\frame_0022_face_0_aug_0.jpg,04__podium_speech_happy\frame_0022_face_0_aug_0.jpg,04__podium_speech_happy,val
data\processed\augmented\04__walk_down_hall_angry\frame_0009_face_0_aug_2.jpg,04__walk_down_hall_angry\frame_0009_face_0_aug_2.jpg,04__walk_down_hall_angry,val
data\processed\augmented\04__walk_down_hall_angry\frame_0010_face_0_aug_2.jpg,04__walk_down_hall_angry\frame_0010_face_0_aug_2.jpg,04__walk_down_hall_angry,val
data\processed\augmented\04__walk_down_hall_angry\frame_0008_face_0_aug_1.jpg,04__walk_down_hall_angry\frame_0008_face_0_aug_1.jpg,04__walk_down_hall_angry,val
data\processed\augmented\04__walk_down_hall_angry\frame_0009_face_0_aug_0.jpg,04__walk_down_hall_angry\frame_0009_face_0_aug_0.jpg,04__walk_down_hall_angry,val
data\processed\augmented\000\frame_0009_face_0_aug_0.jpg,000\frame_0009_face_0_aug_0.jpg,000,test
data\processed\augmented\000\frame_0013_face_0_aug_1.jpg,000\frame_0013_face_0_aug_1.jpg,000,test
data\processed\augmented\000\frame_0008_face_0_aug_2.jpg,000\frame_0008_face_0_aug_2.jpg,000,test
data\processed\augmented\000\frame_0014_face_0_aug_1.jpg,000\frame_0014_face_0_aug_1.jpg,000,test
data\processed\augmented\000\frame_0008_face_0_aug_0.jpg,000\frame_0008_face_0_aug_0.jpg,000,test
data\processed\augmented\000\frame_0012_face_0_aug_1.jpg,000\frame_0012_face_0_aug_1.jpg,000,test
data\processed\augmented\000\frame_0004_face_0_aug_0.jpg,000\frame_0004_face_0_aug_0.jpg,000,test
data\processed\augmented\000\frame_0006_face_0_aug_1.jpg,000\frame_0006_face_0_aug_1.jpg,000,test
data\processed\augmented\001\frame_0000_face_0_aug_0.jpg,001\frame_0000_face_0_aug_0.jpg,001,test
data\processed\augmented\001\frame_0001_face_0_aug_2.jpg,001\frame_0001_face_0_aug_2.jpg,001,test
data\processed\augmented\001\frame_0010_face_0_aug_0.jpg,001\frame_0010_face_0_aug_0.jpg,001,test
data\processed\augmented\001\frame_0004_face_0_aug_1.jpg,001\frame_0004_face_0_aug_1.jpg,001,test
data\processed\augmented\001\frame_0011_face_0_aug_1.jpg,001\frame_0011_face_0_aug_1.jpg,001,test
data\processed\augmented\001\frame_0018_face_0_aug_1.jpg,001\frame_0018_face_0_aug_1.jpg,001,test
data\processed\augmented\001\frame_0009_face_0_aug_0.jpg,001\frame_0009_face_0_aug_0.jpg,001,test
data\processed\augmented\001\frame_0010_face_0_aug_1.jpg,001\frame_0010_face_0_aug_1.jpg,001,test
data\processed\augmented\001\frame_0015_face_0_aug_0.jpg,001\frame_0015_face_0_aug_0.jpg,001,test
data\processed\augmented\002\frame_0024_face_0_aug_1.jpg,002\frame_0024_face_0_aug_1.jpg,002,test
data\processed\augmented\002\frame_0000_face_0_aug_0.jpg,002\frame_0000_face_0_aug_0.jpg,002,test
data\processed\augmented\002\frame_0019_face_0_aug_1.jpg,002\frame_0019_face_0_aug_1.jpg,002,test
data\processed\augmented\002\frame_0007_face_0_aug_1.jpg,002\frame_0007_face_0_aug_1.jpg,002,test
data\processed\augmented\002\frame_0004_face_0_aug_0.jpg,002\frame_0004_face_0_aug_0.jpg,002,test
data\processed\augmented\002\frame_0023_face_0_aug_1.jpg,002\frame_0023_face_0_aug_1.jpg,002,test
data\processed\augmented\002\frame_0003_face_0_aug_1.jpg,002\frame_0003_face_0_aug_1.jpg,002,test
data\processed\augmented\002\frame_0006_face_0_aug_0.jpg,002\frame_0006_face_0_aug_0.jpg,002,test
data\processed\augmented\002\frame_0001_face_0_aug_1.jpg,002\frame_0001_face_0_aug_1.jpg,002,test
data\processed\augmented\002\frame_0021_face_0_aug_2.jpg,002\frame_0021_face_0_aug_2.jpg,002,test
data\processed\augmented\002\frame_0013_face_0_aug_1.jpg,002\frame_0013_face_0_aug_1.jpg,002,test
data\processed\augmented\002\frame_0015_face_0_aug_2.jpg,002\frame_0015_face_0_aug_2.jpg,002,test
data\processed\augmented\002\frame_0011_face_0_aug_2.jpg,002\frame_0011_face_0_aug_2.jpg,002,test
data\processed\augmented\003\frame_0011_face_0_aug_2.jpg,003\frame_0011_face_0_aug_2.jpg,003,test
data\processed\augmented\003\frame_0004_face_0_aug_1.jpg,003\frame_0004_face_0_aug_1.jpg,003,test
data\processed\augmented\003\frame_0008_face_0_aug_2.jpg,003\frame_0008_face_0_aug_2.jpg,003,test
data\processed\augmented\003\frame_0010_face_0_aug_0.jpg,003\frame_0010_face_0_aug_0.jpg,003,test
data\processed\augmented\003\frame_0005_face_0_aug_1.jpg,003\frame_0005_face_0_aug_1.jpg,003,test
data\processed\augmented\003\frame_0010_face_0_aug_1.jpg,003\frame_0010_face_0_aug_1.jpg,003,test
data\processed\augmented\004\frame_0011_face_0_aug_2.jpg,004\frame_0011_face_0_aug_2.jpg,004,test
data\processed\augmented\004\frame_0004_face_0_aug_1.jpg,004\frame_0004_face_0_aug_1.jpg,004,test
data\processed\augmented\004\frame_0008_face_0_aug_2.jpg,004\frame_0008_face_0_aug_2.jpg,004,test
data\processed\augmented\004\frame_0010_face_0_aug_0.jpg,004\frame_0010_face_0_aug_0.jpg,004,test
data\processed\augmented\004\frame_0005_face_0_aug_1.jpg,004\frame_0005_face_0_aug_1.jpg,004,test
data\processed\augmented\004\frame_0010_face_0_aug_1.jpg,004\frame_0010_face_0_aug_1.jpg,004,test
data\processed\augmented\005\frame_0009_face_0_aug_0.jpg,005\frame_0009_face_0_aug_0.jpg,005,test
data\processed\augmented\005\frame_0013_face_0_aug_1.jpg,005\frame_0013_face_0_aug_1.jpg,005,test
data\processed\augmented\005\frame_0008_face_0_aug_2.jpg,005\frame_0008_face_0_aug_2.jpg,005,test
data\processed\augmented\005\frame_0014_face_0_aug_1.jpg,005\frame_0014_face_0_aug_1.jpg,005,test
data\processed\augmented\005\frame_0008_face_0_aug_0.jpg,005\frame_0008_face_0_aug_0.jpg,005,test
data\processed\augmented\005\frame_0012_face_0_aug_1.jpg,005\frame_0012_face_0_aug_1.jpg,005,test
data\processed\augmented\005\frame_0004_face_0_aug_0.jpg,005\frame_0004_face_0_aug_0.jpg,005,test
data\processed\augmented\005\frame_0006_face_0_aug_1.jpg,005\frame_0006_face_0_aug_1.jpg,005,test
data\processed\augmented\006\frame_0011_face_0_aug_2.jpg,006\frame_0011_face_0_aug_2.jpg,006,test
data\processed\augmented\006\frame_0004_face_0_aug_1.jpg,006\frame_0004_face_0_aug_1.jpg,006,test
data\processed\augmented\006\frame_0008_face_0_aug_2.jpg,006\frame_0008_face_0_aug_2.jpg,006,test
data\processed\augmented\006\frame_0010_face_0_aug_0.jpg,006\frame_0010_face_0_aug_0.jpg,006,test
data\processed\augmented\006\frame_0005_face_0_aug_1.jpg,006\frame_0005_face_0_aug_1.jpg,006,test
data\processed\augmented\006\frame_0010_face_0_aug_1.jpg,006\frame_0010_face_0_aug_1.jpg,006,test
data\processed\augmented\007\frame_0020_face_0_aug_1.jpg,007\frame_0020_face_0_aug_1.jpg,007,test
data\processed\augmented\007\frame_0019_face_0_aug_0.jpg,007\frame_0019_face_0_aug_0.jpg,007,test
data\processed\augmented\007\frame_0000_face_0_aug_0.jpg,007\frame_0000_face_0_aug_0.jpg,007,test
data\processed\augmented\007\frame_0014_face_0_aug_1.jpg,007\frame_0014_face_0_aug_1.jpg,007,test
data\processed\augmented\007\frame_0001_face_0_aug_2.jpg,007\frame_0001_face_0_aug_2.jpg,007,test
data\processed\augmented\007\frame_0012_face_0_aug_0.jpg,007\frame_0012_face_0_aug_0.jpg,007,test
data\processed\augmented\007\frame_0005_face_0_aug_1.jpg,007\frame_0005_face_0_aug_1.jpg,007,test
data\processed\augmented\007\frame_0004_face_0_aug_0.jpg,007\frame_0004_face_0_aug_0.jpg,007,test
data\processed\augmented\007\frame_0008_face_0_aug_1.jpg,007\frame_0008_face_0_aug_1.jpg,007,test
data\processed\augmented\007\frame_0020_face_0_aug_0.jpg,007\frame_0020_face_0_aug_0.jpg,007,test
data\processed\augmented\008\frame_0001_face_0_aug_1.jpg,008\frame_0001_face_0_aug_1.jpg,008,test
data\processed\augmented\008\frame_0020_face_0_aug_2.jpg,008\frame_0020_face_0_aug_2.jpg,008,test
data\processed\augmented\008\frame_0006_face_0_aug_0.jpg,008\frame_0006_face_0_aug_0.jpg,008,test
data\processed\augmented\008\frame_0000_face_0_aug_0.jpg,008\frame_0000_face_0_aug_0.jpg,008,test
data\processed\augmented\008\frame_0009_face_0_aug_1.jpg,008\frame_0009_face_0_aug_1.jpg,008,test
data\processed\augmented\008\frame_0016_face_0_aug_2.jpg,008\frame_0016_face_0_aug_2.jpg,008,test
data\processed\augmented\008\frame_0003_face_0_aug_1.jpg,008\frame_0003_face_0_aug_1.jpg,008,test
data\processed\augmented\008\frame_0011_face_0_aug_1.jpg,008\frame_0011_face_0_aug_1.jpg,008,test
data\processed\augmented\008\frame_0004_face_0_aug_0.jpg,008\frame_0004_face_0_aug_0.jpg,008,test
data\processed\augmented\008\frame_0018_face_0_aug_0.jpg,008\frame_0018_face_0_aug_0.jpg,008,test
data\processed\augmented\008\frame_0015_face_0_aug_2.jpg,008\frame_0015_face_0_aug_2.jpg,008,test
data\processed\augmented\009\frame_0001_face_0_aug_1.jpg,009\frame_0001_face_0_aug_1.jpg,009,test
data\processed\augmented\009\frame_0020_face_0_aug_2.jpg,009\frame_0020_face_0_aug_2.jpg,009,test
data\processed\augmented\009\frame_0006_face_0_aug_0.jpg,009\frame_0006_face_0_aug_0.jpg,009,test
data\processed\augmented\009\frame_0000_face_0_aug_0.jpg,009\frame_0000_face_0_aug_0.jpg,009,test
data\processed\augmented\009\frame_0009_face_0_aug_1.jpg,009\frame_0009_face_0_aug_1.jpg,009,test
data\processed\augmented\009\frame_0016_face_0_aug_2.jpg,009\frame_0016_face_0_aug_2.jpg,009,test
data\processed\augmented\009\frame_0003_face_0_aug_1.jpg,009\frame_0003_face_0_aug_1.jpg,009,test
data\processed\augmented\009\frame_0011_face_0_aug_1.jpg,009\frame_0011_face_0_aug_1.jpg,009,test
data\processed\augmented\009\frame_0004_face_0_aug_0.jpg,009\frame_0004_face_0_aug_0.jpg,009,test
data\processed\augmented\009\frame_0018_face_0_aug_0.jpg,009\frame_0018_face_0_aug_0.jpg,009,test
data\processed\augmented\009\frame_0015_face_0_aug_2.jpg,009\frame_0015_face_0_aug_2.jpg,009,test
data\processed\augmented\010\frame_0000_face_0_aug_0.jpg,010\frame_0000_face_0_aug_0.jpg,010,test
data\processed\augmented\010\frame_0001_face_0_aug_2.jpg,010\frame_0001_face_0_aug_2.jpg,010,test
data\processed\augmented\010\frame_0010_face_0_aug_0.jpg,010\frame_0010_face_0_aug_0.jpg,010,test
data\processed\augmented\010\frame_0004_face_0_aug_1.jpg,010\frame_0004_face_0_aug_1.jpg,010,test
data\processed\augmented\010\frame_0011_face_0_aug_1.jpg,010\frame_0011_face_0_aug_1.jpg,010,test
data\processed\augmented\010\frame_0018_face_0_aug_1.jpg,010\frame_0018_face_0_aug_1.jpg,010,test
data\processed\augmented\010\frame_0009_face_0_aug_0.jpg,010\frame_0009_face_0_aug_0.jpg,010,test
data\processed\augmented\010\frame_0010_face_0_aug_1.jpg,010\frame_0010_face_0_aug_1.jpg,010,test
data\processed\augmented\010\frame_0015_face_0_aug_0.jpg,010\frame_0015_face_0_aug_0.jpg,010,test
data\processed\augmented\011\frame_0011_face_0_aug_0.jpg,011\frame_0011_face_0_aug_0.jpg,011,test
data\processed\augmented\011\frame_0000_face_0_aug_0.jpg,011\frame_0000_face_0_aug_0.jpg,011,test
data\processed\augmented\011\frame_0011_face_0_aug_1.jpg,011\frame_0011_face_0_aug_1.jpg,011,test
data\processed\augmented\011\frame_0004_face_0_aug_0.jpg,011\frame_0004_face_0_aug_0.jpg,011,test
data\processed\augmented\011\frame_0003_face_0_aug_1.jpg,011\frame_0003_face_0_aug_1.jpg,011,test
data\processed\augmented\011\frame_0025_face_0_aug_2.jpg,011\frame_0025_face_0_aug_2.jpg,011,test
data\processed\augmented\011\frame_0010_face_0_aug_0.jpg,011\frame_0010_face_0_aug_0.jpg,011,test
data\processed\augmented\011\frame_0001_face_0_aug_1.jpg,011\frame_0001_face_0_aug_1.jpg,011,test
data\processed\augmented\011\frame_0016_face_0_aug_1.jpg,011\frame_0016_face_0_aug_1.jpg,011,test
data\processed\augmented\011\frame_0022_face_0_aug_0.jpg,011\frame_0022_face_0_aug_0.jpg,011,test
data\processed\augmented\011\frame_0020_face_0_aug_1.jpg,011\frame_0020_face_0_aug_1.jpg,011,test
data\processed\augmented\011\frame_0007_face_0_aug_1.jpg,011\frame_0007_face_0_aug_1.jpg,011,test
data\processed\augmented\012\frame_0013_face_0_aug_0.jpg,012\frame_0013_face_0_aug_0.jpg,012,test
data\processed\augmented\012\frame_0008_face_0_aug_1.jpg,012\frame_0008_face_0_aug_1.jpg,012,test
data\processed\augmented\012\frame_0008_face_0_aug_2.jpg,012\frame_0008_face_0_aug_2.jpg,012,test
data\processed\augmented\012\frame_0014_face_0_aug_1.jpg,012\frame_0014_face_0_aug_1.jpg,012,test
data\processed\augmented\012\frame_0011_face_0_aug_2.jpg,012\frame_0011_face_0_aug_2.jpg,012,test
data\processed\augmented\012\frame_0013_face_0_aug_2.jpg,012\frame_0013_face_0_aug_2.jpg,012,test
data\processed\augmented\012\frame_0001_face_0_aug_1.jpg,012\frame_0001_face_0_aug_1.jpg,012,test
data\processed\augmented\013\frame_0011_face_0_aug_0.jpg,013\frame_0011_face_0_aug_0.jpg,013,test
data\processed\augmented\013\frame_0012_face_0_aug_0.jpg,013\frame_0012_face_0_aug_0.jpg,013,test
data\processed\augmented\013\frame_0001_face_0_aug_1.jpg,013\frame_0001_face_0_aug_1.jpg,013,test
data\processed\augmented\013\frame_0004_face_0_aug_1.jpg,013\frame_0004_face_0_aug_1.jpg,013,test
data\processed\augmented\013\frame_0010_face_0_aug_0.jpg,013\frame_0010_face_0_aug_0.jpg,013,test
data\processed\augmented\013\frame_0008_face_0_aug_2.jpg,013\frame_0008_face_0_aug_2.jpg,013,test
data\processed\augmented\014\frame_0012_face_0_aug_0.jpg,014\frame_0012_face_0_aug_0.jpg,014,test
data\processed\augmented\014\frame_0000_face_0_aug_0.jpg,014\frame_0000_face_0_aug_0.jpg,014,test
data\processed\augmented\014\frame_0012_face_0_aug_1.jpg,014\frame_0012_face_0_aug_1.jpg,014,test
data\processed\augmented\014\frame_0004_face_0_aug_0.jpg,014\frame_0004_face_0_aug_0.jpg,014,test
data\processed\augmented\014\frame_0003_face_0_aug_1.jpg,014\frame_0003_face_0_aug_1.jpg,014,test
data\processed\augmented\014\frame_0027_face_0_aug_2.jpg,014\frame_0027_face_0_aug_2.jpg,014,test
data\processed\augmented\014\frame_0011_face_0_aug_0.jpg,014\frame_0011_face_0_aug_0.jpg,014,test
data\processed\augmented\014\frame_0001_face_0_aug_1.jpg,014\frame_0001_face_0_aug_1.jpg,014,test
data\processed\augmented\014\frame_0017_face_0_aug_1.jpg,014\frame_0017_face_0_aug_1.jpg,014,test
data\processed\augmented\014\frame_0023_face_0_aug_0.jpg,014\frame_0023_face_0_aug_0.jpg,014,test
data\processed\augmented\014\frame_0021_face_0_aug_1.jpg,014\frame_0021_face_0_aug_1.jpg,014,test
data\processed\augmented\014\frame_0008_face_0_aug_1.jpg,014\frame_0008_face_0_aug_1.jpg,014,test
data\processed\augmented\015\frame_0006_face_0_aug_1.jpg,015\frame_0006_face_0_aug_1.jpg,015,test
data\processed\augmented\015\frame_0016_face_0_aug_1.jpg,015\frame_0016_face_0_aug_1.jpg,015,test
data\processed\augmented\015\frame_0016_face_0_aug_0.jpg,015\frame_0016_face_0_aug_0.jpg,015,test
data\processed\augmented\015\frame_0004_face_0_aug_0.jpg,015\frame_0004_face_0_aug_0.jpg,015,test
data\processed\augmented\015\frame_0014_face_0_aug_2.jpg,015\frame_0014_face_0_aug_2.jpg,015,test
data\processed\augmented\015\frame_0001_face_0_aug_2.jpg,015\frame_0001_face_0_aug_2.jpg,015,test
data\processed\augmented\015\frame_0005_face_0_aug_2.jpg,015\frame_0005_face_0_aug_2.jpg,015,test
data\processed\augmented\015\frame_0017_face_0_aug_1.jpg,015\frame_0017_face_0_aug_1.jpg,015,test
data\processed\augmented\015\frame_0001_face_0_aug_0.jpg,015\frame_0001_face_0_aug_0.jpg,015,test
data\processed\augmented\016\frame_0024_face_0_aug_1.jpg,016\frame_0024_face_0_aug_1.jpg,016,test
data\processed\augmented\016\frame_0000_face_0_aug_0.jpg,016\frame_0000_face_0_aug_0.jpg,016,test
data\processed\augmented\016\frame_0019_face_0_aug_1.jpg,016\frame_0019_face_0_aug_1.jpg,016,test
data\processed\augmented\016\frame_0007_face_0_aug_1.jpg,016\frame_0007_face_0_aug_1.jpg,016,test
data\processed\augmented\016\frame_0004_face_0_aug_0.jpg,016\frame_0004_face_0_aug_0.jpg,016,test
data\processed\augmented\016\frame_0023_face_0_aug_1.jpg,016\frame_0023_face_0_aug_1.jpg,016,test
data\processed\augmented\016\frame_0003_face_0_aug_1.jpg,016\frame_0003_face_0_aug_1.jpg,016,test
data\processed\augmented\016\frame_0006_face_0_aug_0.jpg,016\frame_0006_face_0_aug_0.jpg,016,test
data\processed\augmented\016\frame_0001_face_0_aug_1.jpg,016\frame_0001_face_0_aug_1.jpg,016,test
data\processed\augmented\016\frame_0021_face_0_aug_2.jpg,016\frame_0021_face_0_aug_2.jpg,016,test
data\processed\augmented\016\frame_0013_face_0_aug_1.jpg,016\frame_0013_face_0_aug_1.jpg,016,test
data\processed\augmented\016\frame_0015_face_0_aug_2.jpg,016\frame_0015_face_0_aug_2.jpg,016,test
data\processed\augmented\016\frame_0011_face_0_aug_2.jpg,016\frame_0011_face_0_aug_2.jpg,016,test
data\processed\augmented\017\frame_0009_face_0_aug_0.jpg,017\frame_0009_face_0_aug_0.jpg,017,test
data\processed\augmented\017\frame_0013_face_0_aug_1.jpg,017\frame_0013_face_0_aug_1.jpg,017,test
data\processed\augmented\017\frame_0008_face_0_aug_2.jpg,017\frame_0008_face_0_aug_2.jpg,017,test
data\processed\augmented\017\frame_0014_face_0_aug_1.jpg,017\frame_0014_face_0_aug_1.jpg,017,test
data\processed\augmented\017\frame_0008_face_0_aug_0.jpg,017\frame_0008_face_0_aug_0.jpg,017,test
data\processed\augmented\017\frame_0012_face_0_aug_1.jpg,017\frame_0012_face_0_aug_1.jpg,017,test
data\processed\augmented\017\frame_0004_face_0_aug_0.jpg,017\frame_0004_face_0_aug_0.jpg,017,test
data\processed\augmented\017\frame_0006_face_0_aug_1.jpg,017\frame_0006_face_0_aug_1.jpg,017,test
data\processed\augmented\018\frame_0006_face_0_aug_1.jpg,018\frame_0006_face_0_aug_1.jpg,018,test
data\processed\augmented\018\frame_0016_face_0_aug_1.jpg,018\frame_0016_face_0_aug_1.jpg,018,test
data\processed\augmented\018\frame_0016_face_0_aug_0.jpg,018\frame_0016_face_0_aug_0.jpg,018,test
data\processed\augmented\018\frame_0004_face_0_aug_0.jpg,018\frame_0004_face_0_aug_0.jpg,018,test
data\processed\augmented\018\frame_0014_face_0_aug_2.jpg,018\frame_0014_face_0_aug_2.jpg,018,test
data\processed\augmented\018\frame_0001_face_0_aug_2.jpg,018\frame_0001_face_0_aug_2.jpg,018,test
data\processed\augmented\018\frame_0005_face_0_aug_2.jpg,018\frame_0005_face_0_aug_2.jpg,018,test
data\processed\augmented\018\frame_0017_face_0_aug_1.jpg,018\frame_0017_face_0_aug_1.jpg,018,test
data\processed\augmented\018\frame_0001_face_0_aug_0.jpg,018\frame_0001_face_0_aug_0.jpg,018,test
data\processed\augmented\019\frame_0013_face_0_aug_1.jpg,019\frame_0013_face_0_aug_1.jpg,019,test
data\processed\augmented\019\frame_0007_face_0_aug_1.jpg,019\frame_0007_face_0_aug_1.jpg,019,test
data\processed\augmented\019\frame_0018_face_0_aug_1.jpg,019\frame_0018_face_0_aug_1.jpg,019,test
data\processed\augmented\019\frame_0023_face_0_aug_1.jpg,019\frame_0023_face_0_aug_1.jpg,019,test
data\processed\augmented\019\frame_0000_face_0_aug_0.jpg,019\frame_0000_face_0_aug_0.jpg,019,test
data\processed\augmented\019\frame_0008_face_0_aug_2.jpg,019\frame_0008_face_0_aug_2.jpg,019,test
data\processed\augmented\019\frame_0013_face_0_aug_0.jpg,019\frame_0013_face_0_aug_0.jpg,019,test
data\processed\augmented\019\frame_0021_face_0_aug_2.jpg,019\frame_0021_face_0_aug_2.jpg,019,test
data\processed\augmented\019\frame_0003_face_0_aug_1.jpg,019\frame_0003_face_0_aug_1.jpg,019,test
data\processed\augmented\019\frame_0014_face_0_aug_2.jpg,019\frame_0014_face_0_aug_2.jpg,019,test
data\processed\augmented\019\frame_0027_face_0_aug_0.jpg,019\frame_0027_face_0_aug_0.jpg,019,test
data\processed\augmented\019\frame_0011_face_0_aug_2.jpg,019\frame_0011_face_0_aug_2.jpg,019,test
data\processed\augmented\019\frame_0018_face_0_aug_2.jpg,019\frame_0018_face_0_aug_2.jpg,019,test
data\processed\augmented\019\frame_0028_face_0_aug_2.jpg,019\frame_0028_face_0_aug_2.jpg,019,test
data\processed\augmented\01__hugging_happy\frame_0013_face_0_aug_1.jpg,01__hugging_happy\frame_0013_face_0_aug_1.jpg,01__hugging_happy,test
data\processed\augmented\01__hugging_happy\frame_0007_face_0_aug_1.jpg,01__hugging_happy\frame_0007_face_0_aug_1.jpg,01__hugging_happy,test
data\processed\augmented\01__hugging_happy\frame_0018_face_0_aug_1.jpg,01__hugging_happy\frame_0018_face_0_aug_1.jpg,01__hugging_happy,test
data\processed\augmented\01__hugging_happy\frame_0023_face_0_aug_1.jpg,01__hugging_happy\frame_0023_face_0_aug_1.jpg,01__hugging_happy,test
data\processed\augmented\01__hugging_happy\frame_0000_face_0_aug_0.jpg,01__hugging_happy\frame_0000_face_0_aug_0.jpg,01__hugging_happy,test
data\processed\augmented\01__hugging_happy\frame_0008_face_0_aug_2.jpg,01__hugging_happy\frame_0008_face_0_aug_2.jpg,01__hugging_happy,test
data\processed\augmented\01__hugging_happy\frame_0013_face_0_aug_0.jpg,01__hugging_happy\frame_0013_face_0_aug_0.jpg,01__hugging_happy,test
data\processed\augmented\01__hugging_happy\frame_0021_face_0_aug_2.jpg,01__hugging_happy\frame_0021_face_0_aug_2.jpg,01__hugging_happy,test
data\processed\augmented\01__hugging_happy\frame_0003_face_0_aug_1.jpg,01__hugging_happy\frame_0003_face_0_aug_1.jpg,01__hugging_happy,test
data\processed\augmented\01__hugging_happy\frame_0014_face_0_aug_2.jpg,01__hugging_happy\frame_0014_face_0_aug_2.jpg,01__hugging_happy,test
data\processed\augmented\01__hugging_happy\frame_0027_face_0_aug_0.jpg,01__hugging_happy\frame_0027_face_0_aug_0.jpg,01__hugging_happy,test
data\processed\augmented\01__hugging_happy\frame_0011_face_0_aug_2.jpg,01__hugging_happy\frame_0011_face_0_aug_2.jpg,01__hugging_happy,test
data\processed\augmented\01__hugging_happy\frame_0018_face_0_aug_2.jpg,01__hugging_happy\frame_0018_face_0_aug_2.jpg,01__hugging_happy,test
data\processed\augmented\01__hugging_happy\frame_0028_face_0_aug_2.jpg,01__hugging_happy\frame_0028_face_0_aug_2.jpg,01__hugging_happy,test
data\processed\augmented\01__kitchen_pan\frame_0018_face_0_aug_0.jpg,01__kitchen_pan\frame_0018_face_0_aug_0.jpg,01__kitchen_pan,test
data\processed\augmented\01__kitchen_pan\frame_0020_face_0_aug_2.jpg,01__kitchen_pan\frame_0020_face_0_aug_2.jpg,01__kitchen_pan,test
data\processed\augmented\01__kitchen_pan\frame_0000_face_0_aug_0.jpg,01__kitchen_pan\frame_0000_face_0_aug_0.jpg,01__kitchen_pan,test
data\processed\augmented\01__kitchen_pan\frame_0015_face_0_aug_0.jpg,01__kitchen_pan\frame_0015_face_0_aug_0.jpg,01__kitchen_pan,test
data\processed\augmented\01__kitchen_pan\frame_0001_face_0_aug_2.jpg,01__kitchen_pan\frame_0001_face_0_aug_2.jpg,01__kitchen_pan,test
data\processed\augmented\01__kitchen_pan\frame_0021_face_0_aug_0.jpg,01__kitchen_pan\frame_0021_face_0_aug_0.jpg,01__kitchen_pan,test
data\processed\augmented\01__kitchen_pan\frame_0005_face_0_aug_1.jpg,01__kitchen_pan\frame_0005_face_0_aug_1.jpg,01__kitchen_pan,test
data\processed\augmented\01__kitchen_pan\frame_0004_face_0_aug_0.jpg,01__kitchen_pan\frame_0004_face_0_aug_0.jpg,01__kitchen_pan,test
data\processed\augmented\01__kitchen_pan\frame_0021_face_0_aug_2.jpg,01__kitchen_pan\frame_0021_face_0_aug_2.jpg,01__kitchen_pan,test
data\processed\augmented\01__kitchen_pan\frame_0010_face_0_aug_0.jpg,01__kitchen_pan\frame_0010_face_0_aug_0.jpg,01__kitchen_pan,test
data\processed\augmented\01__kitchen_still\frame_0013_face_0_aug_1.jpg,01__kitchen_still\frame_0013_face_0_aug_1.jpg,01__kitchen_still,test
data\processed\augmented\01__kitchen_still\frame_0007_face_0_aug_1.jpg,01__kitchen_still\frame_0007_face_0_aug_1.jpg,01__kitchen_still,test
data\processed\augmented\01__kitchen_still\frame_0018_face_0_aug_1.jpg,01__kitchen_still\frame_0018_face_0_aug_1.jpg,01__kitchen_still,test
data\processed\augmented\01__kitchen_still\frame_0023_face_0_aug_1.jpg,01__kitchen_still\frame_0023_face_0_aug_1.jpg,01__kitchen_still,test
data\processed\augmented\01__kitchen_still\frame_0000_face_0_aug_0.jpg,01__kitchen_still\frame_0000_face_0_aug_0.jpg,01__kitchen_still,test
data\processed\augmented\01__kitchen_still\frame_0008_face_0_aug_2.jpg,01__kitchen_still\frame_0008_face_0_aug_2.jpg,01__kitchen_still,test
data\processed\augmented\01__kitchen_still\frame_0013_face_0_aug_0.jpg,01__kitchen_still\frame_0013_face_0_aug_0.jpg,01__kitchen_still,test
data\processed\augmented\01__kitchen_still\frame_0021_face_0_aug_2.jpg,01__kitchen_still\frame_0021_face_0_aug_2.jpg,01__kitchen_still,test
data\processed\augmented\01__kitchen_still\frame_0003_face_0_aug_1.jpg,01__kitchen_still\frame_0003_face_0_aug_1.jpg,01__kitchen_still,test
data\processed\augmented\01__kitchen_still\frame_0014_face_0_aug_2.jpg,01__kitchen_still\frame_0014_face_0_aug_2.jpg,01__kitchen_still,test
data\processed\augmented\01__kitchen_still\frame_0027_face_0_aug_0.jpg,01__kitchen_still\frame_0027_face_0_aug_0.jpg,01__kitchen_still,test
data\processed\augmented\01__kitchen_still\frame_0011_face_0_aug_2.jpg,01__kitchen_still\frame_0011_face_0_aug_2.jpg,01__kitchen_still,test
data\processed\augmented\01__kitchen_still\frame_0018_face_0_aug_2.jpg,01__kitchen_still\frame_0018_face_0_aug_2.jpg,01__kitchen_still,test
data\processed\augmented\01__kitchen_still\frame_0028_face_0_aug_2.jpg,01__kitchen_still\frame_0028_face_0_aug_2.jpg,01__kitchen_still,test
data\processed\augmented\01__outside_talking_pan_laughing\frame_0001_face_0_aug_1.jpg,01__outside_talking_pan_laughing\frame_0001_face_0_aug_1.jpg,01__outside_talking_pan_laughing,test
data\processed\augmented\01__outside_talking_pan_laughing\frame_0021_face_0_aug_0.jpg,01__outside_talking_pan_laughing\frame_0021_face_0_aug_0.jpg,01__outside_talking_pan_laughing,test
data\processed\augmented\01__outside_talking_pan_laughing\frame_0003_face_0_aug_1.jpg,01__outside_talking_pan_laughing\frame_0003_face_0_aug_1.jpg,01__outside_talking_pan_laughing,test
data\processed\augmented\01__outside_talking_pan_laughing\frame_0000_face_0_aug_0.jpg,01__outside_talking_pan_laughing\frame_0000_face_0_aug_0.jpg,01__outside_talking_pan_laughing,test
data\processed\augmented\01__outside_talking_pan_laughing\frame_0011_face_0_aug_2.jpg,01__outside_talking_pan_laughing\frame_0011_face_0_aug_2.jpg,01__outside_talking_pan_laughing,test
data\processed\augmented\01__outside_talking_pan_laughing\frame_0020_face_0_aug_1.jpg,01__outside_talking_pan_laughing\frame_0020_face_0_aug_1.jpg,01__outside_talking_pan_laughing,test
data\processed\augmented\01__outside_talking_pan_laughing\frame_0009_face_0_aug_1.jpg,01__outside_talking_pan_laughing\frame_0009_face_0_aug_1.jpg,01__outside_talking_pan_laughing,test
data\processed\augmented\01__outside_talking_pan_laughing\frame_0004_face_0_aug_0.jpg,01__outside_talking_pan_laughing\frame_0004_face_0_aug_0.jpg,01__outside_talking_pan_laughing,test
data\processed\augmented\01__outside_talking_pan_laughing\frame_0023_face_0_aug_0.jpg,01__outside_talking_pan_laughing\frame_0023_face_0_aug_0.jpg,01__outside_talking_pan_laughing,test
data\processed\augmented\01__outside_talking_pan_laughing\frame_0021_face_0_aug_1.jpg,01__outside_talking_pan_laughing\frame_0021_face_0_aug_1.jpg,01__outside_talking_pan_laughing,test
data\processed\augmented\01__outside_talking_pan_laughing\frame_0011_face_0_aug_1.jpg,01__outside_talking_pan_laughing\frame_0011_face_0_aug_1.jpg,01__outside_talking_pan_laughing,test
data\processed\augmented\01__outside_talking_pan_laughing\frame_0014_face_0_aug_0.jpg,01__outside_talking_pan_laughing\frame_0014_face_0_aug_0.jpg,01__outside_talking_pan_laughing,test
data\processed\augmented\01__outside_talking_still_laughing\frame_0013_face_0_aug_1.jpg,01__outside_talking_still_laughing\frame_0013_face_0_aug_1.jpg,01__outside_talking_still_laughing,test
data\processed\augmented\01__outside_talking_still_laughing\frame_0007_face_0_aug_1.jpg,01__outside_talking_still_laughing\frame_0007_face_0_aug_1.jpg,01__outside_talking_still_laughing,test
data\processed\augmented\01__outside_talking_still_laughing\frame_0018_face_0_aug_1.jpg,01__outside_talking_still_laughing\frame_0018_face_0_aug_1.jpg,01__outside_talking_still_laughing,test
data\processed\augmented\01__outside_talking_still_laughing\frame_0023_face_0_aug_1.jpg,01__outside_talking_still_laughing\frame_0023_face_0_aug_1.jpg,01__outside_talking_still_laughing,test
data\processed\augmented\01__outside_talking_still_laughing\frame_0000_face_0_aug_0.jpg,01__outside_talking_still_laughing\frame_0000_face_0_aug_0.jpg,01__outside_talking_still_laughing,test
data\processed\augmented\01__outside_talking_still_laughing\frame_0008_face_0_aug_2.jpg,01__outside_talking_still_laughing\frame_0008_face_0_aug_2.jpg,01__outside_talking_still_laughing,test
data\processed\augmented\01__outside_talking_still_laughing\frame_0013_face_0_aug_0.jpg,01__outside_talking_still_laughing\frame_0013_face_0_aug_0.jpg,01__outside_talking_still_laughing,test
data\processed\augmented\01__outside_talking_still_laughing\frame_0021_face_0_aug_2.jpg,01__outside_talking_still_laughing\frame_0021_face_0_aug_2.jpg,01__outside_talking_still_laughing,test
data\processed\augmented\01__outside_talking_still_laughing\frame_0003_face_0_aug_1.jpg,01__outside_talking_still_laughing\frame_0003_face_0_aug_1.jpg,01__outside_talking_still_laughing,test
data\processed\augmented\01__outside_talking_still_laughing\frame_0014_face_0_aug_2.jpg,01__outside_talking_still_laughing\frame_0014_face_0_aug_2.jpg,01__outside_talking_still_laughing,test
data\processed\augmented\01__outside_talking_still_laughing\frame_0027_face_0_aug_0.jpg,01__outside_talking_still_laughing\frame_0027_face_0_aug_0.jpg,01__outside_talking_still_laughing,test
data\processed\augmented\01__outside_talking_still_laughing\frame_0011_face_0_aug_2.jpg,01__outside_talking_still_laughing\frame_0011_face_0_aug_2.jpg,01__outside_talking_still_laughing,test
data\processed\augmented\01__outside_talking_still_laughing\frame_0018_face_0_aug_2.jpg,01__outside_talking_still_laughing\frame_0018_face_0_aug_2.jpg,01__outside_talking_still_laughing,test
data\processed\augmented\01__outside_talking_still_laughing\frame_0028_face_0_aug_2.jpg,01__outside_talking_still_laughing\frame_0028_face_0_aug_2.jpg,01__outside_talking_still_laughing,test
data\processed\augmented\01__walking_outside_cafe_disgusted\frame_0011_face_0_aug_1.jpg,01__walking_outside_cafe_disgusted\frame_0011_face_0_aug_1.jpg,01__walking_outside_cafe_disgusted,test
data\processed\augmented\01__walking_outside_cafe_disgusted\frame_0006_face_0_aug_0.jpg,01__walking_outside_cafe_disgusted\frame_0006_face_0_aug_0.jpg,01__walking_outside_cafe_disgusted,test
data\processed\augmented\01__walking_outside_cafe_disgusted\frame_0009_face_0_aug_2.jpg,01__walking_outside_cafe_disgusted\frame_0009_face_0_aug_2.jpg,01__walking_outside_cafe_disgusted,test
data\processed\augmented\01__walking_outside_cafe_disgusted\frame_0006_face_0_aug_2.jpg,01__walking_outside_cafe_disgusted\frame_0006_face_0_aug_2.jpg,01__walking_outside_cafe_disgusted,test
data\processed\augmented\01__walking_outside_cafe_disgusted\frame_0003_face_0_aug_2.jpg,01__walking_outside_cafe_disgusted\frame_0003_face_0_aug_2.jpg,01__walking_outside_cafe_disgusted,test
data\processed\augmented\020\frame_0009_face_0_aug_0.jpg,020\frame_0009_face_0_aug_0.jpg,020,test
data\processed\augmented\020\frame_0013_face_0_aug_1.jpg,020\frame_0013_face_0_aug_1.jpg,020,test
data\processed\augmented\020\frame_0008_face_0_aug_2.jpg,020\frame_0008_face_0_aug_2.jpg,020,test
data\processed\augmented\020\frame_0014_face_0_aug_1.jpg,020\frame_0014_face_0_aug_1.jpg,020,test
data\processed\augmented\020\frame_0008_face_0_aug_0.jpg,020\frame_0008_face_0_aug_0.jpg,020,test
data\processed\augmented\020\frame_0012_face_0_aug_1.jpg,020\frame_0012_face_0_aug_1.jpg,020,test
data\processed\augmented\020\frame_0004_face_0_aug_0.jpg,020\frame_0004_face_0_aug_0.jpg,020,test
data\processed\augmented\020\frame_0006_face_0_aug_1.jpg,020\frame_0006_face_0_aug_1.jpg,020,test
data\processed\augmented\021\frame_0016_face_0_aug_1.jpg,021\frame_0016_face_0_aug_1.jpg,021,test
data\processed\augmented\021\frame_0016_face_0_aug_0.jpg,021\frame_0016_face_0_aug_0.jpg,021,test
data\processed\augmented\022\frame_0011_face_0_aug_0.jpg,022\frame_0011_face_0_aug_0.jpg,022,test
data\processed\augmented\022\frame_0012_face_0_aug_0.jpg,022\frame_0012_face_0_aug_0.jpg,022,test
data\processed\augmented\022\frame_0001_face_0_aug_1.jpg,022\frame_0001_face_0_aug_1.jpg,022,test
data\processed\augmented\022\frame_0004_face_0_aug_1.jpg,022\frame_0004_face_0_aug_1.jpg,022,test
data\processed\augmented\022\frame_0010_face_0_aug_0.jpg,022\frame_0010_face_0_aug_0.jpg,022,test
data\processed\augmented\022\frame_0008_face_0_aug_2.jpg,022\frame_0008_face_0_aug_2.jpg,022,test
data\processed\augmented\023\frame_0007_face_0_aug_1.jpg,023\frame_0007_face_0_aug_1.jpg,023,test
data\processed\augmented\023\frame_0000_face_0_aug_0.jpg,023\frame_0000_face_0_aug_0.jpg,023,test
data\processed\augmented\023\frame_0015_face_0_aug_2.jpg,023\frame_0015_face_0_aug_2.jpg,023,test
data\processed\augmented\023\frame_0001_face_0_aug_1.jpg,023\frame_0001_face_0_aug_1.jpg,023,test
data\processed\augmented\023\frame_0017_face_0_aug_2.jpg,023\frame_0017_face_0_aug_2.jpg,023,test
data\processed\augmented\023\frame_0006_face_0_aug_0.jpg,023\frame_0006_face_0_aug_0.jpg,023,test
data\processed\augmented\023\frame_0003_face_0_aug_1.jpg,023\frame_0003_face_0_aug_1.jpg,023,test
data\processed\augmented\023\frame_0011_face_0_aug_0.jpg,023\frame_0011_face_0_aug_0.jpg,023,test
data\processed\augmented\023\frame_0014_face_0_aug_2.jpg,023\frame_0014_face_0_aug_2.jpg,023,test
data\processed\augmented\023\frame_0004_face_0_aug_0.jpg,023\frame_0004_face_0_aug_0.jpg,023,test
data\processed\augmented\023\frame_0010_face_0_aug_1.jpg,023\frame_0010_face_0_aug_1.jpg,023,test
data\processed\augmented\024\frame_0011_face_0_aug_2.jpg,024\frame_0011_face_0_aug_2.jpg,024,test
data\processed\augmented\024\frame_0004_face_0_aug_1.jpg,024\frame_0004_face_0_aug_1.jpg,024,test
data\processed\augmented\024\frame_0008_face_0_aug_2.jpg,024\frame_0008_face_0_aug_2.jpg,024,test
data\processed\augmented\024\frame_0010_face_0_aug_0.jpg,024\frame_0010_face_0_aug_0.jpg,024,test
data\processed\augmented\024\frame_0005_face_0_aug_1.jpg,024\frame_0005_face_0_aug_1.jpg,024,test
data\processed\augmented\024\frame_0010_face_0_aug_1.jpg,024\frame_0010_face_0_aug_1.jpg,024,test
data\processed\augmented\02__exit_phone_room\frame_0014_face_0_aug_2.jpg,02__exit_phone_room\frame_0014_face_0_aug_2.jpg,02__exit_phone_room,test
data\processed\augmented\02__exit_phone_room\frame_0007_face_0_aug_1.jpg,02__exit_phone_room\frame_0007_face_0_aug_1.jpg,02__exit_phone_room,test
data\processed\augmented\02__exit_phone_room\frame_0011_face_0_aug_2.jpg,02__exit_phone_room\frame_0011_face_0_aug_2.jpg,02__exit_phone_room,test
data\processed\augmented\02__exit_phone_room\frame_0013_face_0_aug_0.jpg,02__exit_phone_room\frame_0013_face_0_aug_0.jpg,02__exit_phone_room,test
data\processed\augmented\02__exit_phone_room\frame_0008_face_0_aug_1.jpg,02__exit_phone_room\frame_0008_face_0_aug_1.jpg,02__exit_phone_room,test
data\processed\augmented\02__exit_phone_room\frame_0013_face_0_aug_1.jpg,02__exit_phone_room\frame_0013_face_0_aug_1.jpg,02__exit_phone_room,test
data\processed\augmented\02__meeting_serious\frame_0013_face_0_aug_1.jpg,02__meeting_serious\frame_0013_face_0_aug_1.jpg,02__meeting_serious,test
data\processed\augmented\02__meeting_serious\frame_0007_face_0_aug_1.jpg,02__meeting_serious\frame_0007_face_0_aug_1.jpg,02__meeting_serious,test
data\processed\augmented\02__meeting_serious\frame_0018_face_0_aug_1.jpg,02__meeting_serious\frame_0018_face_0_aug_1.jpg,02__meeting_serious,test
data\processed\augmented\02__meeting_serious\frame_0023_face_0_aug_1.jpg,02__meeting_serious\frame_0023_face_0_aug_1.jpg,02__meeting_serious,test
data\processed\augmented\02__meeting_serious\frame_0000_face_0_aug_0.jpg,02__meeting_serious\frame_0000_face_0_aug_0.jpg,02__meeting_serious,test
data\processed\augmented\02__meeting_serious\frame_0008_face_0_aug_2.jpg,02__meeting_serious\frame_0008_face_0_aug_2.jpg,02__meeting_serious,test
data\processed\augmented\02__meeting_serious\frame_0013_face_0_aug_0.jpg,02__meeting_serious\frame_0013_face_0_aug_0.jpg,02__meeting_serious,test
data\processed\augmented\02__meeting_serious\frame_0021_face_0_aug_2.jpg,02__meeting_serious\frame_0021_face_0_aug_2.jpg,02__meeting_serious,test
data\processed\augmented\02__meeting_serious\frame_0003_face_0_aug_1.jpg,02__meeting_serious\frame_0003_face_0_aug_1.jpg,02__meeting_serious,test
data\processed\augmented\02__meeting_serious\frame_0014_face_0_aug_2.jpg,02__meeting_serious\frame_0014_face_0_aug_2.jpg,02__meeting_serious,test
data\processed\augmented\02__meeting_serious\frame_0027_face_0_aug_0.jpg,02__meeting_serious\frame_0027_face_0_aug_0.jpg,02__meeting_serious,test
data\processed\augmented\02__meeting_serious\frame_0011_face_0_aug_2.jpg,02__meeting_serious\frame_0011_face_0_aug_2.jpg,02__meeting_serious,test
data\processed\augmented\02__meeting_serious\frame_0018_face_0_aug_2.jpg,02__meeting_serious\frame_0018_face_0_aug_2.jpg,02__meeting_serious,test
data\processed\augmented\02__meeting_serious\frame_0028_face_0_aug_2.jpg,02__meeting_serious\frame_0028_face_0_aug_2.jpg,02__meeting_serious,test
data\processed\augmented\02__podium_speech_happy\frame_0013_face_0_aug_1.jpg,02__podium_speech_happy\frame_0013_face_0_aug_1.jpg,02__podium_speech_happy,test
data\processed\augmented\02__podium_speech_happy\frame_0007_face_0_aug_1.jpg,02__podium_speech_happy\frame_0007_face_0_aug_1.jpg,02__podium_speech_happy,test
data\processed\augmented\02__podium_speech_happy\frame_0018_face_0_aug_1.jpg,02__podium_speech_happy\frame_0018_face_0_aug_1.jpg,02__podium_speech_happy,test
data\processed\augmented\02__podium_speech_happy\frame_0023_face_0_aug_1.jpg,02__podium_speech_happy\frame_0023_face_0_aug_1.jpg,02__podium_speech_happy,test
data\processed\augmented\02__podium_speech_happy\frame_0000_face_0_aug_0.jpg,02__podium_speech_happy\frame_0000_face_0_aug_0.jpg,02__podium_speech_happy,test
data\processed\augmented\02__podium_speech_happy\frame_0008_face_0_aug_2.jpg,02__podium_speech_happy\frame_0008_face_0_aug_2.jpg,02__podium_speech_happy,test
data\processed\augmented\02__podium_speech_happy\frame_0013_face_0_aug_0.jpg,02__podium_speech_happy\frame_0013_face_0_aug_0.jpg,02__podium_speech_happy,test
data\processed\augmented\02__podium_speech_happy\frame_0021_face_0_aug_2.jpg,02__podium_speech_happy\frame_0021_face_0_aug_2.jpg,02__podium_speech_happy,test
data\processed\augmented\02__podium_speech_happy\frame_0003_face_0_aug_1.jpg,02__podium_speech_happy\frame_0003_face_0_aug_1.jpg,02__podium_speech_happy,test
data\processed\augmented\02__podium_speech_happy\frame_0014_face_0_aug_2.jpg,02__podium_speech_happy\frame_0014_face_0_aug_2.jpg,02__podium_speech_happy,test
data\processed\augmented\02__podium_speech_happy\frame_0027_face_0_aug_0.jpg,02__podium_speech_happy\frame_0027_face_0_aug_0.jpg,02__podium_speech_happy,test
data\processed\augmented\02__podium_speech_happy\frame_0011_face_0_aug_2.jpg,02__podium_speech_happy\frame_0011_face_0_aug_2.jpg,02__podium_speech_happy,test
data\processed\augmented\02__podium_speech_happy\frame_0018_face_0_aug_2.jpg,02__podium_speech_happy\frame_0018_face_0_aug_2.jpg,02__podium_speech_happy,test
data\processed\augmented\02__podium_speech_happy\frame_0028_face_0_aug_2.jpg,02__podium_speech_happy\frame_0028_face_0_aug_2.jpg,02__podium_speech_happy,test
data\processed\augmented\02__talking_against_wall\frame_0013_face_0_aug_1.jpg,02__talking_against_wall\frame_0013_face_0_aug_1.jpg,02__talking_against_wall,test
data\processed\augmented\02__talking_against_wall\frame_0007_face_0_aug_1.jpg,02__talking_against_wall\frame_0007_face_0_aug_1.jpg,02__talking_against_wall,test
data\processed\augmented\02__talking_against_wall\frame_0018_face_0_aug_1.jpg,02__talking_against_wall\frame_0018_face_0_aug_1.jpg,02__talking_against_wall,test
data\processed\augmented\02__talking_against_wall\frame_0023_face_0_aug_1.jpg,02__talking_against_wall\frame_0023_face_0_aug_1.jpg,02__talking_against_wall,test
data\processed\augmented\02__talking_against_wall\frame_0000_face_0_aug_0.jpg,02__talking_against_wall\frame_0000_face_0_aug_0.jpg,02__talking_against_wall,test
data\processed\augmented\02__talking_against_wall\frame_0008_face_0_aug_2.jpg,02__talking_against_wall\frame_0008_face_0_aug_2.jpg,02__talking_against_wall,test
data\processed\augmented\02__talking_against_wall\frame_0013_face_0_aug_0.jpg,02__talking_against_wall\frame_0013_face_0_aug_0.jpg,02__talking_against_wall,test
data\processed\augmented\02__talking_against_wall\frame_0021_face_0_aug_2.jpg,02__talking_against_wall\frame_0021_face_0_aug_2.jpg,02__talking_against_wall,test
data\processed\augmented\02__talking_against_wall\frame_0003_face_0_aug_1.jpg,02__talking_against_wall\frame_0003_face_0_aug_1.jpg,02__talking_against_wall,test
data\processed\augmented\02__talking_against_wall\frame_0014_face_0_aug_2.jpg,02__talking_against_wall\frame_0014_face_0_aug_2.jpg,02__talking_against_wall,test
data\processed\augmented\02__talking_against_wall\frame_0027_face_0_aug_0.jpg,02__talking_against_wall\frame_0027_face_0_aug_0.jpg,02__talking_against_wall,test
data\processed\augmented\02__talking_against_wall\frame_0011_face_0_aug_2.jpg,02__talking_against_wall\frame_0011_face_0_aug_2.jpg,02__talking_against_wall,test
data\processed\augmented\02__talking_against_wall\frame_0018_face_0_aug_2.jpg,02__talking_against_wall\frame_0018_face_0_aug_2.jpg,02__talking_against_wall,test
data\processed\augmented\02__talking_against_wall\frame_0028_face_0_aug_2.jpg,02__talking_against_wall\frame_0028_face_0_aug_2.jpg,02__talking_against_wall,test
data\processed\augmented\02__walking_and_outside_surprised\frame_0013_face_0_aug_1.jpg,02__walking_and_outside_surprised\frame_0013_face_0_aug_1.jpg,02__walking_and_outside_surprised,test
data\processed\augmented\02__walking_and_outside_surprised\frame_0007_face_0_aug_1.jpg,02__walking_and_outside_surprised\frame_0007_face_0_aug_1.jpg,02__walking_and_outside_surprised,test
data\processed\augmented\02__walking_and_outside_surprised\frame_0018_face_0_aug_1.jpg,02__walking_and_outside_surprised\frame_0018_face_0_aug_1.jpg,02__walking_and_outside_surprised,test
data\processed\augmented\02__walking_and_outside_surprised\frame_0023_face_0_aug_1.jpg,02__walking_and_outside_surprised\frame_0023_face_0_aug_1.jpg,02__walking_and_outside_surprised,test
data\processed\augmented\02__walking_and_outside_surprised\frame_0000_face_0_aug_0.jpg,02__walking_and_outside_surprised\frame_0000_face_0_aug_0.jpg,02__walking_and_outside_surprised,test
data\processed\augmented\02__walking_and_outside_surprised\frame_0008_face_0_aug_2.jpg,02__walking_and_outside_surprised\frame_0008_face_0_aug_2.jpg,02__walking_and_outside_surprised,test
data\processed\augmented\02__walking_and_outside_surprised\frame_0013_face_0_aug_0.jpg,02__walking_and_outside_surprised\frame_0013_face_0_aug_0.jpg,02__walking_and_outside_surprised,test
data\processed\augmented\02__walking_and_outside_surprised\frame_0021_face_0_aug_2.jpg,02__walking_and_outside_surprised\frame_0021_face_0_aug_2.jpg,02__walking_and_outside_surprised,test
data\processed\augmented\02__walking_and_outside_surprised\frame_0003_face_0_aug_1.jpg,02__walking_and_outside_surprised\frame_0003_face_0_aug_1.jpg,02__walking_and_outside_surprised,test
data\processed\augmented\02__walking_and_outside_surprised\frame_0014_face_0_aug_2.jpg,02__walking_and_outside_surprised\frame_0014_face_0_aug_2.jpg,02__walking_and_outside_surprised,test
data\processed\augmented\02__walking_and_outside_surprised\frame_0027_face_0_aug_0.jpg,02__walking_and_outside_surprised\frame_0027_face_0_aug_0.jpg,02__walking_and_outside_surprised,test
data\processed\augmented\02__walking_and_outside_surprised\frame_0011_face_0_aug_2.jpg,02__walking_and_outside_surprised\frame_0011_face_0_aug_2.jpg,02__walking_and_outside_surprised,test
data\processed\augmented\02__walking_and_outside_surprised\frame_0018_face_0_aug_2.jpg,02__walking_and_outside_surprised\frame_0018_face_0_aug_2.jpg,02__walking_and_outside_surprised,test
data\processed\augmented\02__walking_and_outside_surprised\frame_0028_face_0_aug_2.jpg,02__walking_and_outside_surprised\frame_0028_face_0_aug_2.jpg,02__walking_and_outside_surprised,test
data\processed\augmented\02__walking_down_indoor_hall_disgust\frame_0013_face_0_aug_1.jpg,02__walking_down_indoor_hall_disgust\frame_0013_face_0_aug_1.jpg,02__walking_down_indoor_hall_disgust,test
data\processed\augmented\02__walking_down_indoor_hall_disgust\frame_0007_face_0_aug_1.jpg,02__walking_down_indoor_hall_disgust\frame_0007_face_0_aug_1.jpg,02__walking_down_indoor_hall_disgust,test
data\processed\augmented\02__walking_down_indoor_hall_disgust\frame_0018_face_0_aug_1.jpg,02__walking_down_indoor_hall_disgust\frame_0018_face_0_aug_1.jpg,02__walking_down_indoor_hall_disgust,test
data\processed\augmented\02__walking_down_indoor_hall_disgust\frame_0023_face_0_aug_1.jpg,02__walking_down_indoor_hall_disgust\frame_0023_face_0_aug_1.jpg,02__walking_down_indoor_hall_disgust,test
data\processed\augmented\02__walking_down_indoor_hall_disgust\frame_0000_face_0_aug_0.jpg,02__walking_down_indoor_hall_disgust\frame_0000_face_0_aug_0.jpg,02__walking_down_indoor_hall_disgust,test
data\processed\augmented\02__walking_down_indoor_hall_disgust\frame_0008_face_0_aug_2.jpg,02__walking_down_indoor_hall_disgust\frame_0008_face_0_aug_2.jpg,02__walking_down_indoor_hall_disgust,test
data\processed\augmented\02__walking_down_indoor_hall_disgust\frame_0013_face_0_aug_0.jpg,02__walking_down_indoor_hall_disgust\frame_0013_face_0_aug_0.jpg,02__walking_down_indoor_hall_disgust,test
data\processed\augmented\02__walking_down_indoor_hall_disgust\frame_0021_face_0_aug_2.jpg,02__walking_down_indoor_hall_disgust\frame_0021_face_0_aug_2.jpg,02__walking_down_indoor_hall_disgust,test
data\processed\augmented\02__walking_down_indoor_hall_disgust\frame_0003_face_0_aug_1.jpg,02__walking_down_indoor_hall_disgust\frame_0003_face_0_aug_1.jpg,02__walking_down_indoor_hall_disgust,test
data\processed\augmented\02__walking_down_indoor_hall_disgust\frame_0014_face_0_aug_2.jpg,02__walking_down_indoor_hall_disgust\frame_0014_face_0_aug_2.jpg,02__walking_down_indoor_hall_disgust,test
data\processed\augmented\02__walking_down_indoor_hall_disgust\frame_0027_face_0_aug_0.jpg,02__walking_down_indoor_hall_disgust\frame_0027_face_0_aug_0.jpg,02__walking_down_indoor_hall_disgust,test
data\processed\augmented\02__walking_down_indoor_hall_disgust\frame_0011_face_0_aug_2.jpg,02__walking_down_indoor_hall_disgust\frame_0011_face_0_aug_2.jpg,02__walking_down_indoor_hall_disgust,test
data\processed\augmented\02__walking_down_indoor_hall_disgust\frame_0018_face_0_aug_2.jpg,02__walking_down_indoor_hall_disgust\frame_0018_face_0_aug_2.jpg,02__walking_down_indoor_hall_disgust,test
data\processed\augmented\02__walking_down_indoor_hall_disgust\frame_0028_face_0_aug_2.jpg,02__walking_down_indoor_hall_disgust\frame_0028_face_0_aug_2.jpg,02__walking_down_indoor_hall_disgust,test
data\processed\augmented\02__walking_down_street_outside_angry\frame_0029_face_0_aug_1.jpg,02__walking_down_street_outside_angry\frame_0029_face_0_aug_1.jpg,02__walking_down_street_outside_angry,test
data\processed\augmented\02__walking_down_street_outside_angry\frame_0028_face_0_aug_0.jpg,02__walking_down_street_outside_angry\frame_0028_face_0_aug_0.jpg,02__walking_down_street_outside_angry,test
data\processed\augmented\02__walking_down_street_outside_angry\frame_0009_face_0_aug_0.jpg,02__walking_down_street_outside_angry\frame_0009_face_0_aug_0.jpg,02__walking_down_street_outside_angry,test
data\processed\augmented\02__walking_down_street_outside_angry\frame_0023_face_0_aug_1.jpg,02__walking_down_street_outside_angry\frame_0023_face_0_aug_1.jpg,02__walking_down_street_outside_angry,test
data\processed\augmented\02__walking_down_street_outside_angry\frame_0010_face_0_aug_2.jpg,02__walking_down_street_outside_angry\frame_0010_face_0_aug_2.jpg,02__walking_down_street_outside_angry,test
data\processed\augmented\02__walking_down_street_outside_angry\frame_0021_face_0_aug_0.jpg,02__walking_down_street_outside_angry\frame_0021_face_0_aug_0.jpg,02__walking_down_street_outside_angry,test
data\processed\augmented\02__walking_down_street_outside_angry\frame_0014_face_0_aug_1.jpg,02__walking_down_street_outside_angry\frame_0014_face_0_aug_1.jpg,02__walking_down_street_outside_angry,test
data\processed\augmented\02__walking_down_street_outside_angry\frame_0013_face_0_aug_0.jpg,02__walking_down_street_outside_angry\frame_0013_face_0_aug_0.jpg,02__walking_down_street_outside_angry,test
data\processed\augmented\02__walking_down_street_outside_angry\frame_0017_face_0_aug_1.jpg,02__walking_down_street_outside_angry\frame_0017_face_0_aug_1.jpg,02__walking_down_street_outside_angry,test
data\processed\augmented\02__walking_down_street_outside_angry\frame_0029_face_0_aug_0.jpg,02__walking_down_street_outside_angry\frame_0029_face_0_aug_0.jpg,02__walking_down_street_outside_angry,test
data\processed\augmented\03__exit_phone_room\frame_0009_face_0_aug_1.jpg,03__exit_phone_room\frame_0009_face_0_aug_1.jpg,03__exit_phone_room,test
data\processed\augmented\03__exit_phone_room\frame_0002_face_0_aug_0.jpg,03__exit_phone_room\frame_0002_face_0_aug_0.jpg,03__exit_phone_room,test
data\processed\augmented\03__exit_phone_room\frame_0017_face_0_aug_2.jpg,03__exit_phone_room\frame_0017_face_0_aug_2.jpg,03__exit_phone_room,test
data\processed\augmented\03__exit_phone_room\frame_0003_face_0_aug_1.jpg,03__exit_phone_room\frame_0003_face_0_aug_1.jpg,03__exit_phone_room,test
data\processed\augmented\03__exit_phone_room\frame_0019_face_0_aug_2.jpg,03__exit_phone_room\frame_0019_face_0_aug_2.jpg,03__exit_phone_room,test
data\processed\augmented\03__exit_phone_room\frame_0008_face_0_aug_0.jpg,03__exit_phone_room\frame_0008_face_0_aug_0.jpg,03__exit_phone_room,test
data\processed\augmented\03__exit_phone_room\frame_0005_face_0_aug_1.jpg,03__exit_phone_room\frame_0005_face_0_aug_1.jpg,03__exit_phone_room,test
data\processed\augmented\03__exit_phone_room\frame_0013_face_0_aug_0.jpg,03__exit_phone_room\frame_0013_face_0_aug_0.jpg,03__exit_phone_room,test
data\processed\augmented\03__exit_phone_room\frame_0016_face_0_aug_2.jpg,03__exit_phone_room\frame_0016_face_0_aug_2.jpg,03__exit_phone_room,test
data\processed\augmented\03__exit_phone_room\frame_0006_face_0_aug_0.jpg,03__exit_phone_room\frame_0006_face_0_aug_0.jpg,03__exit_phone_room,test
data\processed\augmented\03__exit_phone_room\frame_0012_face_0_aug_1.jpg,03__exit_phone_room\frame_0012_face_0_aug_1.jpg,03__exit_phone_room,test
data\processed\augmented\03__hugging_happy\frame_0013_face_0_aug_1.jpg,03__hugging_happy\frame_0013_face_0_aug_1.jpg,03__hugging_happy,test
data\processed\augmented\03__hugging_happy\frame_0007_face_0_aug_1.jpg,03__hugging_happy\frame_0007_face_0_aug_1.jpg,03__hugging_happy,test
data\processed\augmented\03__hugging_happy\frame_0018_face_0_aug_1.jpg,03__hugging_happy\frame_0018_face_0_aug_1.jpg,03__hugging_happy,test
data\processed\augmented\03__hugging_happy\frame_0023_face_0_aug_1.jpg,03__hugging_happy\frame_0023_face_0_aug_1.jpg,03__hugging_happy,test
data\processed\augmented\03__hugging_happy\frame_0000_face_0_aug_0.jpg,03__hugging_happy\frame_0000_face_0_aug_0.jpg,03__hugging_happy,test
data\processed\augmented\03__hugging_happy\frame_0008_face_0_aug_2.jpg,03__hugging_happy\frame_0008_face_0_aug_2.jpg,03__hugging_happy,test
data\processed\augmented\03__hugging_happy\frame_0013_face_0_aug_0.jpg,03__hugging_happy\frame_0013_face_0_aug_0.jpg,03__hugging_happy,test
data\processed\augmented\03__hugging_happy\frame_0021_face_0_aug_2.jpg,03__hugging_happy\frame_0021_face_0_aug_2.jpg,03__hugging_happy,test
data\processed\augmented\03__hugging_happy\frame_0003_face_0_aug_1.jpg,03__hugging_happy\frame_0003_face_0_aug_1.jpg,03__hugging_happy,test
data\processed\augmented\03__hugging_happy\frame_0014_face_0_aug_2.jpg,03__hugging_happy\frame_0014_face_0_aug_2.jpg,03__hugging_happy,test
data\processed\augmented\03__hugging_happy\frame_0027_face_0_aug_0.jpg,03__hugging_happy\frame_0027_face_0_aug_0.jpg,03__hugging_happy,test
data\processed\augmented\03__hugging_happy\frame_0011_face_0_aug_2.jpg,03__hugging_happy\frame_0011_face_0_aug_2.jpg,03__hugging_happy,test
data\processed\augmented\03__hugging_happy\frame_0018_face_0_aug_2.jpg,03__hugging_happy\frame_0018_face_0_aug_2.jpg,03__hugging_happy,test
data\processed\augmented\03__hugging_happy\frame_0028_face_0_aug_2.jpg,03__hugging_happy\frame_0028_face_0_aug_2.jpg,03__hugging_happy,test
data\processed\augmented\03__meeting_serious\frame_0013_face_0_aug_1.jpg,03__meeting_serious\frame_0013_face_0_aug_1.jpg,03__meeting_serious,test
data\processed\augmented\03__meeting_serious\frame_0007_face_0_aug_1.jpg,03__meeting_serious\frame_0007_face_0_aug_1.jpg,03__meeting_serious,test
data\processed\augmented\03__meeting_serious\frame_0018_face_0_aug_1.jpg,03__meeting_serious\frame_0018_face_0_aug_1.jpg,03__meeting_serious,test
data\processed\augmented\03__meeting_serious\frame_0023_face_0_aug_1.jpg,03__meeting_serious\frame_0023_face_0_aug_1.jpg,03__meeting_serious,test
data\processed\augmented\03__meeting_serious\frame_0000_face_0_aug_0.jpg,03__meeting_serious\frame_0000_face_0_aug_0.jpg,03__meeting_serious,test
data\processed\augmented\03__meeting_serious\frame_0008_face_0_aug_2.jpg,03__meeting_serious\frame_0008_face_0_aug_2.jpg,03__meeting_serious,test
data\processed\augmented\03__meeting_serious\frame_0013_face_0_aug_0.jpg,03__meeting_serious\frame_0013_face_0_aug_0.jpg,03__meeting_serious,test
data\processed\augmented\03__meeting_serious\frame_0021_face_0_aug_2.jpg,03__meeting_serious\frame_0021_face_0_aug_2.jpg,03__meeting_serious,test
data\processed\augmented\03__meeting_serious\frame_0003_face_0_aug_1.jpg,03__meeting_serious\frame_0003_face_0_aug_1.jpg,03__meeting_serious,test
data\processed\augmented\03__meeting_serious\frame_0014_face_0_aug_2.jpg,03__meeting_serious\frame_0014_face_0_aug_2.jpg,03__meeting_serious,test
data\processed\augmented\03__meeting_serious\frame_0027_face_0_aug_0.jpg,03__meeting_serious\frame_0027_face_0_aug_0.jpg,03__meeting_serious,test
data\processed\augmented\03__meeting_serious\frame_0011_face_0_aug_2.jpg,03__meeting_serious\frame_0011_face_0_aug_2.jpg,03__meeting_serious,test
data\processed\augmented\03__meeting_serious\frame_0018_face_0_aug_2.jpg,03__meeting_serious\frame_0018_face_0_aug_2.jpg,03__meeting_serious,test
data\processed\augmented\03__meeting_serious\frame_0028_face_0_aug_2.jpg,03__meeting_serious\frame_0028_face_0_aug_2.jpg,03__meeting_serious,test
data\processed\augmented\03__outside_talking_pan_laughing\frame_0013_face_0_aug_1.jpg,03__outside_talking_pan_laughing\frame_0013_face_0_aug_1.jpg,03__outside_talking_pan_laughing,test
data\processed\augmented\03__outside_talking_pan_laughing\frame_0007_face_0_aug_1.jpg,03__outside_talking_pan_laughing\frame_0007_face_0_aug_1.jpg,03__outside_talking_pan_laughing,test
data\processed\augmented\03__outside_talking_pan_laughing\frame_0018_face_0_aug_1.jpg,03__outside_talking_pan_laughing\frame_0018_face_0_aug_1.jpg,03__outside_talking_pan_laughing,test
data\processed\augmented\03__outside_talking_pan_laughing\frame_0023_face_0_aug_1.jpg,03__outside_talking_pan_laughing\frame_0023_face_0_aug_1.jpg,03__outside_talking_pan_laughing,test
data\processed\augmented\03__outside_talking_pan_laughing\frame_0000_face_0_aug_0.jpg,03__outside_talking_pan_laughing\frame_0000_face_0_aug_0.jpg,03__outside_talking_pan_laughing,test
data\processed\augmented\03__outside_talking_pan_laughing\frame_0008_face_0_aug_2.jpg,03__outside_talking_pan_laughing\frame_0008_face_0_aug_2.jpg,03__outside_talking_pan_laughing,test
data\processed\augmented\03__outside_talking_pan_laughing\frame_0013_face_0_aug_0.jpg,03__outside_talking_pan_laughing\frame_0013_face_0_aug_0.jpg,03__outside_talking_pan_laughing,test
data\processed\augmented\03__outside_talking_pan_laughing\frame_0021_face_0_aug_2.jpg,03__outside_talking_pan_laughing\frame_0021_face_0_aug_2.jpg,03__outside_talking_pan_laughing,test
data\processed\augmented\03__outside_talking_pan_laughing\frame_0003_face_0_aug_1.jpg,03__outside_talking_pan_laughing\frame_0003_face_0_aug_1.jpg,03__outside_talking_pan_laughing,test
data\processed\augmented\03__outside_talking_pan_laughing\frame_0014_face_0_aug_2.jpg,03__outside_talking_pan_laughing\frame_0014_face_0_aug_2.jpg,03__outside_talking_pan_laughing,test
data\processed\augmented\03__outside_talking_pan_laughing\frame_0027_face_0_aug_0.jpg,03__outside_talking_pan_laughing\frame_0027_face_0_aug_0.jpg,03__outside_talking_pan_laughing,test
data\processed\augmented\03__outside_talking_pan_laughing\frame_0011_face_0_aug_2.jpg,03__outside_talking_pan_laughing\frame_0011_face_0_aug_2.jpg,03__outside_talking_pan_laughing,test
data\processed\augmented\03__outside_talking_pan_laughing\frame_0018_face_0_aug_2.jpg,03__outside_talking_pan_laughing\frame_0018_face_0_aug_2.jpg,03__outside_talking_pan_laughing,test
data\processed\augmented\03__outside_talking_pan_laughing\frame_0028_face_0_aug_2.jpg,03__outside_talking_pan_laughing\frame_0028_face_0_aug_2.jpg,03__outside_talking_pan_laughing,test
data\processed\augmented\03__outside_talking_still_laughing\frame_0013_face_0_aug_1.jpg,03__outside_talking_still_laughing\frame_0013_face_0_aug_1.jpg,03__outside_talking_still_laughing,test
data\processed\augmented\03__outside_talking_still_laughing\frame_0007_face_0_aug_1.jpg,03__outside_talking_still_laughing\frame_0007_face_0_aug_1.jpg,03__outside_talking_still_laughing,test
data\processed\augmented\03__outside_talking_still_laughing\frame_0018_face_0_aug_1.jpg,03__outside_talking_still_laughing\frame_0018_face_0_aug_1.jpg,03__outside_talking_still_laughing,test
data\processed\augmented\03__outside_talking_still_laughing\frame_0023_face_0_aug_1.jpg,03__outside_talking_still_laughing\frame_0023_face_0_aug_1.jpg,03__outside_talking_still_laughing,test
data\processed\augmented\03__outside_talking_still_laughing\frame_0000_face_0_aug_0.jpg,03__outside_talking_still_laughing\frame_0000_face_0_aug_0.jpg,03__outside_talking_still_laughing,test
data\processed\augmented\03__outside_talking_still_laughing\frame_0008_face_0_aug_2.jpg,03__outside_talking_still_laughing\frame_0008_face_0_aug_2.jpg,03__outside_talking_still_laughing,test
data\processed\augmented\03__outside_talking_still_laughing\frame_0013_face_0_aug_0.jpg,03__outside_talking_still_laughing\frame_0013_face_0_aug_0.jpg,03__outside_talking_still_laughing,test
data\processed\augmented\03__outside_talking_still_laughing\frame_0021_face_0_aug_2.jpg,03__outside_talking_still_laughing\frame_0021_face_0_aug_2.jpg,03__outside_talking_still_laughing,test
data\processed\augmented\03__outside_talking_still_laughing\frame_0003_face_0_aug_1.jpg,03__outside_talking_still_laughing\frame_0003_face_0_aug_1.jpg,03__outside_talking_still_laughing,test
data\processed\augmented\03__outside_talking_still_laughing\frame_0014_face_0_aug_2.jpg,03__outside_talking_still_laughing\frame_0014_face_0_aug_2.jpg,03__outside_talking_still_laughing,test
data\processed\augmented\03__outside_talking_still_laughing\frame_0027_face_0_aug_0.jpg,03__outside_talking_still_laughing\frame_0027_face_0_aug_0.jpg,03__outside_talking_still_laughing,test
data\processed\augmented\03__outside_talking_still_laughing\frame_0011_face_0_aug_2.jpg,03__outside_talking_still_laughing\frame_0011_face_0_aug_2.jpg,03__outside_talking_still_laughing,test
data\processed\augmented\03__outside_talking_still_laughing\frame_0018_face_0_aug_2.jpg,03__outside_talking_still_laughing\frame_0018_face_0_aug_2.jpg,03__outside_talking_still_laughing,test
data\processed\augmented\03__outside_talking_still_laughing\frame_0028_face_0_aug_2.jpg,03__outside_talking_still_laughing\frame_0028_face_0_aug_2.jpg,03__outside_talking_still_laughing,test
data\processed\augmented\03__podium_speech_happy\frame_0013_face_0_aug_1.jpg,03__podium_speech_happy\frame_0013_face_0_aug_1.jpg,03__podium_speech_happy,test
data\processed\augmented\03__podium_speech_happy\frame_0007_face_0_aug_1.jpg,03__podium_speech_happy\frame_0007_face_0_aug_1.jpg,03__podium_speech_happy,test
data\processed\augmented\03__podium_speech_happy\frame_0018_face_0_aug_1.jpg,03__podium_speech_happy\frame_0018_face_0_aug_1.jpg,03__podium_speech_happy,test
data\processed\augmented\03__podium_speech_happy\frame_0023_face_0_aug_1.jpg,03__podium_speech_happy\frame_0023_face_0_aug_1.jpg,03__podium_speech_happy,test
data\processed\augmented\03__podium_speech_happy\frame_0000_face_0_aug_0.jpg,03__podium_speech_happy\frame_0000_face_0_aug_0.jpg,03__podium_speech_happy,test
data\processed\augmented\03__podium_speech_happy\frame_0008_face_0_aug_2.jpg,03__podium_speech_happy\frame_0008_face_0_aug_2.jpg,03__podium_speech_happy,test
data\processed\augmented\03__podium_speech_happy\frame_0013_face_0_aug_0.jpg,03__podium_speech_happy\frame_0013_face_0_aug_0.jpg,03__podium_speech_happy,test
data\processed\augmented\03__podium_speech_happy\frame_0021_face_0_aug_2.jpg,03__podium_speech_happy\frame_0021_face_0_aug_2.jpg,03__podium_speech_happy,test
data\processed\augmented\03__podium_speech_happy\frame_0003_face_0_aug_1.jpg,03__podium_speech_happy\frame_0003_face_0_aug_1.jpg,03__podium_speech_happy,test
data\processed\augmented\03__podium_speech_happy\frame_0014_face_0_aug_2.jpg,03__podium_speech_happy\frame_0014_face_0_aug_2.jpg,03__podium_speech_happy,test
data\processed\augmented\03__podium_speech_happy\frame_0027_face_0_aug_0.jpg,03__podium_speech_happy\frame_0027_face_0_aug_0.jpg,03__podium_speech_happy,test
data\processed\augmented\03__podium_speech_happy\frame_0011_face_0_aug_2.jpg,03__podium_speech_happy\frame_0011_face_0_aug_2.jpg,03__podium_speech_happy,test
data\processed\augmented\03__podium_speech_happy\frame_0018_face_0_aug_2.jpg,03__podium_speech_happy\frame_0018_face_0_aug_2.jpg,03__podium_speech_happy,test
data\processed\augmented\03__podium_speech_happy\frame_0028_face_0_aug_2.jpg,03__podium_speech_happy\frame_0028_face_0_aug_2.jpg,03__podium_speech_happy,test
data\processed\augmented\03__secret_conversation\frame_0013_face_0_aug_1.jpg,03__secret_conversation\frame_0013_face_0_aug_1.jpg,03__secret_conversation,test
data\processed\augmented\03__secret_conversation\frame_0007_face_0_aug_1.jpg,03__secret_conversation\frame_0007_face_0_aug_1.jpg,03__secret_conversation,test
data\processed\augmented\03__secret_conversation\frame_0018_face_0_aug_1.jpg,03__secret_conversation\frame_0018_face_0_aug_1.jpg,03__secret_conversation,test
data\processed\augmented\03__secret_conversation\frame_0023_face_0_aug_1.jpg,03__secret_conversation\frame_0023_face_0_aug_1.jpg,03__secret_conversation,test
data\processed\augmented\03__secret_conversation\frame_0000_face_0_aug_0.jpg,03__secret_conversation\frame_0000_face_0_aug_0.jpg,03__secret_conversation,test
data\processed\augmented\03__secret_conversation\frame_0008_face_0_aug_2.jpg,03__secret_conversation\frame_0008_face_0_aug_2.jpg,03__secret_conversation,test
data\processed\augmented\03__secret_conversation\frame_0013_face_0_aug_0.jpg,03__secret_conversation\frame_0013_face_0_aug_0.jpg,03__secret_conversation,test
data\processed\augmented\03__secret_conversation\frame_0021_face_0_aug_2.jpg,03__secret_conversation\frame_0021_face_0_aug_2.jpg,03__secret_conversation,test
data\processed\augmented\03__secret_conversation\frame_0003_face_0_aug_1.jpg,03__secret_conversation\frame_0003_face_0_aug_1.jpg,03__secret_conversation,test
data\processed\augmented\03__secret_conversation\frame_0014_face_0_aug_2.jpg,03__secret_conversation\frame_0014_face_0_aug_2.jpg,03__secret_conversation,test
data\processed\augmented\03__secret_conversation\frame_0027_face_0_aug_0.jpg,03__secret_conversation\frame_0027_face_0_aug_0.jpg,03__secret_conversation,test
data\processed\augmented\03__secret_conversation\frame_0011_face_0_aug_2.jpg,03__secret_conversation\frame_0011_face_0_aug_2.jpg,03__secret_conversation,test
data\processed\augmented\03__secret_conversation\frame_0018_face_0_aug_2.jpg,03__secret_conversation\frame_0018_face_0_aug_2.jpg,03__secret_conversation,test
data\processed\augmented\03__secret_conversation\frame_0028_face_0_aug_2.jpg,03__secret_conversation\frame_0028_face_0_aug_2.jpg,03__secret_conversation,test
data\processed\augmented\03__walking_and_outside_surprised\frame_0013_face_0_aug_1.jpg,03__walking_and_outside_surprised\frame_0013_face_0_aug_1.jpg,03__walking_and_outside_surprised,test
data\processed\augmented\03__walking_and_outside_surprised\frame_0007_face_0_aug_1.jpg,03__walking_and_outside_surprised\frame_0007_face_0_aug_1.jpg,03__walking_and_outside_surprised,test
data\processed\augmented\03__walking_and_outside_surprised\frame_0018_face_0_aug_1.jpg,03__walking_and_outside_surprised\frame_0018_face_0_aug_1.jpg,03__walking_and_outside_surprised,test
data\processed\augmented\03__walking_and_outside_surprised\frame_0023_face_0_aug_1.jpg,03__walking_and_outside_surprised\frame_0023_face_0_aug_1.jpg,03__walking_and_outside_surprised,test
data\processed\augmented\03__walking_and_outside_surprised\frame_0000_face_0_aug_0.jpg,03__walking_and_outside_surprised\frame_0000_face_0_aug_0.jpg,03__walking_and_outside_surprised,test
data\processed\augmented\03__walking_and_outside_surprised\frame_0008_face_0_aug_2.jpg,03__walking_and_outside_surprised\frame_0008_face_0_aug_2.jpg,03__walking_and_outside_surprised,test
data\processed\augmented\03__walking_and_outside_surprised\frame_0013_face_0_aug_0.jpg,03__walking_and_outside_surprised\frame_0013_face_0_aug_0.jpg,03__walking_and_outside_surprised,test
data\processed\augmented\03__walking_and_outside_surprised\frame_0021_face_0_aug_2.jpg,03__walking_and_outside_surprised\frame_0021_face_0_aug_2.jpg,03__walking_and_outside_surprised,test
data\processed\augmented\03__walking_and_outside_surprised\frame_0003_face_0_aug_1.jpg,03__walking_and_outside_surprised\frame_0003_face_0_aug_1.jpg,03__walking_and_outside_surprised,test
data\processed\augmented\03__walking_and_outside_surprised\frame_0014_face_0_aug_2.jpg,03__walking_and_outside_surprised\frame_0014_face_0_aug_2.jpg,03__walking_and_outside_surprised,test
data\processed\augmented\03__walking_and_outside_surprised\frame_0027_face_0_aug_0.jpg,03__walking_and_outside_surprised\frame_0027_face_0_aug_0.jpg,03__walking_and_outside_surprised,test
data\processed\augmented\03__walking_and_outside_surprised\frame_0011_face_0_aug_2.jpg,03__walking_and_outside_surprised\frame_0011_face_0_aug_2.jpg,03__walking_and_outside_surprised,test
data\processed\augmented\03__walking_and_outside_surprised\frame_0018_face_0_aug_2.jpg,03__walking_and_outside_surprised\frame_0018_face_0_aug_2.jpg,03__walking_and_outside_surprised,test
data\processed\augmented\03__walking_and_outside_surprised\frame_0028_face_0_aug_2.jpg,03__walking_and_outside_surprised\frame_0028_face_0_aug_2.jpg,03__walking_and_outside_surprised,test
data\processed\augmented\03__walking_outside_cafe_disgusted\frame_0025_face_0_aug_1.jpg,03__walking_outside_cafe_disgusted\frame_0025_face_0_aug_1.jpg,03__walking_outside_cafe_disgusted,test
data\processed\augmented\03__walking_outside_cafe_disgusted\frame_0001_face_0_aug_0.jpg,03__walking_outside_cafe_disgusted\frame_0001_face_0_aug_0.jpg,03__walking_outside_cafe_disgusted,test
data\processed\augmented\03__walking_outside_cafe_disgusted\frame_0020_face_0_aug_1.jpg,03__walking_outside_cafe_disgusted\frame_0020_face_0_aug_1.jpg,03__walking_outside_cafe_disgusted,test
data\processed\augmented\03__walking_outside_cafe_disgusted\frame_0008_face_0_aug_1.jpg,03__walking_outside_cafe_disgusted\frame_0008_face_0_aug_1.jpg,03__walking_outside_cafe_disgusted,test
data\processed\augmented\03__walking_outside_cafe_disgusted\frame_0005_face_0_aug_0.jpg,03__walking_outside_cafe_disgusted\frame_0005_face_0_aug_0.jpg,03__walking_outside_cafe_disgusted,test
data\processed\augmented\03__walking_outside_cafe_disgusted\frame_0024_face_0_aug_1.jpg,03__walking_outside_cafe_disgusted\frame_0024_face_0_aug_1.jpg,03__walking_outside_cafe_disgusted,test
data\processed\augmented\03__walking_outside_cafe_disgusted\frame_0004_face_0_aug_1.jpg,03__walking_outside_cafe_disgusted\frame_0004_face_0_aug_1.jpg,03__walking_outside_cafe_disgusted,test
data\processed\augmented\03__walking_outside_cafe_disgusted\frame_0007_face_0_aug_0.jpg,03__walking_outside_cafe_disgusted\frame_0007_face_0_aug_0.jpg,03__walking_outside_cafe_disgusted,test
data\processed\augmented\03__walking_outside_cafe_disgusted\frame_0002_face_0_aug_1.jpg,03__walking_outside_cafe_disgusted\frame_0002_face_0_aug_1.jpg,03__walking_outside_cafe_disgusted,test
data\processed\augmented\03__walking_outside_cafe_disgusted\frame_0022_face_0_aug_2.jpg,03__walking_outside_cafe_disgusted\frame_0022_face_0_aug_2.jpg,03__walking_outside_cafe_disgusted,test
data\processed\augmented\03__walking_outside_cafe_disgusted\frame_0014_face_0_aug_1.jpg,03__walking_outside_cafe_disgusted\frame_0014_face_0_aug_1.jpg,03__walking_outside_cafe_disgusted,test
data\processed\augmented\03__walking_outside_cafe_disgusted\frame_0016_face_0_aug_2.jpg,03__walking_outside_cafe_disgusted\frame_0016_face_0_aug_2.jpg,03__walking_outside_cafe_disgusted,test
data\processed\augmented\03__walking_outside_cafe_disgusted\frame_0012_face_0_aug_2.jpg,03__walking_outside_cafe_disgusted\frame_0012_face_0_aug_2.jpg,03__walking_outside_cafe_disgusted,test
data\processed\augmented\03__walk_down_hall_angry\frame_0005_face_0_aug_0.jpg,03__walk_down_hall_angry\frame_0005_face_0_aug_0.jpg,03__walk_down_hall_angry,test
data\processed\augmented\03__walk_down_hall_angry\frame_0006_face_0_aug_2.jpg,03__walk_down_hall_angry\frame_0006_face_0_aug_2.jpg,03__walk_down_hall_angry,test
data\processed\augmented\03__walk_down_hall_angry\frame_0015_face_0_aug_0.jpg,03__walk_down_hall_angry\frame_0015_face_0_aug_0.jpg,03__walk_down_hall_angry,test
data\processed\augmented\03__walk_down_hall_angry\frame_0009_face_0_aug_1.jpg,03__walk_down_hall_angry\frame_0009_face_0_aug_1.jpg,03__walk_down_hall_angry,test
data\processed\augmented\03__walk_down_hall_angry\frame_0016_face_0_aug_1.jpg,03__walk_down_hall_angry\frame_0016_face_0_aug_1.jpg,03__walk_down_hall_angry,test
data\processed\augmented\03__walk_down_hall_angry\frame_0023_face_0_aug_1.jpg,03__walk_down_hall_angry\frame_0023_face_0_aug_1.jpg,03__walk_down_hall_angry,test
data\processed\augmented\03__walk_down_hall_angry\frame_0014_face_0_aug_0.jpg,03__walk_down_hall_angry\frame_0014_face_0_aug_0.jpg,03__walk_down_hall_angry,test
data\processed\augmented\03__walk_down_hall_angry\frame_0015_face_0_aug_1.jpg,03__walk_down_hall_angry\frame_0015_face_0_aug_1.jpg,03__walk_down_hall_angry,test
data\processed\augmented\03__walk_down_hall_angry\frame_0020_face_0_aug_0.jpg,03__walk_down_hall_angry\frame_0020_face_0_aug_0.jpg,03__walk_down_hall_angry,test
data\processed\augmented\04__podium_speech_happy\frame_0013_face_0_aug_1.jpg,04__podium_speech_happy\frame_0013_face_0_aug_1.jpg,04__podium_speech_happy,test
data\processed\augmented\04__podium_speech_happy\frame_0007_face_0_aug_1.jpg,04__podium_speech_happy\frame_0007_face_0_aug_1.jpg,04__podium_speech_happy,test
data\processed\augmented\04__podium_speech_happy\frame_0018_face_0_aug_1.jpg,04__podium_speech_happy\frame_0018_face_0_aug_1.jpg,04__podium_speech_happy,test
data\processed\augmented\04__podium_speech_happy\frame_0023_face_0_aug_1.jpg,04__podium_speech_happy\frame_0023_face_0_aug_1.jpg,04__podium_speech_happy,test
data\processed\augmented\04__podium_speech_happy\frame_0000_face_0_aug_0.jpg,04__podium_speech_happy\frame_0000_face_0_aug_0.jpg,04__podium_speech_happy,test
data\processed\augmented\04__podium_speech_happy\frame_0008_face_0_aug_2.jpg,04__podium_speech_happy\frame_0008_face_0_aug_2.jpg,04__podium_speech_happy,test
data\processed\augmented\04__podium_speech_happy\frame_0013_face_0_aug_0.jpg,04__podium_speech_happy\frame_0013_face_0_aug_0.jpg,04__podium_speech_happy,test
data\processed\augmented\04__podium_speech_happy\frame_0021_face_0_aug_2.jpg,04__podium_speech_happy\frame_0021_face_0_aug_2.jpg,04__podium_speech_happy,test
data\processed\augmented\04__podium_speech_happy\frame_0003_face_0_aug_1.jpg,04__podium_speech_happy\frame_0003_face_0_aug_1.jpg,04__podium_speech_happy,test
data\processed\augmented\04__podium_speech_happy\frame_0014_face_0_aug_2.jpg,04__podium_speech_happy\frame_0014_face_0_aug_2.jpg,04__podium_speech_happy,test
data\processed\augmented\04__podium_speech_happy\frame_0027_face_0_aug_0.jpg,04__podium_speech_happy\frame_0027_face_0_aug_0.jpg,04__podium_speech_happy,test
data\processed\augmented\04__podium_speech_happy\frame_0011_face_0_aug_2.jpg,04__podium_speech_happy\frame_0011_face_0_aug_2.jpg,04__podium_speech_happy,test
data\processed\augmented\04__podium_speech_happy\frame_0018_face_0_aug_2.jpg,04__podium_speech_happy\frame_0018_face_0_aug_2.jpg,04__podium_speech_happy,test
data\processed\augmented\04__podium_speech_happy\frame_0028_face_0_aug_2.jpg,04__podium_speech_happy\frame_0028_face_0_aug_2.jpg,04__podium_speech_happy,test
data\processed\augmented\04__walk_down_hall_angry\frame_0008_face_0_aug_2.jpg,04__walk_down_hall_angry\frame_0008_face_0_aug_2.jpg,04__walk_down_hall_angry,test
data\processed\augmented\04__walk_down_hall_angry\frame_0011_face_0_aug_1.jpg,04__walk_down_hall_angry\frame_0011_face_0_aug_1.jpg,04__walk_down_hall_angry,test
data\processed\augmented\04__walk_down_hall_angry\frame_0006_face_0_aug_0.jpg,04__walk_down_hall_angry\frame_0006_face_0_aug_0.jpg,04__walk_down_hall_angry,test
data\processed\augmented\04__walk_down_hall_angry\frame_0012_face_0_aug_0.jpg,04__walk_down_hall_angry\frame_0012_face_0_aug_0.jpg,04__walk_down_hall_angry,test
